id,song_path,hum_path
001f2be7054f1b28,song/001f2be7054f1b28_1_2fa58bb99cf6c301.mp3,hum/001f2be7054f1b28_1_d606fadbb07d9a48.wav
001f2be7054f1b28,song/001f2be7054f1b28_1_2fa58bb99cf6c301.mp3,hum/001f2be7054f1b28_1_616d2185f49090d4.wav
001f2be7054f1b28,song/001f2be7054f1b28_1_2fa58bb99cf6c301.mp3,hum/001f2be7054f1b28_1_9da4fcda15169156.wav
001f2be7054f1b28,song/001f2be7054f1b28_1_2fa58bb99cf6c301.mp3,hum/001f2be7054f1b28_1_a3d1a095cc2d9b66.wav
001f2be7054f1b28,song/001f2be7054f1b28_1_2fa58bb99cf6c301.mp3,hum/001f2be7054f1b28_1_8ebf470b2c5dd9d9.wav
02064d84d52b1f83,song/02064d84d52b1f83_1_3e82a55c20d0cb86.mp3,hum/02064d84d52b1f83_1_c915f2d1480b759a.wav
02064d84d52b1f83,song/02064d84d52b1f83_1_3e82a55c20d0cb86.mp3,hum/02064d84d52b1f83_1_b284f375bbe1c914.wav
02064d84d52b1f83,song/02064d84d52b1f83_1_3e82a55c20d0cb86.mp3,hum/02064d84d52b1f83_1_7a7425fe9f826d41.wav
02064d84d52b1f83,song/02064d84d52b1f83_1_3e82a55c20d0cb86.mp3,hum/02064d84d52b1f83_1_2d82b64bca5390a0.wav
02064d84d52b1f83,song/02064d84d52b1f83_2_0ab98cf955926818.mp3,hum/02064d84d52b1f83_2_3c4550e02d80ee27.wav
02064d84d52b1f83,song/02064d84d52b1f83_2_0ab98cf955926818.mp3,hum/02064d84d52b1f83_2_1aa5dd2c05290ffd.wav
02064d84d52b1f83,song/02064d84d52b1f83_2_0ab98cf955926818.mp3,hum/02064d84d52b1f83_2_752c26ad466cff2d.wav
02064d84d52b1f83,song/02064d84d52b1f83_2_0ab98cf955926818.mp3,hum/02064d84d52b1f83_2_9f4b01430126f05b.wav
02064d84d52b1f83,song/02064d84d52b1f83_2_0ab98cf955926818.mp3,hum/02064d84d52b1f83_2_f4ce6b558d696f5b.wav
02064d84d52b1f83,song/02064d84d52b1f83_2_0ab98cf955926818.mp3,hum/02064d84d52b1f83_2_95c2e876e64473b2.wav
02064d84d52b1f83,song/02064d84d52b1f83_2_0ab98cf955926818.mp3,hum/02064d84d52b1f83_2_c7c27d7826355d31.wav
02064d84d52b1f83,song/02064d84d52b1f83_2_0ab98cf955926818.mp3,hum/02064d84d52b1f83_2_b0d6c93b21a8c66a.wav
02064d84d52b1f83,song/02064d84d52b1f83_2_0ab98cf955926818.mp3,hum/02064d84d52b1f83_2_9847c32e9c14103d.wav
02064d84d52b1f83,song/02064d84d52b1f83_3_604f637709b8c9e2.mp3,hum/02064d84d52b1f83_3_967f6099a471254f.wav
02064d84d52b1f83,song/02064d84d52b1f83_3_604f637709b8c9e2.mp3,hum/02064d84d52b1f83_3_c92abe7323b02b64.wav
02064d84d52b1f83,song/02064d84d52b1f83_3_604f637709b8c9e2.mp3,hum/02064d84d52b1f83_3_11025f275c913c2e.wav
02064d84d52b1f83,song/02064d84d52b1f83_3_604f637709b8c9e2.mp3,hum/02064d84d52b1f83_3_8b28e23b73f0e949.wav
02064d84d52b1f83,song/02064d84d52b1f83_3_604f637709b8c9e2.mp3,hum/02064d84d52b1f83_3_fd0519380793135d.wav
02064d84d52b1f83,song/02064d84d52b1f83_3_604f637709b8c9e2.mp3,hum/02064d84d52b1f83_3_7fe207b056b90a09.wav
02064d84d52b1f83,song/02064d84d52b1f83_4_a60f45689414ce06.mp3,hum/02064d84d52b1f83_4_295dac28467166da.wav
02064d84d52b1f83,song/02064d84d52b1f83_4_a60f45689414ce06.mp3,hum/02064d84d52b1f83_4_c586054bba8a85d7.wav
02064d84d52b1f83,song/02064d84d52b1f83_4_a60f45689414ce06.mp3,hum/02064d84d52b1f83_4_4ec37225f70c0586.wav
02064d84d52b1f83,song/02064d84d52b1f83_5_1e39b74bc0ac12ad.mp3,hum/02064d84d52b1f83_5_b6b0066d33571278.wav
02064d84d52b1f83,song/02064d84d52b1f83_5_1e39b74bc0ac12ad.mp3,hum/02064d84d52b1f83_5_869b058c31b48976.wav
02064d84d52b1f83,song/02064d84d52b1f83_5_1e39b74bc0ac12ad.mp3,hum/02064d84d52b1f83_5_cdb1128d6730e7db.wav
02064d84d52b1f83,song/02064d84d52b1f83_5_1e39b74bc0ac12ad.mp3,hum/02064d84d52b1f83_5_22a88afb0faaa281.wav
02064d84d52b1f83,song/02064d84d52b1f83_5_1e39b74bc0ac12ad.mp3,hum/02064d84d52b1f83_5_fe7522861683ad58.wav
04154c76eacfde72,song/04154c76eacfde72_1_8441410c2cab3239.mp3,hum/04154c76eacfde72_1_c7bedaa00770822e.wav
04154c76eacfde72,song/04154c76eacfde72_1_8441410c2cab3239.mp3,hum/04154c76eacfde72_1_d5749dbfbed40375.wav
04154c76eacfde72,song/04154c76eacfde72_1_8441410c2cab3239.mp3,hum/04154c76eacfde72_1_346ed994f665e29b.wav
04154c76eacfde72,song/04154c76eacfde72_1_8441410c2cab3239.mp3,hum/04154c76eacfde72_1_017b109c84756eeb.wav
04154c76eacfde72,song/04154c76eacfde72_1_8441410c2cab3239.mp3,hum/04154c76eacfde72_1_7fa2158729221499.wav
043d6e67bc3d01c8,song/043d6e67bc3d01c8_1_3ec504b8e56db421.mp3,hum/043d6e67bc3d01c8_1_5e3d052eeb0570e8.wav
043d6e67bc3d01c8,song/043d6e67bc3d01c8_1_3ec504b8e56db421.mp3,hum/043d6e67bc3d01c8_1_510900da045caf8f.wav
043d6e67bc3d01c8,song/043d6e67bc3d01c8_1_3ec504b8e56db421.mp3,hum/043d6e67bc3d01c8_1_46b8671060585afe.wav
043d6e67bc3d01c8,song/043d6e67bc3d01c8_1_3ec504b8e56db421.mp3,hum/043d6e67bc3d01c8_1_b1be4a14bcc01e2b.wav
043d6e67bc3d01c8,song/043d6e67bc3d01c8_1_3ec504b8e56db421.mp3,hum/043d6e67bc3d01c8_1_d24515308c218060.wav
043d6e67bc3d01c8,song/043d6e67bc3d01c8_2_d58d2228407aedc5.mp3,hum/043d6e67bc3d01c8_2_d2ae26e1bb87e678.wav
043d6e67bc3d01c8,song/043d6e67bc3d01c8_2_d58d2228407aedc5.mp3,hum/043d6e67bc3d01c8_2_e29eb6a65871e724.wav
043d6e67bc3d01c8,song/043d6e67bc3d01c8_2_d58d2228407aedc5.mp3,hum/043d6e67bc3d01c8_2_c780c6206d0d1182.wav
043d6e67bc3d01c8,song/043d6e67bc3d01c8_2_d58d2228407aedc5.mp3,hum/043d6e67bc3d01c8_2_5ef86383f63cd465.wav
043d6e67bc3d01c8,song/043d6e67bc3d01c8_2_d58d2228407aedc5.mp3,hum/043d6e67bc3d01c8_2_ff24918b7b4d618c.wav
05315cc83e38919a,song/05315cc83e38919a_3_4fed1f98da139dc1.mp3,hum/05315cc83e38919a_3_8db52fd0da38e0df.wav
05315cc83e38919a,song/05315cc83e38919a_3_4fed1f98da139dc1.mp3,hum/05315cc83e38919a_3_a42a3e44521baccc.wav
05315cc83e38919a,song/05315cc83e38919a_3_4fed1f98da139dc1.mp3,hum/05315cc83e38919a_3_4282a739c7774966.wav
05315cc83e38919a,song/05315cc83e38919a_3_4fed1f98da139dc1.mp3,hum/05315cc83e38919a_3_ff81171b9638204f.wav
05315cc83e38919a,song/05315cc83e38919a_3_4fed1f98da139dc1.mp3,hum/05315cc83e38919a_3_a51a9d7fd42b9c55.wav
05315cc83e38919a,song/05315cc83e38919a_4_4669af186ee157f5.mp3,hum/05315cc83e38919a_4_f37efd49853b10cf.wav
05315cc83e38919a,song/05315cc83e38919a_4_4669af186ee157f5.mp3,hum/05315cc83e38919a_4_38592625332ed002.wav
05315cc83e38919a,song/05315cc83e38919a_4_4669af186ee157f5.mp3,hum/05315cc83e38919a_4_a530c8c9d2774279.wav
05315cc83e38919a,song/05315cc83e38919a_4_4669af186ee157f5.mp3,hum/05315cc83e38919a_4_a33c23c9a79633cf.wav
05315cc83e38919a,song/05315cc83e38919a_4_4669af186ee157f5.mp3,hum/05315cc83e38919a_4_0d45980e550a685b.wav
05315cc83e38919a,song/05315cc83e38919a_5_290e01f8cf3d1dc7.mp3,hum/05315cc83e38919a_5_199f074add1428a7.wav
05315cc83e38919a,song/05315cc83e38919a_5_290e01f8cf3d1dc7.mp3,hum/05315cc83e38919a_5_a3d6a2f1b0048006.wav
05315cc83e38919a,song/05315cc83e38919a_5_290e01f8cf3d1dc7.mp3,hum/05315cc83e38919a_5_3a5b8c98bf1626f3.wav
05315cc83e38919a,song/05315cc83e38919a_5_290e01f8cf3d1dc7.mp3,hum/05315cc83e38919a_5_89abfc0d0c0697d6.wav
05315cc83e38919a,song/05315cc83e38919a_5_290e01f8cf3d1dc7.mp3,hum/05315cc83e38919a_5_65a518688f4796b1.wav
06bc653464ccc85c,song/06bc653464ccc85c_1_6e136ecad3c6b678.mp3,hum/06bc653464ccc85c_1_26169e7582a6a727.wav
06bc653464ccc85c,song/06bc653464ccc85c_1_6e136ecad3c6b678.mp3,hum/06bc653464ccc85c_1_43cff23345cbac51.wav
06bc653464ccc85c,song/06bc653464ccc85c_1_6e136ecad3c6b678.mp3,hum/06bc653464ccc85c_1_ba2e2eee96727da6.wav
06bc653464ccc85c,song/06bc653464ccc85c_1_6e136ecad3c6b678.mp3,hum/06bc653464ccc85c_1_8a771424d0375107.wav
06bc653464ccc85c,song/06bc653464ccc85c_1_6e136ecad3c6b678.mp3,hum/06bc653464ccc85c_1_fc746e87ce4afcfb.wav
06bc653464ccc85c,song/06bc653464ccc85c_2_829be40d302cc919.mp3,hum/06bc653464ccc85c_2_236811c337cdc006.wav
06bc653464ccc85c,song/06bc653464ccc85c_2_829be40d302cc919.mp3,hum/06bc653464ccc85c_2_30b636c6f55c0d3b.wav
06bc653464ccc85c,song/06bc653464ccc85c_2_829be40d302cc919.mp3,hum/06bc653464ccc85c_2_cf3ae555aa377950.wav
06bc653464ccc85c,song/06bc653464ccc85c_2_829be40d302cc919.mp3,hum/06bc653464ccc85c_2_7c56973aac07d7c7.wav
06bc653464ccc85c,song/06bc653464ccc85c_2_829be40d302cc919.mp3,hum/06bc653464ccc85c_2_abcea76e7ac443b9.wav
06bc653464ccc85c,song/06bc653464ccc85c_3_13c09158deaaaf19.mp3,hum/06bc653464ccc85c_3_375e75580a857d1e.wav
06bc653464ccc85c,song/06bc653464ccc85c_3_13c09158deaaaf19.mp3,hum/06bc653464ccc85c_3_e4e4c3502355f0c7.wav
06bc653464ccc85c,song/06bc653464ccc85c_3_13c09158deaaaf19.mp3,hum/06bc653464ccc85c_3_75ffab2849b9dd67.wav
06bc653464ccc85c,song/06bc653464ccc85c_3_13c09158deaaaf19.mp3,hum/06bc653464ccc85c_3_712504ee172a51fe.wav
06bc653464ccc85c,song/06bc653464ccc85c_3_13c09158deaaaf19.mp3,hum/06bc653464ccc85c_3_118de13102501556.wav
06bc653464ccc85c,song/06bc653464ccc85c_4_c4b5daccfdee27b9.mp3,hum/06bc653464ccc85c_4_1e6d6895d2b8f414.wav
06bc653464ccc85c,song/06bc653464ccc85c_4_c4b5daccfdee27b9.mp3,hum/06bc653464ccc85c_4_eaf8cce6c24a7142.wav
06bc653464ccc85c,song/06bc653464ccc85c_4_c4b5daccfdee27b9.mp3,hum/06bc653464ccc85c_4_e158ccd7997aea9c.wav
06bc653464ccc85c,song/06bc653464ccc85c_4_c4b5daccfdee27b9.mp3,hum/06bc653464ccc85c_4_715580d398051ab1.wav
06bc653464ccc85c,song/06bc653464ccc85c_4_c4b5daccfdee27b9.mp3,hum/06bc653464ccc85c_4_8ca4783c839bc337.wav
07ac578a0df05186,song/07ac578a0df05186_1_7af561859935d26a.mp3,hum/07ac578a0df05186_1_4f7849b4e095b515.wav
07ac578a0df05186,song/07ac578a0df05186_1_7af561859935d26a.mp3,hum/07ac578a0df05186_1_d6d1f22604865cbd.wav
07ac578a0df05186,song/07ac578a0df05186_1_7af561859935d26a.mp3,hum/07ac578a0df05186_1_f03c89fc0d069078.wav
07ac578a0df05186,song/07ac578a0df05186_1_7af561859935d26a.mp3,hum/07ac578a0df05186_1_37c4a9038a7791c6.wav
07ac578a0df05186,song/07ac578a0df05186_1_7af561859935d26a.mp3,hum/07ac578a0df05186_1_f6a3e04aa8dcdba8.wav
07ac578a0df05186,song/07ac578a0df05186_1_7af561859935d26a.mp3,hum/07ac578a0df05186_1_9398516c97f7cb1e.wav
07ac578a0df05186,song/07ac578a0df05186_1_7af561859935d26a.mp3,hum/07ac578a0df05186_1_366e448dace5e99d.wav
07ac578a0df05186,song/07ac578a0df05186_1_7af561859935d26a.mp3,hum/07ac578a0df05186_1_4cf7a360dd868f71.wav
07ac578a0df05186,song/07ac578a0df05186_1_7af561859935d26a.mp3,hum/07ac578a0df05186_1_ee00c083eacb2489.wav
07ac578a0df05186,song/07ac578a0df05186_2_f0ea2841e0928ff5.mp3,hum/07ac578a0df05186_2_8c6ac1807672cd72.wav
07ac578a0df05186,song/07ac578a0df05186_2_f0ea2841e0928ff5.mp3,hum/07ac578a0df05186_2_a66f267f7a63a3ee.wav
07ac578a0df05186,song/07ac578a0df05186_2_f0ea2841e0928ff5.mp3,hum/07ac578a0df05186_2_911510fc67a19c1e.wav
07ac578a0df05186,song/07ac578a0df05186_2_f0ea2841e0928ff5.mp3,hum/07ac578a0df05186_2_eabf36eb2058c44f.wav
07ac578a0df05186,song/07ac578a0df05186_2_f0ea2841e0928ff5.mp3,hum/07ac578a0df05186_2_9622a80d48605a97.wav
07ac578a0df05186,song/07ac578a0df05186_2_f0ea2841e0928ff5.mp3,hum/07ac578a0df05186_2_6d5ca272106df319.wav
07ac578a0df05186,song/07ac578a0df05186_2_f0ea2841e0928ff5.mp3,hum/07ac578a0df05186_2_91473f2857bcb90b.wav
07ac578a0df05186,song/07ac578a0df05186_2_f0ea2841e0928ff5.mp3,hum/07ac578a0df05186_2_08d2f3282dcdd4d9.wav
07ac578a0df05186,song/07ac578a0df05186_2_f0ea2841e0928ff5.mp3,hum/07ac578a0df05186_2_89483a4f4608854f.wav
07ac578a0df05186,song/07ac578a0df05186_2_f0ea2841e0928ff5.mp3,hum/07ac578a0df05186_2_35176f43da927c94.wav
086dd9a03e48649b,song/086dd9a03e48649b_1_cfa2aa991ee1e860.mp3,hum/086dd9a03e48649b_1_6a03aad6d5aac8e5.wav
086dd9a03e48649b,song/086dd9a03e48649b_1_cfa2aa991ee1e860.mp3,hum/086dd9a03e48649b_1_d131e6e90af76c94.wav
086dd9a03e48649b,song/086dd9a03e48649b_1_cfa2aa991ee1e860.mp3,hum/086dd9a03e48649b_1_78f60f3e1144f6d0.wav
086dd9a03e48649b,song/086dd9a03e48649b_1_cfa2aa991ee1e860.mp3,hum/086dd9a03e48649b_1_dae74fee8b55f352.wav
086dd9a03e48649b,song/086dd9a03e48649b_1_cfa2aa991ee1e860.mp3,hum/086dd9a03e48649b_1_418bceaf6b2a3d2c.wav
086dd9a03e48649b,song/086dd9a03e48649b_1_cfa2aa991ee1e860.mp3,hum/086dd9a03e48649b_1_95b6143acce397bd.wav
086dd9a03e48649b,song/086dd9a03e48649b_1_cfa2aa991ee1e860.mp3,hum/086dd9a03e48649b_1_65aa33cad85171c7.wav
086dd9a03e48649b,song/086dd9a03e48649b_1_cfa2aa991ee1e860.mp3,hum/086dd9a03e48649b_1_609716be5d522942.wav
086dd9a03e48649b,song/086dd9a03e48649b_1_cfa2aa991ee1e860.mp3,hum/086dd9a03e48649b_1_43693a9576050cd3.wav
086dd9a03e48649b,song/086dd9a03e48649b_1_cfa2aa991ee1e860.mp3,hum/086dd9a03e48649b_1_f0f06b0261d640dc.wav
086dd9a03e48649b,song/086dd9a03e48649b_1_cfa2aa991ee1e860.mp3,hum/086dd9a03e48649b_1_d6f5e8be7bb36a15.wav
086dd9a03e48649b,song/086dd9a03e48649b_1_cfa2aa991ee1e860.mp3,hum/086dd9a03e48649b_1_053b500f0ac16fb3.wav
086dd9a03e48649b,song/086dd9a03e48649b_1_cfa2aa991ee1e860.mp3,hum/086dd9a03e48649b_1_39b42f255413bfc6.wav
086dd9a03e48649b,song/086dd9a03e48649b_1_cfa2aa991ee1e860.mp3,hum/086dd9a03e48649b_1_00c2cd10bcd65c89.wav
086dd9a03e48649b,song/086dd9a03e48649b_1_cfa2aa991ee1e860.mp3,hum/086dd9a03e48649b_1_47e88899129ea213.wav
086dd9a03e48649b,song/086dd9a03e48649b_1_cfa2aa991ee1e860.mp3,hum/086dd9a03e48649b_1_cb9fd5ed011c56eb.wav
086dd9a03e48649b,song/086dd9a03e48649b_1_cfa2aa991ee1e860.mp3,hum/086dd9a03e48649b_1_7fc5b00df6f45de0.wav
086dd9a03e48649b,song/086dd9a03e48649b_1_cfa2aa991ee1e860.mp3,hum/086dd9a03e48649b_1_9c8f7cc7fbbffb2c.wav
086dd9a03e48649b,song/086dd9a03e48649b_1_cfa2aa991ee1e860.mp3,hum/086dd9a03e48649b_1_1a16b08d7f8b125b.wav
086dd9a03e48649b,song/086dd9a03e48649b_1_cfa2aa991ee1e860.mp3,hum/086dd9a03e48649b_1_8241e7175d83a3a6.wav
086dd9a03e48649b,song/086dd9a03e48649b_1_cfa2aa991ee1e860.mp3,hum/086dd9a03e48649b_1_fac28c3d248b80bf.wav
086dd9a03e48649b,song/086dd9a03e48649b_1_cfa2aa991ee1e860.mp3,hum/086dd9a03e48649b_1_f744a4c51a8ca56e.wav
086dd9a03e48649b,song/086dd9a03e48649b_1_cfa2aa991ee1e860.mp3,hum/086dd9a03e48649b_1_0357ffaccf3134eb.wav
086dd9a03e48649b,song/086dd9a03e48649b_1_cfa2aa991ee1e860.mp3,hum/086dd9a03e48649b_1_f9eebed4613580ea.wav
086dd9a03e48649b,song/086dd9a03e48649b_1_cfa2aa991ee1e860.mp3,hum/086dd9a03e48649b_1_263913d3002e95e7.wav
086dd9a03e48649b,song/086dd9a03e48649b_2_3c40c45136be1eb5.mp3,hum/086dd9a03e48649b_2_2ea10a2837697f48.wav
086dd9a03e48649b,song/086dd9a03e48649b_2_3c40c45136be1eb5.mp3,hum/086dd9a03e48649b_2_ef39328447ba7e79.wav
086dd9a03e48649b,song/086dd9a03e48649b_2_3c40c45136be1eb5.mp3,hum/086dd9a03e48649b_2_b99926cf4b4cc35f.wav
086dd9a03e48649b,song/086dd9a03e48649b_2_3c40c45136be1eb5.mp3,hum/086dd9a03e48649b_2_f9f4b5fb0112b832.wav
086dd9a03e48649b,song/086dd9a03e48649b_2_3c40c45136be1eb5.mp3,hum/086dd9a03e48649b_2_7199af613106d880.wav
086dd9a03e48649b,song/086dd9a03e48649b_2_3c40c45136be1eb5.mp3,hum/086dd9a03e48649b_2_e429815c3bed2bbf.wav
086dd9a03e48649b,song/086dd9a03e48649b_2_3c40c45136be1eb5.mp3,hum/086dd9a03e48649b_2_f7f25d67b4ae9dff.wav
086dd9a03e48649b,song/086dd9a03e48649b_2_3c40c45136be1eb5.mp3,hum/086dd9a03e48649b_2_014bb1643eb0c2a5.wav
086dd9a03e48649b,song/086dd9a03e48649b_2_3c40c45136be1eb5.mp3,hum/086dd9a03e48649b_2_cb2038beb595e751.wav
086dd9a03e48649b,song/086dd9a03e48649b_2_3c40c45136be1eb5.mp3,hum/086dd9a03e48649b_2_50028cff00a95679.wav
086dd9a03e48649b,song/086dd9a03e48649b_2_3c40c45136be1eb5.mp3,hum/086dd9a03e48649b_2_63290da1a086a5cc.wav
086dd9a03e48649b,song/086dd9a03e48649b_2_3c40c45136be1eb5.mp3,hum/086dd9a03e48649b_2_cba8859dcf758123.wav
086dd9a03e48649b,song/086dd9a03e48649b_2_3c40c45136be1eb5.mp3,hum/086dd9a03e48649b_2_2af25ab62afa3856.wav
086dd9a03e48649b,song/086dd9a03e48649b_2_3c40c45136be1eb5.mp3,hum/086dd9a03e48649b_2_6992d59592dd8a90.wav
086dd9a03e48649b,song/086dd9a03e48649b_2_3c40c45136be1eb5.mp3,hum/086dd9a03e48649b_2_f9349b711506900c.wav
086dd9a03e48649b,song/086dd9a03e48649b_2_3c40c45136be1eb5.mp3,hum/086dd9a03e48649b_2_ff0d05bdeb4e3afd.wav
086dd9a03e48649b,song/086dd9a03e48649b_2_3c40c45136be1eb5.mp3,hum/086dd9a03e48649b_2_651e5b8184f2263d.wav
086dd9a03e48649b,song/086dd9a03e48649b_2_3c40c45136be1eb5.mp3,hum/086dd9a03e48649b_2_765409e7f628a487.wav
086dd9a03e48649b,song/086dd9a03e48649b_2_3c40c45136be1eb5.mp3,hum/086dd9a03e48649b_2_cfefe49ffac8d31a.wav
086dd9a03e48649b,song/086dd9a03e48649b_2_3c40c45136be1eb5.mp3,hum/086dd9a03e48649b_2_4e886128615f145d.wav
086dd9a03e48649b,song/086dd9a03e48649b_2_3c40c45136be1eb5.mp3,hum/086dd9a03e48649b_2_c6ce24175f9784e7.wav
086dd9a03e48649b,song/086dd9a03e48649b_2_3c40c45136be1eb5.mp3,hum/086dd9a03e48649b_2_1be465ddb384e525.wav
086dd9a03e48649b,song/086dd9a03e48649b_2_3c40c45136be1eb5.mp3,hum/086dd9a03e48649b_2_6a3b134cf14982b8.wav
086dd9a03e48649b,song/086dd9a03e48649b_2_3c40c45136be1eb5.mp3,hum/086dd9a03e48649b_2_1d237e4a24c1c789.wav
086dd9a03e48649b,song/086dd9a03e48649b_3_2e7a674afc8e8f60.mp3,hum/086dd9a03e48649b_3_756be6e7b268db79.wav
086dd9a03e48649b,song/086dd9a03e48649b_3_2e7a674afc8e8f60.mp3,hum/086dd9a03e48649b_3_5a3f7d7d93de257d.wav
086dd9a03e48649b,song/086dd9a03e48649b_3_2e7a674afc8e8f60.mp3,hum/086dd9a03e48649b_3_aae1932812532955.wav
086dd9a03e48649b,song/086dd9a03e48649b_3_2e7a674afc8e8f60.mp3,hum/086dd9a03e48649b_3_8f440c26a387d473.wav
086dd9a03e48649b,song/086dd9a03e48649b_3_2e7a674afc8e8f60.mp3,hum/086dd9a03e48649b_3_a75f355e106cbc4d.wav
086dd9a03e48649b,song/086dd9a03e48649b_3_2e7a674afc8e8f60.mp3,hum/086dd9a03e48649b_3_6fc205b994d443fc.wav
086dd9a03e48649b,song/086dd9a03e48649b_3_2e7a674afc8e8f60.mp3,hum/086dd9a03e48649b_3_1a3774af0f0a2000.wav
086dd9a03e48649b,song/086dd9a03e48649b_3_2e7a674afc8e8f60.mp3,hum/086dd9a03e48649b_3_95bb76b25e91e1e3.wav
086dd9a03e48649b,song/086dd9a03e48649b_3_2e7a674afc8e8f60.mp3,hum/086dd9a03e48649b_3_d6fa003081d8b0f6.wav
086dd9a03e48649b,song/086dd9a03e48649b_3_2e7a674afc8e8f60.mp3,hum/086dd9a03e48649b_3_c50aea911ddd1e02.wav
08a58e67791f0d3a,song/08a58e67791f0d3a_1_c23f08a386d6792e.mp3,hum/08a58e67791f0d3a_1_90604fdde9833730.wav
08a58e67791f0d3a,song/08a58e67791f0d3a_1_c23f08a386d6792e.mp3,hum/08a58e67791f0d3a_1_68a9f5845bf57b85.wav
08a58e67791f0d3a,song/08a58e67791f0d3a_1_c23f08a386d6792e.mp3,hum/08a58e67791f0d3a_1_e56865dca1b516e7.wav
08a58e67791f0d3a,song/08a58e67791f0d3a_1_c23f08a386d6792e.mp3,hum/08a58e67791f0d3a_1_f9748250ee0615ab.wav
08a58e67791f0d3a,song/08a58e67791f0d3a_2_27b2590cccb129cd.mp3,hum/08a58e67791f0d3a_2_51c84e3129b963d2.wav
08a58e67791f0d3a,song/08a58e67791f0d3a_2_27b2590cccb129cd.mp3,hum/08a58e67791f0d3a_2_bb8849dee5616a30.wav
08a58e67791f0d3a,song/08a58e67791f0d3a_2_27b2590cccb129cd.mp3,hum/08a58e67791f0d3a_2_511e2a4f6459af50.wav
08a58e67791f0d3a,song/08a58e67791f0d3a_2_27b2590cccb129cd.mp3,hum/08a58e67791f0d3a_2_b88da5e7526d3e87.wav
08a58e67791f0d3a,song/08a58e67791f0d3a_2_27b2590cccb129cd.mp3,hum/08a58e67791f0d3a_2_09f99215974fa6f5.wav
09b059d5cfdfccd0,song/09b059d5cfdfccd0_1_ecc6452aff78e396.mp3,hum/09b059d5cfdfccd0_1_672175dcae4f8d80.wav
09b059d5cfdfccd0,song/09b059d5cfdfccd0_1_ecc6452aff78e396.mp3,hum/09b059d5cfdfccd0_1_2a4cf98524c26e2e.wav
09b059d5cfdfccd0,song/09b059d5cfdfccd0_1_ecc6452aff78e396.mp3,hum/09b059d5cfdfccd0_1_998886afc47a97ea.wav
09b059d5cfdfccd0,song/09b059d5cfdfccd0_1_ecc6452aff78e396.mp3,hum/09b059d5cfdfccd0_1_db9f7d01a5322e31.wav
09b059d5cfdfccd0,song/09b059d5cfdfccd0_2_9e480ca8827f3a84.mp3,hum/09b059d5cfdfccd0_2_cb454e6aae8422b4.wav
09b059d5cfdfccd0,song/09b059d5cfdfccd0_2_9e480ca8827f3a84.mp3,hum/09b059d5cfdfccd0_2_4b8fa3a293552f05.wav
09b059d5cfdfccd0,song/09b059d5cfdfccd0_2_9e480ca8827f3a84.mp3,hum/09b059d5cfdfccd0_2_49bdbc650dd563b8.wav
09b059d5cfdfccd0,song/09b059d5cfdfccd0_2_9e480ca8827f3a84.mp3,hum/09b059d5cfdfccd0_2_5a81ae6ea9c3e88c.wav
0bc7f9ae9b644f29,song/0bc7f9ae9b644f29_1_bd3c7cad095d012e.mp3,hum/0bc7f9ae9b644f29_1_bab1fd117b52c109.wav
0bc7f9ae9b644f29,song/0bc7f9ae9b644f29_1_bd3c7cad095d012e.mp3,hum/0bc7f9ae9b644f29_1_11ffe0d2c6f033df.wav
0bc7f9ae9b644f29,song/0bc7f9ae9b644f29_1_bd3c7cad095d012e.mp3,hum/0bc7f9ae9b644f29_1_14fb0a13174fcd8c.wav
0bc7f9ae9b644f29,song/0bc7f9ae9b644f29_1_bd3c7cad095d012e.mp3,hum/0bc7f9ae9b644f29_1_825ca84bca5a1b4e.wav
0bc7f9ae9b644f29,song/0bc7f9ae9b644f29_1_bd3c7cad095d012e.mp3,hum/0bc7f9ae9b644f29_1_31fc1d9dd9d94a77.wav
0bc7f9ae9b644f29,song/0bc7f9ae9b644f29_1_bd3c7cad095d012e.mp3,hum/0bc7f9ae9b644f29_1_4c57c8f96f3bf6f6.wav
0bc7f9ae9b644f29,song/0bc7f9ae9b644f29_1_bd3c7cad095d012e.mp3,hum/0bc7f9ae9b644f29_1_db55e156c678ced8.wav
0bc7f9ae9b644f29,song/0bc7f9ae9b644f29_1_bd3c7cad095d012e.mp3,hum/0bc7f9ae9b644f29_1_a86ccf69d3b8241b.wav
0bc7f9ae9b644f29,song/0bc7f9ae9b644f29_1_bd3c7cad095d012e.mp3,hum/0bc7f9ae9b644f29_1_164c5da612ce3a70.wav
0bc7f9ae9b644f29,song/0bc7f9ae9b644f29_1_bd3c7cad095d012e.mp3,hum/0bc7f9ae9b644f29_1_7311e0bf0a097ee8.wav
0bc7f9ae9b644f29,song/0bc7f9ae9b644f29_1_bd3c7cad095d012e.mp3,hum/0bc7f9ae9b644f29_1_ad63ed6d491f0b45.wav
0bc7f9ae9b644f29,song/0bc7f9ae9b644f29_1_bd3c7cad095d012e.mp3,hum/0bc7f9ae9b644f29_1_be3ef5455d88dc94.wav
0bc7f9ae9b644f29,song/0bc7f9ae9b644f29_2_0d7893612d6572a1.mp3,hum/0bc7f9ae9b644f29_2_1ded76c36df1388a.wav
0bc7f9ae9b644f29,song/0bc7f9ae9b644f29_2_0d7893612d6572a1.mp3,hum/0bc7f9ae9b644f29_2_eb8d63b9daca0a10.wav
0bc7f9ae9b644f29,song/0bc7f9ae9b644f29_2_0d7893612d6572a1.mp3,hum/0bc7f9ae9b644f29_2_23bd6d7f823051cd.wav
0bc7f9ae9b644f29,song/0bc7f9ae9b644f29_2_0d7893612d6572a1.mp3,hum/0bc7f9ae9b644f29_2_d8cbc56ef66480ac.wav
0bc7f9ae9b644f29,song/0bc7f9ae9b644f29_2_0d7893612d6572a1.mp3,hum/0bc7f9ae9b644f29_2_38755c19a834b72c.wav
0bc7f9ae9b644f29,song/0bc7f9ae9b644f29_2_0d7893612d6572a1.mp3,hum/0bc7f9ae9b644f29_2_7274dccee36211b7.wav
0bc7f9ae9b644f29,song/0bc7f9ae9b644f29_2_0d7893612d6572a1.mp3,hum/0bc7f9ae9b644f29_2_cf9c2cee2201f31e.wav
0bc7f9ae9b644f29,song/0bc7f9ae9b644f29_2_0d7893612d6572a1.mp3,hum/0bc7f9ae9b644f29_2_e2c52f7912aba068.wav
0bc7f9ae9b644f29,song/0bc7f9ae9b644f29_2_0d7893612d6572a1.mp3,hum/0bc7f9ae9b644f29_2_0f6b8399f3f19da8.wav
0bc7f9ae9b644f29,song/0bc7f9ae9b644f29_3_850de6e902c23dfa.mp3,hum/0bc7f9ae9b644f29_3_9e41db348d798ed5.wav
0bc7f9ae9b644f29,song/0bc7f9ae9b644f29_3_850de6e902c23dfa.mp3,hum/0bc7f9ae9b644f29_3_0d04bccf27bd0a99.wav
0bc7f9ae9b644f29,song/0bc7f9ae9b644f29_3_850de6e902c23dfa.mp3,hum/0bc7f9ae9b644f29_3_229f2cab64aa98aa.wav
0bc7f9ae9b644f29,song/0bc7f9ae9b644f29_3_850de6e902c23dfa.mp3,hum/0bc7f9ae9b644f29_3_bdcd3cdfef0b0688.wav
0bc7f9ae9b644f29,song/0bc7f9ae9b644f29_3_850de6e902c23dfa.mp3,hum/0bc7f9ae9b644f29_3_5e8753e942a734eb.wav
0bc7f9ae9b644f29,song/0bc7f9ae9b644f29_3_850de6e902c23dfa.mp3,hum/0bc7f9ae9b644f29_3_92cdbc0e69d3a8d8.wav
0bcb7cdc6c1daa1d,song/0bcb7cdc6c1daa1d_1_6d3dac8d69024074.mp3,hum/0bcb7cdc6c1daa1d_1_655ebd60bff8763c.wav
0bcb7cdc6c1daa1d,song/0bcb7cdc6c1daa1d_1_6d3dac8d69024074.mp3,hum/0bcb7cdc6c1daa1d_1_2cf2242febd90246.wav
0bcb7cdc6c1daa1d,song/0bcb7cdc6c1daa1d_1_6d3dac8d69024074.mp3,hum/0bcb7cdc6c1daa1d_1_2555c72761949741.wav
0bcb7cdc6c1daa1d,song/0bcb7cdc6c1daa1d_1_6d3dac8d69024074.mp3,hum/0bcb7cdc6c1daa1d_1_7224a93b0a9cae9e.wav
0bcb7cdc6c1daa1d,song/0bcb7cdc6c1daa1d_1_6d3dac8d69024074.mp3,hum/0bcb7cdc6c1daa1d_1_eec2a2c7a2e2e8ca.wav
0bcb7cdc6c1daa1d,song/0bcb7cdc6c1daa1d_1_6d3dac8d69024074.mp3,hum/0bcb7cdc6c1daa1d_1_9e83d0f0e0eeb72e.wav
0bcb7cdc6c1daa1d,song/0bcb7cdc6c1daa1d_1_6d3dac8d69024074.mp3,hum/0bcb7cdc6c1daa1d_1_c358ae0ee79b32c6.wav
0bcb7cdc6c1daa1d,song/0bcb7cdc6c1daa1d_1_6d3dac8d69024074.mp3,hum/0bcb7cdc6c1daa1d_1_7bb5d08ba82871e1.wav
0bcb7cdc6c1daa1d,song/0bcb7cdc6c1daa1d_1_6d3dac8d69024074.mp3,hum/0bcb7cdc6c1daa1d_1_2bb6a4b1a03a49bd.wav
0bd65a382700dfda,song/0bd65a382700dfda_1_46562733ba6d2ed1.mp3,hum/0bd65a382700dfda_1_94334c03fbdbf094.wav
0bd65a382700dfda,song/0bd65a382700dfda_1_46562733ba6d2ed1.mp3,hum/0bd65a382700dfda_1_14854dce73f89e53.wav
0bd65a382700dfda,song/0bd65a382700dfda_1_46562733ba6d2ed1.mp3,hum/0bd65a382700dfda_1_0759487bff65e19e.wav
0bd65a382700dfda,song/0bd65a382700dfda_1_46562733ba6d2ed1.mp3,hum/0bd65a382700dfda_1_aa8587e552349031.wav
0bd65a382700dfda,song/0bd65a382700dfda_1_46562733ba6d2ed1.mp3,hum/0bd65a382700dfda_1_95e7e1cdd5296ae2.wav
0bd65a382700dfda,song/0bd65a382700dfda_1_46562733ba6d2ed1.mp3,hum/0bd65a382700dfda_1_2fadba6d2b0c8fe4.wav
0bd65a382700dfda,song/0bd65a382700dfda_1_46562733ba6d2ed1.mp3,hum/0bd65a382700dfda_1_764df27c9efa94c1.wav
0bd65a382700dfda,song/0bd65a382700dfda_1_46562733ba6d2ed1.mp3,hum/0bd65a382700dfda_1_ae045a4212bbf37b.wav
0bd65a382700dfda,song/0bd65a382700dfda_2_cfcab2a01b8db7d8.mp3,hum/0bd65a382700dfda_2_ac1bf6c48012a5ba.wav
0bd65a382700dfda,song/0bd65a382700dfda_2_cfcab2a01b8db7d8.mp3,hum/0bd65a382700dfda_2_7a280a863ae46456.wav
0bd65a382700dfda,song/0bd65a382700dfda_2_cfcab2a01b8db7d8.mp3,hum/0bd65a382700dfda_2_cbf0dd0b8a67ad23.wav
0bd65a382700dfda,song/0bd65a382700dfda_2_cfcab2a01b8db7d8.mp3,hum/0bd65a382700dfda_2_8bd591ec19daf1c1.wav
0bd65a382700dfda,song/0bd65a382700dfda_2_cfcab2a01b8db7d8.mp3,hum/0bd65a382700dfda_2_ba4e67317ce99f7a.wav
0bd65a382700dfda,song/0bd65a382700dfda_2_cfcab2a01b8db7d8.mp3,hum/0bd65a382700dfda_2_528f29ade0e98249.wav
0bd65a382700dfda,song/0bd65a382700dfda_2_cfcab2a01b8db7d8.mp3,hum/0bd65a382700dfda_2_4edb3816f7bb19b1.wav
0bd65a382700dfda,song/0bd65a382700dfda_2_cfcab2a01b8db7d8.mp3,hum/0bd65a382700dfda_2_0a6abc00f655407a.wav
0bd65a382700dfda,song/0bd65a382700dfda_2_cfcab2a01b8db7d8.mp3,hum/0bd65a382700dfda_2_a01f7ba7463dd196.wav
0bd65a382700dfda,song/0bd65a382700dfda_2_cfcab2a01b8db7d8.mp3,hum/0bd65a382700dfda_2_c1399aeb5f2a610b.wav
0bd65a382700dfda,song/0bd65a382700dfda_2_cfcab2a01b8db7d8.mp3,hum/0bd65a382700dfda_2_b0e3a7e3c06a70cd.wav
0bd65a382700dfda,song/0bd65a382700dfda_2_cfcab2a01b8db7d8.mp3,hum/0bd65a382700dfda_2_96a2d4c298d5cdeb.wav
0bd65a382700dfda,song/0bd65a382700dfda_2_cfcab2a01b8db7d8.mp3,hum/0bd65a382700dfda_2_c60af8db34830ad3.wav
0c7695952229a995,song/0c7695952229a995_1_dccf6bd15c60dcbc.mp3,hum/0c7695952229a995_1_b50859b902a308fe.wav
0c7695952229a995,song/0c7695952229a995_1_dccf6bd15c60dcbc.mp3,hum/0c7695952229a995_1_f621d878a373c661.wav
0c7695952229a995,song/0c7695952229a995_1_dccf6bd15c60dcbc.mp3,hum/0c7695952229a995_1_46a232f25b23853e.wav
0c7695952229a995,song/0c7695952229a995_1_dccf6bd15c60dcbc.mp3,hum/0c7695952229a995_1_baf4f0f581823938.wav
0c7695952229a995,song/0c7695952229a995_1_dccf6bd15c60dcbc.mp3,hum/0c7695952229a995_1_8ec09cf55489ca18.wav
0c7695952229a995,song/0c7695952229a995_1_dccf6bd15c60dcbc.mp3,hum/0c7695952229a995_1_2da6828be88ae43e.wav
0c7695952229a995,song/0c7695952229a995_1_dccf6bd15c60dcbc.mp3,hum/0c7695952229a995_1_f770ec04275b1f4d.wav
0c7695952229a995,song/0c7695952229a995_2_d9e2b0c6ea09744f.mp3,hum/0c7695952229a995_2_de00f914be17a190.wav
0c7695952229a995,song/0c7695952229a995_2_d9e2b0c6ea09744f.mp3,hum/0c7695952229a995_2_1d1ddd71865eefe8.wav
0c7695952229a995,song/0c7695952229a995_2_d9e2b0c6ea09744f.mp3,hum/0c7695952229a995_2_fad16ddc1c62594a.wav
0c7695952229a995,song/0c7695952229a995_2_d9e2b0c6ea09744f.mp3,hum/0c7695952229a995_2_a9092c9c26c7e8fa.wav
0c7695952229a995,song/0c7695952229a995_2_d9e2b0c6ea09744f.mp3,hum/0c7695952229a995_2_7309e1720df0f336.wav
0c7695952229a995,song/0c7695952229a995_2_d9e2b0c6ea09744f.mp3,hum/0c7695952229a995_2_6fe4a659bdef632c.wav
0c7695952229a995,song/0c7695952229a995_2_d9e2b0c6ea09744f.mp3,hum/0c7695952229a995_2_e6439cfe3db8620b.wav
0c7a21d33f4123be,song/0c7a21d33f4123be_1_b34ea13aca877e82.mp3,hum/0c7a21d33f4123be_1_1b474bae1557a0a6.wav
0c7a21d33f4123be,song/0c7a21d33f4123be_1_b34ea13aca877e82.mp3,hum/0c7a21d33f4123be_1_2330db123d44f063.wav
0c7a21d33f4123be,song/0c7a21d33f4123be_1_b34ea13aca877e82.mp3,hum/0c7a21d33f4123be_1_5d8bb45f5d8f2cf6.wav
0c7a21d33f4123be,song/0c7a21d33f4123be_1_b34ea13aca877e82.mp3,hum/0c7a21d33f4123be_1_71b4650f29d9d030.wav
0c7a21d33f4123be,song/0c7a21d33f4123be_1_b34ea13aca877e82.mp3,hum/0c7a21d33f4123be_1_f5a11be7234f2e41.wav
0c7a21d33f4123be,song/0c7a21d33f4123be_1_b34ea13aca877e82.mp3,hum/0c7a21d33f4123be_1_894d87b957f2327d.wav
0c7a21d33f4123be,song/0c7a21d33f4123be_1_b34ea13aca877e82.mp3,hum/0c7a21d33f4123be_1_90006cd38df53a8e.wav
0c7a21d33f4123be,song/0c7a21d33f4123be_1_b34ea13aca877e82.mp3,hum/0c7a21d33f4123be_1_ce72e92fae4485fd.wav
0c7a21d33f4123be,song/0c7a21d33f4123be_1_b34ea13aca877e82.mp3,hum/0c7a21d33f4123be_1_6283334ba38c1c29.wav
0c7a21d33f4123be,song/0c7a21d33f4123be_1_b34ea13aca877e82.mp3,hum/0c7a21d33f4123be_1_7bfce19c86a76e32.wav
0c7a21d33f4123be,song/0c7a21d33f4123be_1_b34ea13aca877e82.mp3,hum/0c7a21d33f4123be_1_c2dbe71f27a0c6ae.wav
0c7a21d33f4123be,song/0c7a21d33f4123be_1_b34ea13aca877e82.mp3,hum/0c7a21d33f4123be_1_3f21552d86a4ed61.wav
0c7a21d33f4123be,song/0c7a21d33f4123be_1_b34ea13aca877e82.mp3,hum/0c7a21d33f4123be_1_c5f46e376032a3b8.wav
0c7a21d33f4123be,song/0c7a21d33f4123be_1_b34ea13aca877e82.mp3,hum/0c7a21d33f4123be_1_5d8adb7a692db3ca.wav
0c7a21d33f4123be,song/0c7a21d33f4123be_1_b34ea13aca877e82.mp3,hum/0c7a21d33f4123be_1_787e4ee02addc250.wav
0c7a21d33f4123be,song/0c7a21d33f4123be_1_b34ea13aca877e82.mp3,hum/0c7a21d33f4123be_1_78209a1094eafa69.wav
0c7a21d33f4123be,song/0c7a21d33f4123be_1_b34ea13aca877e82.mp3,hum/0c7a21d33f4123be_1_3adab416cfdb39b9.wav
0c7a21d33f4123be,song/0c7a21d33f4123be_1_b34ea13aca877e82.mp3,hum/0c7a21d33f4123be_1_3039b702862f2959.wav
0c7a21d33f4123be,song/0c7a21d33f4123be_1_b34ea13aca877e82.mp3,hum/0c7a21d33f4123be_1_534e87d0ae5c68c1.wav
0c7a21d33f4123be,song/0c7a21d33f4123be_1_b34ea13aca877e82.mp3,hum/0c7a21d33f4123be_1_b37b35c309ce93c8.wav
0c7a21d33f4123be,song/0c7a21d33f4123be_1_b34ea13aca877e82.mp3,hum/0c7a21d33f4123be_1_07f71493ad2c8aa8.wav
0c7a21d33f4123be,song/0c7a21d33f4123be_2_06439f4a9ac1a0bf.mp3,hum/0c7a21d33f4123be_2_e512f1f72ecf44b4.wav
0c7a21d33f4123be,song/0c7a21d33f4123be_2_06439f4a9ac1a0bf.mp3,hum/0c7a21d33f4123be_2_aeed3fa4e0fef5b5.wav
0c7a21d33f4123be,song/0c7a21d33f4123be_2_06439f4a9ac1a0bf.mp3,hum/0c7a21d33f4123be_2_1b24ece8d002546a.wav
0c7a21d33f4123be,song/0c7a21d33f4123be_2_06439f4a9ac1a0bf.mp3,hum/0c7a21d33f4123be_2_5f9b95a579b9f4fd.wav
0c7a21d33f4123be,song/0c7a21d33f4123be_2_06439f4a9ac1a0bf.mp3,hum/0c7a21d33f4123be_2_c09c52804d1b2b7d.wav
0c7a21d33f4123be,song/0c7a21d33f4123be_2_06439f4a9ac1a0bf.mp3,hum/0c7a21d33f4123be_2_47913babc834aada.wav
0c7a21d33f4123be,song/0c7a21d33f4123be_2_06439f4a9ac1a0bf.mp3,hum/0c7a21d33f4123be_2_ea0f55039419c32f.wav
0c7a21d33f4123be,song/0c7a21d33f4123be_2_06439f4a9ac1a0bf.mp3,hum/0c7a21d33f4123be_2_e0d1e5ccc7501692.wav
0c7a21d33f4123be,song/0c7a21d33f4123be_2_06439f4a9ac1a0bf.mp3,hum/0c7a21d33f4123be_2_41b9188aaeaec306.wav
0c7a21d33f4123be,song/0c7a21d33f4123be_2_06439f4a9ac1a0bf.mp3,hum/0c7a21d33f4123be_2_e5b8c38403c21409.wav
0c7a21d33f4123be,song/0c7a21d33f4123be_2_06439f4a9ac1a0bf.mp3,hum/0c7a21d33f4123be_2_8328b1b137619fb6.wav
0c7a21d33f4123be,song/0c7a21d33f4123be_2_06439f4a9ac1a0bf.mp3,hum/0c7a21d33f4123be_2_1543f2336dec4b0c.wav
0c7a21d33f4123be,song/0c7a21d33f4123be_2_06439f4a9ac1a0bf.mp3,hum/0c7a21d33f4123be_2_7ba0c6b9bb5ee8b0.wav
0c7a21d33f4123be,song/0c7a21d33f4123be_2_06439f4a9ac1a0bf.mp3,hum/0c7a21d33f4123be_2_2a9de46a8341b819.wav
0c7a21d33f4123be,song/0c7a21d33f4123be_2_06439f4a9ac1a0bf.mp3,hum/0c7a21d33f4123be_2_75519e6be2851178.wav
0c7a21d33f4123be,song/0c7a21d33f4123be_2_06439f4a9ac1a0bf.mp3,hum/0c7a21d33f4123be_2_f9a4d496c0da3484.wav
0c7a21d33f4123be,song/0c7a21d33f4123be_2_06439f4a9ac1a0bf.mp3,hum/0c7a21d33f4123be_2_cab8a95a686b7fa0.wav
0c7a21d33f4123be,song/0c7a21d33f4123be_2_06439f4a9ac1a0bf.mp3,hum/0c7a21d33f4123be_2_583f475f2fbe7a66.wav
0e70fecd7c2d3f50,song/0e70fecd7c2d3f50_1_3d87780705ba3142.mp3,hum/0e70fecd7c2d3f50_1_6ed5aac6973e0371.wav
0e70fecd7c2d3f50,song/0e70fecd7c2d3f50_1_3d87780705ba3142.mp3,hum/0e70fecd7c2d3f50_1_321e39739d4bf568.wav
0e70fecd7c2d3f50,song/0e70fecd7c2d3f50_1_3d87780705ba3142.mp3,hum/0e70fecd7c2d3f50_1_f728e99213064b95.wav
0e70fecd7c2d3f50,song/0e70fecd7c2d3f50_1_3d87780705ba3142.mp3,hum/0e70fecd7c2d3f50_1_e2b7a9acb73cf8af.wav
0e70fecd7c2d3f50,song/0e70fecd7c2d3f50_1_3d87780705ba3142.mp3,hum/0e70fecd7c2d3f50_1_20be0fe47dbfddeb.wav
0e70fecd7c2d3f50,song/0e70fecd7c2d3f50_1_3d87780705ba3142.mp3,hum/0e70fecd7c2d3f50_1_605315b748d99010.wav
0e70fecd7c2d3f50,song/0e70fecd7c2d3f50_2_e64273a3f3256bd7.mp3,hum/0e70fecd7c2d3f50_2_fd6aa9dd56ae4523.wav
0e70fecd7c2d3f50,song/0e70fecd7c2d3f50_2_e64273a3f3256bd7.mp3,hum/0e70fecd7c2d3f50_2_23bff105e7a61575.wav
0e70fecd7c2d3f50,song/0e70fecd7c2d3f50_2_e64273a3f3256bd7.mp3,hum/0e70fecd7c2d3f50_2_739a097cbc4b0414.wav
0e70fecd7c2d3f50,song/0e70fecd7c2d3f50_2_e64273a3f3256bd7.mp3,hum/0e70fecd7c2d3f50_2_086c2c966a4f494c.wav
0e70fecd7c2d3f50,song/0e70fecd7c2d3f50_2_e64273a3f3256bd7.mp3,hum/0e70fecd7c2d3f50_2_d841131b62d8034f.wav
0e70fecd7c2d3f50,song/0e70fecd7c2d3f50_3_a7d780f8802e65d2.mp3,hum/0e70fecd7c2d3f50_3_85ee4c0da393e7f9.wav
0e70fecd7c2d3f50,song/0e70fecd7c2d3f50_3_a7d780f8802e65d2.mp3,hum/0e70fecd7c2d3f50_3_d901c8a19d1db177.wav
0e70fecd7c2d3f50,song/0e70fecd7c2d3f50_3_a7d780f8802e65d2.mp3,hum/0e70fecd7c2d3f50_3_4112fea4a724e5ee.wav
0e70fecd7c2d3f50,song/0e70fecd7c2d3f50_3_a7d780f8802e65d2.mp3,hum/0e70fecd7c2d3f50_3_b60e2ce2554ce72d.wav
0e70fecd7c2d3f50,song/0e70fecd7c2d3f50_3_a7d780f8802e65d2.mp3,hum/0e70fecd7c2d3f50_3_99f8593ee836e3c6.wav
0e70fecd7c2d3f50,song/0e70fecd7c2d3f50_4_3cccd3700dbb29f0.mp3,hum/0e70fecd7c2d3f50_4_0c526f55cf0c40a0.wav
0e70fecd7c2d3f50,song/0e70fecd7c2d3f50_4_3cccd3700dbb29f0.mp3,hum/0e70fecd7c2d3f50_4_e413b6de4ab7428c.wav
0e70fecd7c2d3f50,song/0e70fecd7c2d3f50_4_3cccd3700dbb29f0.mp3,hum/0e70fecd7c2d3f50_4_c6d5f76e26547492.wav
0e70fecd7c2d3f50,song/0e70fecd7c2d3f50_4_3cccd3700dbb29f0.mp3,hum/0e70fecd7c2d3f50_4_b505b0adbc2f47ff.wav
0e70fecd7c2d3f50,song/0e70fecd7c2d3f50_4_3cccd3700dbb29f0.mp3,hum/0e70fecd7c2d3f50_4_70cb4034f9a22c92.wav
0e70fecd7c2d3f50,song/0e70fecd7c2d3f50_4_3cccd3700dbb29f0.mp3,hum/0e70fecd7c2d3f50_4_bc3a39b9cce8f368.wav
0e8353e8fad9ae27,song/0e8353e8fad9ae27_1_5434f89ac71453d2.mp3,hum/0e8353e8fad9ae27_1_1704a47a5e90bf83.wav
0e8353e8fad9ae27,song/0e8353e8fad9ae27_1_5434f89ac71453d2.mp3,hum/0e8353e8fad9ae27_1_a1053d90d2648bed.wav
0e8353e8fad9ae27,song/0e8353e8fad9ae27_1_5434f89ac71453d2.mp3,hum/0e8353e8fad9ae27_1_17e4771b9ca15b78.wav
0e8353e8fad9ae27,song/0e8353e8fad9ae27_1_5434f89ac71453d2.mp3,hum/0e8353e8fad9ae27_1_7d463cd65f3da47c.wav
0e8353e8fad9ae27,song/0e8353e8fad9ae27_1_5434f89ac71453d2.mp3,hum/0e8353e8fad9ae27_1_daacb291f8275345.wav
0e8353e8fad9ae27,song/0e8353e8fad9ae27_2_777c53ee13a282d4.mp3,hum/0e8353e8fad9ae27_2_0695c59422956cbc.wav
0e8353e8fad9ae27,song/0e8353e8fad9ae27_2_777c53ee13a282d4.mp3,hum/0e8353e8fad9ae27_2_ea4e8fb969d6d901.wav
0e8353e8fad9ae27,song/0e8353e8fad9ae27_2_777c53ee13a282d4.mp3,hum/0e8353e8fad9ae27_2_c4aed10914922a12.wav
0e8353e8fad9ae27,song/0e8353e8fad9ae27_2_777c53ee13a282d4.mp3,hum/0e8353e8fad9ae27_2_7442c13c7d2c8cae.wav
0e8353e8fad9ae27,song/0e8353e8fad9ae27_2_777c53ee13a282d4.mp3,hum/0e8353e8fad9ae27_2_02467736eed0dcdb.wav
0f23eb67d473399b,song/0f23eb67d473399b_1_c28d763fe4e843b2.mp3,hum/0f23eb67d473399b_1_c373302a6c04f805.wav
0f23eb67d473399b,song/0f23eb67d473399b_1_c28d763fe4e843b2.mp3,hum/0f23eb67d473399b_1_c7d036ec946b2691.wav
0f23eb67d473399b,song/0f23eb67d473399b_1_c28d763fe4e843b2.mp3,hum/0f23eb67d473399b_1_997e97be414aad57.wav
0f23eb67d473399b,song/0f23eb67d473399b_1_c28d763fe4e843b2.mp3,hum/0f23eb67d473399b_1_5f60c7b6e8b4fbcc.wav
0f23eb67d473399b,song/0f23eb67d473399b_1_c28d763fe4e843b2.mp3,hum/0f23eb67d473399b_1_62444995552d1775.wav
0f23eb67d473399b,song/0f23eb67d473399b_2_264ea90ca3a6bfc6.mp3,hum/0f23eb67d473399b_2_b0dcf9eb392de026.wav
0f23eb67d473399b,song/0f23eb67d473399b_2_264ea90ca3a6bfc6.mp3,hum/0f23eb67d473399b_2_529f7e04c4788d63.wav
0f23eb67d473399b,song/0f23eb67d473399b_2_264ea90ca3a6bfc6.mp3,hum/0f23eb67d473399b_2_80c44daa8791e9b8.wav
0f23eb67d473399b,song/0f23eb67d473399b_2_264ea90ca3a6bfc6.mp3,hum/0f23eb67d473399b_2_1506d371829566be.wav
0f23eb67d473399b,song/0f23eb67d473399b_2_264ea90ca3a6bfc6.mp3,hum/0f23eb67d473399b_2_a8ba8c8c1746d9f2.wav
0f23eb67d473399b,song/0f23eb67d473399b_3_e1e2278ddf76e22b.mp3,hum/0f23eb67d473399b_3_eb35557528793044.wav
0f23eb67d473399b,song/0f23eb67d473399b_3_e1e2278ddf76e22b.mp3,hum/0f23eb67d473399b_3_acb71e81d364e38f.wav
0f23eb67d473399b,song/0f23eb67d473399b_3_e1e2278ddf76e22b.mp3,hum/0f23eb67d473399b_3_08a7c3502ab4274a.wav
0f23eb67d473399b,song/0f23eb67d473399b_3_e1e2278ddf76e22b.mp3,hum/0f23eb67d473399b_3_1e8b5203c8e1007f.wav
0f23eb67d473399b,song/0f23eb67d473399b_3_e1e2278ddf76e22b.mp3,hum/0f23eb67d473399b_3_cf6711e5277feaa9.wav
0f23eb67d473399b,song/0f23eb67d473399b_4_b2ea02c8be18337a.mp3,hum/0f23eb67d473399b_4_e80e46bb3a91d60f.wav
0f23eb67d473399b,song/0f23eb67d473399b_4_b2ea02c8be18337a.mp3,hum/0f23eb67d473399b_4_d5e15ee062aaebac.wav
0f23eb67d473399b,song/0f23eb67d473399b_4_b2ea02c8be18337a.mp3,hum/0f23eb67d473399b_4_a6bf8cc51c5f5dde.wav
0f23eb67d473399b,song/0f23eb67d473399b_4_b2ea02c8be18337a.mp3,hum/0f23eb67d473399b_4_77de217f50f60ee6.wav
0f23eb67d473399b,song/0f23eb67d473399b_4_b2ea02c8be18337a.mp3,hum/0f23eb67d473399b_4_aed6472ebb1c83db.wav
0f49946df4f06c48,song/0f49946df4f06c48_3_46bebfa677e16afb.mp3,hum/0f49946df4f06c48_3_431c4fb4adddfafb.wav
0f49946df4f06c48,song/0f49946df4f06c48_3_46bebfa677e16afb.mp3,hum/0f49946df4f06c48_3_d741c6150eda89c9.wav
0f49946df4f06c48,song/0f49946df4f06c48_3_46bebfa677e16afb.mp3,hum/0f49946df4f06c48_3_f3f825a1986e83f1.wav
0f49946df4f06c48,song/0f49946df4f06c48_3_46bebfa677e16afb.mp3,hum/0f49946df4f06c48_3_beae05871ff1f17d.wav
0f49946df4f06c48,song/0f49946df4f06c48_3_46bebfa677e16afb.mp3,hum/0f49946df4f06c48_3_c24977a58316b975.wav
0f49946df4f06c48,song/0f49946df4f06c48_4_4ba812b30907a523.mp3,hum/0f49946df4f06c48_4_6ce2195ca6d65cdc.wav
0f49946df4f06c48,song/0f49946df4f06c48_4_4ba812b30907a523.mp3,hum/0f49946df4f06c48_4_263351c66ea3c5c2.wav
0f49946df4f06c48,song/0f49946df4f06c48_4_4ba812b30907a523.mp3,hum/0f49946df4f06c48_4_b1b4fa0edd4e366c.wav
0f49946df4f06c48,song/0f49946df4f06c48_4_4ba812b30907a523.mp3,hum/0f49946df4f06c48_4_914cf4411f26dcd0.wav
0f49946df4f06c48,song/0f49946df4f06c48_4_4ba812b30907a523.mp3,hum/0f49946df4f06c48_4_a52e3f4456953a90.wav
0f49946df4f06c48,song/0f49946df4f06c48_5_158c959cddf7d6c2.mp3,hum/0f49946df4f06c48_5_4f28011c9c4cfa2a.wav
0f49946df4f06c48,song/0f49946df4f06c48_5_158c959cddf7d6c2.mp3,hum/0f49946df4f06c48_5_be81ead5be95c6b1.wav
0f49946df4f06c48,song/0f49946df4f06c48_5_158c959cddf7d6c2.mp3,hum/0f49946df4f06c48_5_8ec7789de43f0d7f.wav
0f49946df4f06c48,song/0f49946df4f06c48_5_158c959cddf7d6c2.mp3,hum/0f49946df4f06c48_5_3564113956e15cd7.wav
0f49946df4f06c48,song/0f49946df4f06c48_5_158c959cddf7d6c2.mp3,hum/0f49946df4f06c48_5_0efd64b14a4729cb.wav
0f49946df4f06c48,song/0f49946df4f06c48_6_2640eccfb9e873af.mp3,hum/0f49946df4f06c48_6_397a5de1263599be.wav
0f49946df4f06c48,song/0f49946df4f06c48_6_2640eccfb9e873af.mp3,hum/0f49946df4f06c48_6_0c3f92653e920026.wav
0f49946df4f06c48,song/0f49946df4f06c48_6_2640eccfb9e873af.mp3,hum/0f49946df4f06c48_6_96abb158370157f8.wav
0f49946df4f06c48,song/0f49946df4f06c48_6_2640eccfb9e873af.mp3,hum/0f49946df4f06c48_6_cb3fd7f1ecfd1519.wav
0f49946df4f06c48,song/0f49946df4f06c48_6_2640eccfb9e873af.mp3,hum/0f49946df4f06c48_6_ec69b104e75ff3e2.wav
0f49946df4f06c48,song/0f49946df4f06c48_7_b45b5e24a6b555c3.mp3,hum/0f49946df4f06c48_7_c37dea19358ca764.wav
0f49946df4f06c48,song/0f49946df4f06c48_7_b45b5e24a6b555c3.mp3,hum/0f49946df4f06c48_7_76faa950c0377083.wav
0f49946df4f06c48,song/0f49946df4f06c48_7_b45b5e24a6b555c3.mp3,hum/0f49946df4f06c48_7_6b097868be32dbf2.wav
0f49946df4f06c48,song/0f49946df4f06c48_7_b45b5e24a6b555c3.mp3,hum/0f49946df4f06c48_7_b0ca66442e0ed0de.wav
0f49946df4f06c48,song/0f49946df4f06c48_7_b45b5e24a6b555c3.mp3,hum/0f49946df4f06c48_7_b21f8ab3cbd39ffd.wav
11dd550a7b01dab5,song/11dd550a7b01dab5_1_01c238ba11a96b0c.mp3,hum/11dd550a7b01dab5_1_c16f1b42545dc9de.wav
11dd550a7b01dab5,song/11dd550a7b01dab5_1_01c238ba11a96b0c.mp3,hum/11dd550a7b01dab5_1_f7822069177e7731.wav
11dd550a7b01dab5,song/11dd550a7b01dab5_1_01c238ba11a96b0c.mp3,hum/11dd550a7b01dab5_1_8e75762902d0dcea.wav
11dd550a7b01dab5,song/11dd550a7b01dab5_1_01c238ba11a96b0c.mp3,hum/11dd550a7b01dab5_1_8de4feb1eb12958b.wav
11dd550a7b01dab5,song/11dd550a7b01dab5_1_01c238ba11a96b0c.mp3,hum/11dd550a7b01dab5_1_38169123b36209cc.wav
11dd550a7b01dab5,song/11dd550a7b01dab5_1_01c238ba11a96b0c.mp3,hum/11dd550a7b01dab5_1_1959775afcf41fbb.wav
11dd550a7b01dab5,song/11dd550a7b01dab5_1_01c238ba11a96b0c.mp3,hum/11dd550a7b01dab5_1_f72a9d4f7444c4ff.wav
11dd550a7b01dab5,song/11dd550a7b01dab5_1_01c238ba11a96b0c.mp3,hum/11dd550a7b01dab5_1_e31b550391805a26.wav
11dd550a7b01dab5,song/11dd550a7b01dab5_1_01c238ba11a96b0c.mp3,hum/11dd550a7b01dab5_1_78613db97cf4a51c.wav
11dd550a7b01dab5,song/11dd550a7b01dab5_1_01c238ba11a96b0c.mp3,hum/11dd550a7b01dab5_1_934ba88922548dfd.wav
11dd550a7b01dab5,song/11dd550a7b01dab5_1_01c238ba11a96b0c.mp3,hum/11dd550a7b01dab5_1_d453e71a5c169bf2.wav
11dd550a7b01dab5,song/11dd550a7b01dab5_1_01c238ba11a96b0c.mp3,hum/11dd550a7b01dab5_1_cc618435530f560b.wav
11dd550a7b01dab5,song/11dd550a7b01dab5_1_01c238ba11a96b0c.mp3,hum/11dd550a7b01dab5_1_683df21763149b8c.wav
11dd550a7b01dab5,song/11dd550a7b01dab5_1_01c238ba11a96b0c.mp3,hum/11dd550a7b01dab5_1_9683eb00b2c6ddc6.wav
11dd550a7b01dab5,song/11dd550a7b01dab5_1_01c238ba11a96b0c.mp3,hum/11dd550a7b01dab5_1_f1d668060477450c.wav
11dd550a7b01dab5,song/11dd550a7b01dab5_1_01c238ba11a96b0c.mp3,hum/11dd550a7b01dab5_1_2e3796030b950c70.wav
11dd550a7b01dab5,song/11dd550a7b01dab5_1_01c238ba11a96b0c.mp3,hum/11dd550a7b01dab5_1_80a85ea5ce99d595.wav
11dd550a7b01dab5,song/11dd550a7b01dab5_1_01c238ba11a96b0c.mp3,hum/11dd550a7b01dab5_1_146283bcd9cd954c.wav
11dd550a7b01dab5,song/11dd550a7b01dab5_1_01c238ba11a96b0c.mp3,hum/11dd550a7b01dab5_1_7b3088a5299b2a61.wav
11dd550a7b01dab5,song/11dd550a7b01dab5_2_078037632e5bc71e.mp3,hum/11dd550a7b01dab5_2_d6cd4664dc2ff891.wav
11dd550a7b01dab5,song/11dd550a7b01dab5_2_078037632e5bc71e.mp3,hum/11dd550a7b01dab5_2_1377b0367f5fd7be.wav
11dd550a7b01dab5,song/11dd550a7b01dab5_2_078037632e5bc71e.mp3,hum/11dd550a7b01dab5_2_c3e73cb9f026924a.wav
11dd550a7b01dab5,song/11dd550a7b01dab5_2_078037632e5bc71e.mp3,hum/11dd550a7b01dab5_2_0b637686dc18b948.wav
11dd550a7b01dab5,song/11dd550a7b01dab5_2_078037632e5bc71e.mp3,hum/11dd550a7b01dab5_2_94c74471f97ed715.wav
11dd550a7b01dab5,song/11dd550a7b01dab5_2_078037632e5bc71e.mp3,hum/11dd550a7b01dab5_2_6d93f0866636bfaa.wav
11dd550a7b01dab5,song/11dd550a7b01dab5_2_078037632e5bc71e.mp3,hum/11dd550a7b01dab5_2_41e7356d731c4f08.wav
11dd550a7b01dab5,song/11dd550a7b01dab5_2_078037632e5bc71e.mp3,hum/11dd550a7b01dab5_2_b7550028c37ea91d.wav
11dd550a7b01dab5,song/11dd550a7b01dab5_2_078037632e5bc71e.mp3,hum/11dd550a7b01dab5_2_08ffc0f6492e85fd.wav
11dd550a7b01dab5,song/11dd550a7b01dab5_2_078037632e5bc71e.mp3,hum/11dd550a7b01dab5_2_eba56ff21f913e52.wav
11dd550a7b01dab5,song/11dd550a7b01dab5_2_078037632e5bc71e.mp3,hum/11dd550a7b01dab5_2_f9828cb2e5371fea.wav
11dd550a7b01dab5,song/11dd550a7b01dab5_2_078037632e5bc71e.mp3,hum/11dd550a7b01dab5_2_f2b2f17d7b9b52d1.wav
11dd550a7b01dab5,song/11dd550a7b01dab5_2_078037632e5bc71e.mp3,hum/11dd550a7b01dab5_2_1002bef4caa670ae.wav
11dd550a7b01dab5,song/11dd550a7b01dab5_2_078037632e5bc71e.mp3,hum/11dd550a7b01dab5_2_cbeaa05887eb7be2.wav
11dd550a7b01dab5,song/11dd550a7b01dab5_2_078037632e5bc71e.mp3,hum/11dd550a7b01dab5_2_3f2b031c64cbd7c3.wav
11dd550a7b01dab5,song/11dd550a7b01dab5_2_078037632e5bc71e.mp3,hum/11dd550a7b01dab5_2_4850b4d084b1d17d.wav
11dd550a7b01dab5,song/11dd550a7b01dab5_2_078037632e5bc71e.mp3,hum/11dd550a7b01dab5_2_d48d398a6b1f0df2.wav
11dd550a7b01dab5,song/11dd550a7b01dab5_2_078037632e5bc71e.mp3,hum/11dd550a7b01dab5_2_6587db38b54f28d8.wav
11dd550a7b01dab5,song/11dd550a7b01dab5_2_078037632e5bc71e.mp3,hum/11dd550a7b01dab5_2_5d83f87029745e10.wav
12e509b2b3da32e6,song/12e509b2b3da32e6_1_bf30366f58ef99a3.mp3,hum/12e509b2b3da32e6_1_973a8dbaa5963f66.wav
12e509b2b3da32e6,song/12e509b2b3da32e6_1_bf30366f58ef99a3.mp3,hum/12e509b2b3da32e6_1_47b0351cb6e2a3fc.wav
12e509b2b3da32e6,song/12e509b2b3da32e6_1_bf30366f58ef99a3.mp3,hum/12e509b2b3da32e6_1_573f0fbaaf974ce2.wav
12e509b2b3da32e6,song/12e509b2b3da32e6_1_bf30366f58ef99a3.mp3,hum/12e509b2b3da32e6_1_2ffe187c4326d1c6.wav
12e509b2b3da32e6,song/12e509b2b3da32e6_1_bf30366f58ef99a3.mp3,hum/12e509b2b3da32e6_1_8e9dd36c59d82a0f.wav
12e509b2b3da32e6,song/12e509b2b3da32e6_1_bf30366f58ef99a3.mp3,hum/12e509b2b3da32e6_1_0890462a6833395c.wav
12e509b2b3da32e6,song/12e509b2b3da32e6_2_2f7e19415ed27e21.mp3,hum/12e509b2b3da32e6_2_a990ad3506f4e82f.wav
12e509b2b3da32e6,song/12e509b2b3da32e6_2_2f7e19415ed27e21.mp3,hum/12e509b2b3da32e6_2_d4b1fde29ea03b1d.wav
12e509b2b3da32e6,song/12e509b2b3da32e6_2_2f7e19415ed27e21.mp3,hum/12e509b2b3da32e6_2_a731bbaa5fe5d258.wav
12e509b2b3da32e6,song/12e509b2b3da32e6_2_2f7e19415ed27e21.mp3,hum/12e509b2b3da32e6_2_83767ee5c1610a45.wav
12e509b2b3da32e6,song/12e509b2b3da32e6_2_2f7e19415ed27e21.mp3,hum/12e509b2b3da32e6_2_044416c67bf15faa.wav
12e509b2b3da32e6,song/12e509b2b3da32e6_2_2f7e19415ed27e21.mp3,hum/12e509b2b3da32e6_2_6a95eee9411fb901.wav
13a42f31a715d1ae,song/13a42f31a715d1ae_1_b3de566f4078c9fa.mp3,hum/13a42f31a715d1ae_1_2f1904866fdfe112.wav
13a42f31a715d1ae,song/13a42f31a715d1ae_1_b3de566f4078c9fa.mp3,hum/13a42f31a715d1ae_1_e794e39947f8cf85.wav
13a42f31a715d1ae,song/13a42f31a715d1ae_1_b3de566f4078c9fa.mp3,hum/13a42f31a715d1ae_1_16da072020597278.wav
13a42f31a715d1ae,song/13a42f31a715d1ae_1_b3de566f4078c9fa.mp3,hum/13a42f31a715d1ae_1_286b02dc419a1035.wav
13a42f31a715d1ae,song/13a42f31a715d1ae_1_b3de566f4078c9fa.mp3,hum/13a42f31a715d1ae_1_0b39edb627e2fa28.wav
13a42f31a715d1ae,song/13a42f31a715d1ae_1_b3de566f4078c9fa.mp3,hum/13a42f31a715d1ae_1_abd2bfec89f0d144.wav
13a42f31a715d1ae,song/13a42f31a715d1ae_2_221573bc71b638dc.mp3,hum/13a42f31a715d1ae_2_4a258ea25f0ef926.wav
13a42f31a715d1ae,song/13a42f31a715d1ae_2_221573bc71b638dc.mp3,hum/13a42f31a715d1ae_2_ab978d27592d44a7.wav
13a42f31a715d1ae,song/13a42f31a715d1ae_2_221573bc71b638dc.mp3,hum/13a42f31a715d1ae_2_ea9d84c5a51dff90.wav
13a42f31a715d1ae,song/13a42f31a715d1ae_2_221573bc71b638dc.mp3,hum/13a42f31a715d1ae_2_d225216aeb3892b1.wav
13a42f31a715d1ae,song/13a42f31a715d1ae_2_221573bc71b638dc.mp3,hum/13a42f31a715d1ae_2_e82a4b85a07c7c11.wav
13a42f31a715d1ae,song/13a42f31a715d1ae_2_221573bc71b638dc.mp3,hum/13a42f31a715d1ae_2_1eec3eb6370d7e50.wav
13a42f31a715d1ae,song/13a42f31a715d1ae_3_e49454c71647745b.mp3,hum/13a42f31a715d1ae_3_a865aa61a0bd3725.wav
13a42f31a715d1ae,song/13a42f31a715d1ae_3_e49454c71647745b.mp3,hum/13a42f31a715d1ae_3_36b26d6d688f6aa2.wav
13a42f31a715d1ae,song/13a42f31a715d1ae_3_e49454c71647745b.mp3,hum/13a42f31a715d1ae_3_a8670f80698a88a7.wav
13a42f31a715d1ae,song/13a42f31a715d1ae_3_e49454c71647745b.mp3,hum/13a42f31a715d1ae_3_f3f3a5599c8f9225.wav
13a42f31a715d1ae,song/13a42f31a715d1ae_3_e49454c71647745b.mp3,hum/13a42f31a715d1ae_3_3a245db0f88c09ff.wav
13a42f31a715d1ae,song/13a42f31a715d1ae_3_e49454c71647745b.mp3,hum/13a42f31a715d1ae_3_f8e8365476fcae19.wav
1459eff0ff571518,song/1459eff0ff571518_1_64c73119b3708d3d.mp3,hum/1459eff0ff571518_1_45cc207bb3b55eac.wav
1459eff0ff571518,song/1459eff0ff571518_1_64c73119b3708d3d.mp3,hum/1459eff0ff571518_1_42befb267309fe84.wav
1459eff0ff571518,song/1459eff0ff571518_1_64c73119b3708d3d.mp3,hum/1459eff0ff571518_1_d817be60e7b58cd7.wav
1459eff0ff571518,song/1459eff0ff571518_1_64c73119b3708d3d.mp3,hum/1459eff0ff571518_1_76e6a6bb284c0045.wav
1459eff0ff571518,song/1459eff0ff571518_1_64c73119b3708d3d.mp3,hum/1459eff0ff571518_1_1321be50edfc4011.wav
1459eff0ff571518,song/1459eff0ff571518_1_64c73119b3708d3d.mp3,hum/1459eff0ff571518_1_75f22b29e34e923a.wav
1459eff0ff571518,song/1459eff0ff571518_1_64c73119b3708d3d.mp3,hum/1459eff0ff571518_1_95a4c8641d1e5cdc.wav
1459eff0ff571518,song/1459eff0ff571518_1_64c73119b3708d3d.mp3,hum/1459eff0ff571518_1_c014de675955347a.wav
1459eff0ff571518,song/1459eff0ff571518_1_64c73119b3708d3d.mp3,hum/1459eff0ff571518_1_f216f4fb0464c33e.wav
1459eff0ff571518,song/1459eff0ff571518_1_64c73119b3708d3d.mp3,hum/1459eff0ff571518_1_2a3a2519c6078280.wav
1459eff0ff571518,song/1459eff0ff571518_1_64c73119b3708d3d.mp3,hum/1459eff0ff571518_1_8f93c73e1271c1fa.wav
1459eff0ff571518,song/1459eff0ff571518_1_64c73119b3708d3d.mp3,hum/1459eff0ff571518_1_9d6e7709687c3973.wav
1459eff0ff571518,song/1459eff0ff571518_1_64c73119b3708d3d.mp3,hum/1459eff0ff571518_1_8da03f650d0ab00d.wav
1459eff0ff571518,song/1459eff0ff571518_1_64c73119b3708d3d.mp3,hum/1459eff0ff571518_1_dffb9f8847047fae.wav
1459eff0ff571518,song/1459eff0ff571518_1_64c73119b3708d3d.mp3,hum/1459eff0ff571518_1_38f601d7e8ec9b00.wav
1459eff0ff571518,song/1459eff0ff571518_2_ade2675b50214a93.mp3,hum/1459eff0ff571518_2_4b79d7ddf698743e.wav
1459eff0ff571518,song/1459eff0ff571518_2_ade2675b50214a93.mp3,hum/1459eff0ff571518_2_656e3aeade04e8c8.wav
1459eff0ff571518,song/1459eff0ff571518_2_ade2675b50214a93.mp3,hum/1459eff0ff571518_2_fe9735cfb4bbb087.wav
1459eff0ff571518,song/1459eff0ff571518_2_ade2675b50214a93.mp3,hum/1459eff0ff571518_2_0266c22a52da5ece.wav
1459eff0ff571518,song/1459eff0ff571518_2_ade2675b50214a93.mp3,hum/1459eff0ff571518_2_4e4d18daf6116c70.wav
1459eff0ff571518,song/1459eff0ff571518_2_ade2675b50214a93.mp3,hum/1459eff0ff571518_2_9485c1dc870ca5fc.wav
1459eff0ff571518,song/1459eff0ff571518_2_ade2675b50214a93.mp3,hum/1459eff0ff571518_2_3175052ef730c7c5.wav
1459eff0ff571518,song/1459eff0ff571518_2_ade2675b50214a93.mp3,hum/1459eff0ff571518_2_cbd1ad41d2083b48.wav
1459eff0ff571518,song/1459eff0ff571518_2_ade2675b50214a93.mp3,hum/1459eff0ff571518_2_bf98d1fd21590efb.wav
1459eff0ff571518,song/1459eff0ff571518_2_ade2675b50214a93.mp3,hum/1459eff0ff571518_2_c346c879f90c33c9.wav
1459eff0ff571518,song/1459eff0ff571518_2_ade2675b50214a93.mp3,hum/1459eff0ff571518_2_687b4f837cd1472e.wav
1459eff0ff571518,song/1459eff0ff571518_2_ade2675b50214a93.mp3,hum/1459eff0ff571518_2_116e982d80441130.wav
1459eff0ff571518,song/1459eff0ff571518_2_ade2675b50214a93.mp3,hum/1459eff0ff571518_2_0b35ddfdd27fbd31.wav
1459eff0ff571518,song/1459eff0ff571518_2_ade2675b50214a93.mp3,hum/1459eff0ff571518_2_a2cacca077f59474.wav
1459eff0ff571518,song/1459eff0ff571518_2_ade2675b50214a93.mp3,hum/1459eff0ff571518_2_7ad62fe7f51c6aa3.wav
1459eff0ff571518,song/1459eff0ff571518_2_ade2675b50214a93.mp3,hum/1459eff0ff571518_2_4cafda5bf38904a1.wav
1459eff0ff571518,song/1459eff0ff571518_2_ade2675b50214a93.mp3,hum/1459eff0ff571518_2_fdb662e93321e630.wav
1459eff0ff571518,song/1459eff0ff571518_2_ade2675b50214a93.mp3,hum/1459eff0ff571518_2_d3139bd9af7bb3c1.wav
1459eff0ff571518,song/1459eff0ff571518_2_ade2675b50214a93.mp3,hum/1459eff0ff571518_2_eeccc58ff4575972.wav
1459eff0ff571518,song/1459eff0ff571518_2_ade2675b50214a93.mp3,hum/1459eff0ff571518_2_37d39bc845d19589.wav
1459eff0ff571518,song/1459eff0ff571518_2_ade2675b50214a93.mp3,hum/1459eff0ff571518_2_6a69dd6d18729d50.wav
1459eff0ff571518,song/1459eff0ff571518_2_ade2675b50214a93.mp3,hum/1459eff0ff571518_2_1695f2bfd968167f.wav
1459eff0ff571518,song/1459eff0ff571518_2_ade2675b50214a93.mp3,hum/1459eff0ff571518_2_2be19c32963a012e.wav
1459eff0ff571518,song/1459eff0ff571518_2_ade2675b50214a93.mp3,hum/1459eff0ff571518_2_14c4d8892ae3c533.wav
1459eff0ff571518,song/1459eff0ff571518_2_ade2675b50214a93.mp3,hum/1459eff0ff571518_2_147c58ee7ec0893d.wav
1459eff0ff571518,song/1459eff0ff571518_3_7e2f4a8a8beec16b.mp3,hum/1459eff0ff571518_3_b531f80a51c9c1f4.wav
1459eff0ff571518,song/1459eff0ff571518_3_7e2f4a8a8beec16b.mp3,hum/1459eff0ff571518_3_ee2d0342594a83be.wav
1459eff0ff571518,song/1459eff0ff571518_3_7e2f4a8a8beec16b.mp3,hum/1459eff0ff571518_3_6dbecd9015da285c.wav
1459eff0ff571518,song/1459eff0ff571518_3_7e2f4a8a8beec16b.mp3,hum/1459eff0ff571518_3_7bcd7e9441a0c525.wav
1459eff0ff571518,song/1459eff0ff571518_3_7e2f4a8a8beec16b.mp3,hum/1459eff0ff571518_3_10ae4006d7f311eb.wav
1459eff0ff571518,song/1459eff0ff571518_3_7e2f4a8a8beec16b.mp3,hum/1459eff0ff571518_3_a39c8f29ee1adb2e.wav
1459eff0ff571518,song/1459eff0ff571518_3_7e2f4a8a8beec16b.mp3,hum/1459eff0ff571518_3_dff5f210a8811c61.wav
1459eff0ff571518,song/1459eff0ff571518_3_7e2f4a8a8beec16b.mp3,hum/1459eff0ff571518_3_b07a0e776bcd1a5a.wav
1459eff0ff571518,song/1459eff0ff571518_3_7e2f4a8a8beec16b.mp3,hum/1459eff0ff571518_3_e8707c764136ef42.wav
1459eff0ff571518,song/1459eff0ff571518_3_7e2f4a8a8beec16b.mp3,hum/1459eff0ff571518_3_2401d3b9afa394ac.wav
1459eff0ff571518,song/1459eff0ff571518_3_7e2f4a8a8beec16b.mp3,hum/1459eff0ff571518_3_5e3273e208346f1a.wav
1459eff0ff571518,song/1459eff0ff571518_3_7e2f4a8a8beec16b.mp3,hum/1459eff0ff571518_3_ffbe9a0c6d202fa2.wav
1459eff0ff571518,song/1459eff0ff571518_3_7e2f4a8a8beec16b.mp3,hum/1459eff0ff571518_3_f536e199a0727f1f.wav
1459eff0ff571518,song/1459eff0ff571518_3_7e2f4a8a8beec16b.mp3,hum/1459eff0ff571518_3_15319fa676a2d2fd.wav
1459eff0ff571518,song/1459eff0ff571518_3_7e2f4a8a8beec16b.mp3,hum/1459eff0ff571518_3_cf82f86ae14b54cc.wav
1459eff0ff571518,song/1459eff0ff571518_3_7e2f4a8a8beec16b.mp3,hum/1459eff0ff571518_3_748fc4f5d2db243a.wav
1459eff0ff571518,song/1459eff0ff571518_3_7e2f4a8a8beec16b.mp3,hum/1459eff0ff571518_3_bcae10257d9164d2.wav
1459eff0ff571518,song/1459eff0ff571518_3_7e2f4a8a8beec16b.mp3,hum/1459eff0ff571518_3_13c5b4698ff03499.wav
1459eff0ff571518,song/1459eff0ff571518_3_7e2f4a8a8beec16b.mp3,hum/1459eff0ff571518_3_c5d96d6eada02b05.wav
15c760a6bdb3d6f2,song/15c760a6bdb3d6f2_1_6d07d306c4c61dd8.mp3,hum/15c760a6bdb3d6f2_1_4d7c88cc7096135b.wav
15c760a6bdb3d6f2,song/15c760a6bdb3d6f2_1_6d07d306c4c61dd8.mp3,hum/15c760a6bdb3d6f2_1_c6c0bcd2613dab30.wav
15c760a6bdb3d6f2,song/15c760a6bdb3d6f2_1_6d07d306c4c61dd8.mp3,hum/15c760a6bdb3d6f2_1_c0477829bf009ca9.wav
15c760a6bdb3d6f2,song/15c760a6bdb3d6f2_1_6d07d306c4c61dd8.mp3,hum/15c760a6bdb3d6f2_1_10cdfffceb8c3c29.wav
15c760a6bdb3d6f2,song/15c760a6bdb3d6f2_1_6d07d306c4c61dd8.mp3,hum/15c760a6bdb3d6f2_1_fafea16f955c5ba9.wav
15c760a6bdb3d6f2,song/15c760a6bdb3d6f2_2_0f1f86606de0cc10.mp3,hum/15c760a6bdb3d6f2_2_11d3ec91b26afa84.wav
15c760a6bdb3d6f2,song/15c760a6bdb3d6f2_2_0f1f86606de0cc10.mp3,hum/15c760a6bdb3d6f2_2_dc3351137ae13a43.wav
15c760a6bdb3d6f2,song/15c760a6bdb3d6f2_2_0f1f86606de0cc10.mp3,hum/15c760a6bdb3d6f2_2_1efdfcad62b64392.wav
15c760a6bdb3d6f2,song/15c760a6bdb3d6f2_2_0f1f86606de0cc10.mp3,hum/15c760a6bdb3d6f2_2_541c2ee00cf2df6c.wav
15c760a6bdb3d6f2,song/15c760a6bdb3d6f2_2_0f1f86606de0cc10.mp3,hum/15c760a6bdb3d6f2_2_31f912baec9acc5f.wav
16715abbd4e1fd2b,song/16715abbd4e1fd2b_1_720c46cdfab2de48.mp3,hum/16715abbd4e1fd2b_1_d03821f8f8d49c9f.wav
16715abbd4e1fd2b,song/16715abbd4e1fd2b_1_720c46cdfab2de48.mp3,hum/16715abbd4e1fd2b_1_78f3d7ec5b2c75ff.wav
16715abbd4e1fd2b,song/16715abbd4e1fd2b_1_720c46cdfab2de48.mp3,hum/16715abbd4e1fd2b_1_c43886af89f52acf.wav
16715abbd4e1fd2b,song/16715abbd4e1fd2b_1_720c46cdfab2de48.mp3,hum/16715abbd4e1fd2b_1_e49af4ec0ef32764.wav
16715abbd4e1fd2b,song/16715abbd4e1fd2b_1_720c46cdfab2de48.mp3,hum/16715abbd4e1fd2b_1_193a271a9371ca0a.wav
16715abbd4e1fd2b,song/16715abbd4e1fd2b_2_bd973ebf23259eb9.mp3,hum/16715abbd4e1fd2b_2_ae061535d026924c.wav
16715abbd4e1fd2b,song/16715abbd4e1fd2b_2_bd973ebf23259eb9.mp3,hum/16715abbd4e1fd2b_2_c04f6ea26042e065.wav
16715abbd4e1fd2b,song/16715abbd4e1fd2b_2_bd973ebf23259eb9.mp3,hum/16715abbd4e1fd2b_2_ac9fc791792c37b4.wav
16715abbd4e1fd2b,song/16715abbd4e1fd2b_2_bd973ebf23259eb9.mp3,hum/16715abbd4e1fd2b_2_3c63c28cc225de26.wav
16715abbd4e1fd2b,song/16715abbd4e1fd2b_2_bd973ebf23259eb9.mp3,hum/16715abbd4e1fd2b_2_6121436ed71b6487.wav
16715abbd4e1fd2b,song/16715abbd4e1fd2b_3_a50df772c6d352f1.mp3,hum/16715abbd4e1fd2b_3_eab6d43ca421208b.wav
16715abbd4e1fd2b,song/16715abbd4e1fd2b_3_a50df772c6d352f1.mp3,hum/16715abbd4e1fd2b_3_d4c7e120fa6aaad7.wav
16715abbd4e1fd2b,song/16715abbd4e1fd2b_3_a50df772c6d352f1.mp3,hum/16715abbd4e1fd2b_3_cb3a3e5bf765eb79.wav
16715abbd4e1fd2b,song/16715abbd4e1fd2b_3_a50df772c6d352f1.mp3,hum/16715abbd4e1fd2b_3_6ee56e11d75b9324.wav
16715abbd4e1fd2b,song/16715abbd4e1fd2b_3_a50df772c6d352f1.mp3,hum/16715abbd4e1fd2b_3_4747b561e2729be7.wav
16dd298144fa7450,song/16dd298144fa7450_1_7ce583e2f1d15eed.mp3,hum/16dd298144fa7450_1_a6b737d64831dff1.wav
16dd298144fa7450,song/16dd298144fa7450_1_7ce583e2f1d15eed.mp3,hum/16dd298144fa7450_1_3b89e180d4cdac91.wav
16dd298144fa7450,song/16dd298144fa7450_1_7ce583e2f1d15eed.mp3,hum/16dd298144fa7450_1_ace18cb3d5d909e8.wav
16dd298144fa7450,song/16dd298144fa7450_1_7ce583e2f1d15eed.mp3,hum/16dd298144fa7450_1_cbb3759ef8feb2d7.wav
16dd298144fa7450,song/16dd298144fa7450_1_7ce583e2f1d15eed.mp3,hum/16dd298144fa7450_1_45d834dfbe504c36.wav
177e8aabddb3c351,song/177e8aabddb3c351_1_3d08219f944685ee.mp3,hum/177e8aabddb3c351_1_f85e923c96295ba1.wav
177e8aabddb3c351,song/177e8aabddb3c351_1_3d08219f944685ee.mp3,hum/177e8aabddb3c351_1_5256aade1fa18e6b.wav
177e8aabddb3c351,song/177e8aabddb3c351_1_3d08219f944685ee.mp3,hum/177e8aabddb3c351_1_4c2cc6f6bb1404b4.wav
177e8aabddb3c351,song/177e8aabddb3c351_1_3d08219f944685ee.mp3,hum/177e8aabddb3c351_1_980bcfbf74119403.wav
177e8aabddb3c351,song/177e8aabddb3c351_1_3d08219f944685ee.mp3,hum/177e8aabddb3c351_1_f58c39efc7cccbc1.wav
177e8aabddb3c351,song/177e8aabddb3c351_1_3d08219f944685ee.mp3,hum/177e8aabddb3c351_1_7a37223673da9a44.wav
177e8aabddb3c351,song/177e8aabddb3c351_1_3d08219f944685ee.mp3,hum/177e8aabddb3c351_1_4ca6f69dd10800c6.wav
177e8aabddb3c351,song/177e8aabddb3c351_1_3d08219f944685ee.mp3,hum/177e8aabddb3c351_1_5ce441c3f6b25e85.wav
177e8aabddb3c351,song/177e8aabddb3c351_1_3d08219f944685ee.mp3,hum/177e8aabddb3c351_1_be93aff2feca7cab.wav
177e8aabddb3c351,song/177e8aabddb3c351_1_3d08219f944685ee.mp3,hum/177e8aabddb3c351_1_10f1f6d8dd1b1f7e.wav
177e8aabddb3c351,song/177e8aabddb3c351_1_3d08219f944685ee.mp3,hum/177e8aabddb3c351_1_06cd65479cb8c2aa.wav
177e8aabddb3c351,song/177e8aabddb3c351_1_3d08219f944685ee.mp3,hum/177e8aabddb3c351_1_6781b2f755cf9664.wav
177e8aabddb3c351,song/177e8aabddb3c351_1_3d08219f944685ee.mp3,hum/177e8aabddb3c351_1_bb69a7426cdeed9d.wav
177e8aabddb3c351,song/177e8aabddb3c351_1_3d08219f944685ee.mp3,hum/177e8aabddb3c351_1_74c1c76009a76d13.wav
177e8aabddb3c351,song/177e8aabddb3c351_1_3d08219f944685ee.mp3,hum/177e8aabddb3c351_1_3ff10aa8a4661b58.wav
177e8aabddb3c351,song/177e8aabddb3c351_1_3d08219f944685ee.mp3,hum/177e8aabddb3c351_1_b75e0c8b98cf2ce0.wav
177e8aabddb3c351,song/177e8aabddb3c351_1_3d08219f944685ee.mp3,hum/177e8aabddb3c351_1_f33d872898f6e7ab.wav
177e8aabddb3c351,song/177e8aabddb3c351_1_3d08219f944685ee.mp3,hum/177e8aabddb3c351_1_a7ae50c6a5add9e2.wav
177e8aabddb3c351,song/177e8aabddb3c351_1_3d08219f944685ee.mp3,hum/177e8aabddb3c351_1_59ee7f352f81e0d1.wav
177e8aabddb3c351,song/177e8aabddb3c351_1_3d08219f944685ee.mp3,hum/177e8aabddb3c351_1_8f0c210df4bb7d34.wav
177e8aabddb3c351,song/177e8aabddb3c351_1_3d08219f944685ee.mp3,hum/177e8aabddb3c351_1_e9b3eaea86b26b31.wav
177e8aabddb3c351,song/177e8aabddb3c351_1_3d08219f944685ee.mp3,hum/177e8aabddb3c351_1_51257ec059550cb1.wav
17f376ad3004644b,song/17f376ad3004644b_1_67cd365d303413db.mp3,hum/17f376ad3004644b_1_b4822a46540caae3.wav
17f376ad3004644b,song/17f376ad3004644b_1_67cd365d303413db.mp3,hum/17f376ad3004644b_1_900c848c238c7bde.wav
17f376ad3004644b,song/17f376ad3004644b_1_67cd365d303413db.mp3,hum/17f376ad3004644b_1_2f3a19947a24fee7.wav
17f376ad3004644b,song/17f376ad3004644b_1_67cd365d303413db.mp3,hum/17f376ad3004644b_1_d5ac87a582d1b4c3.wav
17f376ad3004644b,song/17f376ad3004644b_1_67cd365d303413db.mp3,hum/17f376ad3004644b_1_16246ed72a89aecf.wav
17f376ad3004644b,song/17f376ad3004644b_2_db297ad4ea4d6a5a.mp3,hum/17f376ad3004644b_2_a992af2bbba03d22.wav
17f376ad3004644b,song/17f376ad3004644b_2_db297ad4ea4d6a5a.mp3,hum/17f376ad3004644b_2_20e2114cafb39f65.wav
17f376ad3004644b,song/17f376ad3004644b_2_db297ad4ea4d6a5a.mp3,hum/17f376ad3004644b_2_e615098a274baa64.wav
17f376ad3004644b,song/17f376ad3004644b_2_db297ad4ea4d6a5a.mp3,hum/17f376ad3004644b_2_a89d11c9b11632b3.wav
17f376ad3004644b,song/17f376ad3004644b_2_db297ad4ea4d6a5a.mp3,hum/17f376ad3004644b_2_439a7ec1beb43cb5.wav
17f376ad3004644b,song/17f376ad3004644b_3_52f3c1e4f1037baa.mp3,hum/17f376ad3004644b_3_fb90628cd1f10a1f.wav
17f376ad3004644b,song/17f376ad3004644b_3_52f3c1e4f1037baa.mp3,hum/17f376ad3004644b_3_57dbc60052c1ee31.wav
17f376ad3004644b,song/17f376ad3004644b_3_52f3c1e4f1037baa.mp3,hum/17f376ad3004644b_3_9abc1be422daceb2.wav
17f376ad3004644b,song/17f376ad3004644b_3_52f3c1e4f1037baa.mp3,hum/17f376ad3004644b_3_dc8852fc0e463934.wav
17f376ad3004644b,song/17f376ad3004644b_3_52f3c1e4f1037baa.mp3,hum/17f376ad3004644b_3_ee953545debb9bf8.wav
18a7080919740c1c,song/18a7080919740c1c_1_73719e250d4664a1.mp3,hum/18a7080919740c1c_1_1990e324efedd18c.wav
18a7080919740c1c,song/18a7080919740c1c_1_73719e250d4664a1.mp3,hum/18a7080919740c1c_1_354ebbba71d55c25.wav
18a7080919740c1c,song/18a7080919740c1c_1_73719e250d4664a1.mp3,hum/18a7080919740c1c_1_09ba5c04acaed762.wav
18a7080919740c1c,song/18a7080919740c1c_1_73719e250d4664a1.mp3,hum/18a7080919740c1c_1_78a70ae24b5773a4.wav
18a7080919740c1c,song/18a7080919740c1c_1_73719e250d4664a1.mp3,hum/18a7080919740c1c_1_a0b41d0edeb2af4a.wav
18a7080919740c1c,song/18a7080919740c1c_2_2044a1deecceaaa6.mp3,hum/18a7080919740c1c_2_ed869b152f427fc1.wav
18a7080919740c1c,song/18a7080919740c1c_2_2044a1deecceaaa6.mp3,hum/18a7080919740c1c_2_430b83cdc02d9784.wav
18a7080919740c1c,song/18a7080919740c1c_2_2044a1deecceaaa6.mp3,hum/18a7080919740c1c_2_a97e5703d9a33f0a.wav
18a7080919740c1c,song/18a7080919740c1c_2_2044a1deecceaaa6.mp3,hum/18a7080919740c1c_2_87c56528a5be8fc6.wav
18a7080919740c1c,song/18a7080919740c1c_2_2044a1deecceaaa6.mp3,hum/18a7080919740c1c_2_f9a3deae32a5a9b4.wav
18bcada1ff510397,song/18bcada1ff510397_1_763a1ef0fc562672.mp3,hum/18bcada1ff510397_1_b3464e5ba7f1a3e8.wav
18bcada1ff510397,song/18bcada1ff510397_1_763a1ef0fc562672.mp3,hum/18bcada1ff510397_1_a5b58b07af87df6a.wav
18bcada1ff510397,song/18bcada1ff510397_1_763a1ef0fc562672.mp3,hum/18bcada1ff510397_1_86896ee56715fcd1.wav
18bcada1ff510397,song/18bcada1ff510397_1_763a1ef0fc562672.mp3,hum/18bcada1ff510397_1_e330d6a0c86c4cb0.wav
18bcada1ff510397,song/18bcada1ff510397_1_763a1ef0fc562672.mp3,hum/18bcada1ff510397_1_ce371f908660bf3e.wav
18bcada1ff510397,song/18bcada1ff510397_2_4f01e902c9c5f9d2.mp3,hum/18bcada1ff510397_2_92008f4823e9e6b0.wav
18bcada1ff510397,song/18bcada1ff510397_2_4f01e902c9c5f9d2.mp3,hum/18bcada1ff510397_2_1eedd34050bde927.wav
18bcada1ff510397,song/18bcada1ff510397_2_4f01e902c9c5f9d2.mp3,hum/18bcada1ff510397_2_1907e166e82a40c4.wav
18bcada1ff510397,song/18bcada1ff510397_2_4f01e902c9c5f9d2.mp3,hum/18bcada1ff510397_2_b255e54891b732fa.wav
18bcada1ff510397,song/18bcada1ff510397_2_4f01e902c9c5f9d2.mp3,hum/18bcada1ff510397_2_459d62b83ecf4fc7.wav
1b1986367ebc1354,song/1b1986367ebc1354_1_29e30aae185ce528.mp3,hum/1b1986367ebc1354_1_e9d6956b527ab21f.wav
1b1986367ebc1354,song/1b1986367ebc1354_1_29e30aae185ce528.mp3,hum/1b1986367ebc1354_1_51f93d6bef56b5f7.wav
1b1986367ebc1354,song/1b1986367ebc1354_1_29e30aae185ce528.mp3,hum/1b1986367ebc1354_1_4a89ddeb56d226d7.wav
1b1986367ebc1354,song/1b1986367ebc1354_1_29e30aae185ce528.mp3,hum/1b1986367ebc1354_1_15068fceffbc06b7.wav
1b1986367ebc1354,song/1b1986367ebc1354_1_29e30aae185ce528.mp3,hum/1b1986367ebc1354_1_95e8210e9e80f45b.wav
1b1986367ebc1354,song/1b1986367ebc1354_1_29e30aae185ce528.mp3,hum/1b1986367ebc1354_1_d4666938b7cae728.wav
1b1986367ebc1354,song/1b1986367ebc1354_1_29e30aae185ce528.mp3,hum/1b1986367ebc1354_1_a89dd68ae42170ae.wav
1b1986367ebc1354,song/1b1986367ebc1354_1_29e30aae185ce528.mp3,hum/1b1986367ebc1354_1_af0a0e1b3c2f8a83.wav
1b1986367ebc1354,song/1b1986367ebc1354_1_29e30aae185ce528.mp3,hum/1b1986367ebc1354_1_62ba168063d1c4b6.wav
1b1986367ebc1354,song/1b1986367ebc1354_1_29e30aae185ce528.mp3,hum/1b1986367ebc1354_1_a87266db49b7be79.wav
1b1986367ebc1354,song/1b1986367ebc1354_1_29e30aae185ce528.mp3,hum/1b1986367ebc1354_1_e75c83c0fb19ab50.wav
1b1986367ebc1354,song/1b1986367ebc1354_1_29e30aae185ce528.mp3,hum/1b1986367ebc1354_1_bd39836dfeb86c83.wav
1b1986367ebc1354,song/1b1986367ebc1354_1_29e30aae185ce528.mp3,hum/1b1986367ebc1354_1_db78dccf6d94c175.wav
1b1986367ebc1354,song/1b1986367ebc1354_1_29e30aae185ce528.mp3,hum/1b1986367ebc1354_1_f9fd5632bdf748ac.wav
1b1986367ebc1354,song/1b1986367ebc1354_1_29e30aae185ce528.mp3,hum/1b1986367ebc1354_1_df20222be35d8c4e.wav
1b1986367ebc1354,song/1b1986367ebc1354_1_29e30aae185ce528.mp3,hum/1b1986367ebc1354_1_1d16efe6afbf39b8.wav
1b1986367ebc1354,song/1b1986367ebc1354_1_29e30aae185ce528.mp3,hum/1b1986367ebc1354_1_c6a69bba9eef43a7.wav
1b1986367ebc1354,song/1b1986367ebc1354_1_29e30aae185ce528.mp3,hum/1b1986367ebc1354_1_9157ca852d1833b2.wav
1b1986367ebc1354,song/1b1986367ebc1354_1_29e30aae185ce528.mp3,hum/1b1986367ebc1354_1_46f520877e9d77df.wav
1b1986367ebc1354,song/1b1986367ebc1354_1_29e30aae185ce528.mp3,hum/1b1986367ebc1354_1_d5b3155c278de90c.wav
1b1986367ebc1354,song/1b1986367ebc1354_1_29e30aae185ce528.mp3,hum/1b1986367ebc1354_1_1727b28d06e809ff.wav
1b1986367ebc1354,song/1b1986367ebc1354_1_29e30aae185ce528.mp3,hum/1b1986367ebc1354_1_3787e17d386559f3.wav
1b1986367ebc1354,song/1b1986367ebc1354_2_56c9897a0f235f63.mp3,hum/1b1986367ebc1354_2_854e3363e8fcf08e.wav
1b1986367ebc1354,song/1b1986367ebc1354_2_56c9897a0f235f63.mp3,hum/1b1986367ebc1354_2_179d5ded1dd4eebe.wav
1b1986367ebc1354,song/1b1986367ebc1354_2_56c9897a0f235f63.mp3,hum/1b1986367ebc1354_2_fad9317990de7ed6.wav
1b1986367ebc1354,song/1b1986367ebc1354_2_56c9897a0f235f63.mp3,hum/1b1986367ebc1354_2_dbffc51092af049b.wav
1b1986367ebc1354,song/1b1986367ebc1354_2_56c9897a0f235f63.mp3,hum/1b1986367ebc1354_2_8cc5ddaa80cd30b0.wav
1b1986367ebc1354,song/1b1986367ebc1354_2_56c9897a0f235f63.mp3,hum/1b1986367ebc1354_2_ff3bac9065ed767b.wav
1b1986367ebc1354,song/1b1986367ebc1354_2_56c9897a0f235f63.mp3,hum/1b1986367ebc1354_2_c029f3d89b65de4e.wav
1b1986367ebc1354,song/1b1986367ebc1354_2_56c9897a0f235f63.mp3,hum/1b1986367ebc1354_2_9cb25f4da508e2c1.wav
1b1986367ebc1354,song/1b1986367ebc1354_2_56c9897a0f235f63.mp3,hum/1b1986367ebc1354_2_fe26fbec3f538e9f.wav
1b1986367ebc1354,song/1b1986367ebc1354_2_56c9897a0f235f63.mp3,hum/1b1986367ebc1354_2_9d31375f272d6733.wav
1b1986367ebc1354,song/1b1986367ebc1354_2_56c9897a0f235f63.mp3,hum/1b1986367ebc1354_2_42e4349a7fbfef46.wav
1b1986367ebc1354,song/1b1986367ebc1354_2_56c9897a0f235f63.mp3,hum/1b1986367ebc1354_2_1f0b1a8a4c96de00.wav
1b1986367ebc1354,song/1b1986367ebc1354_2_56c9897a0f235f63.mp3,hum/1b1986367ebc1354_2_f46ed16e5ee3ae11.wav
1b1986367ebc1354,song/1b1986367ebc1354_2_56c9897a0f235f63.mp3,hum/1b1986367ebc1354_2_6bb93ef9e4a79407.wav
1b1986367ebc1354,song/1b1986367ebc1354_2_56c9897a0f235f63.mp3,hum/1b1986367ebc1354_2_beaa60312f14d4ba.wav
1b1986367ebc1354,song/1b1986367ebc1354_2_56c9897a0f235f63.mp3,hum/1b1986367ebc1354_2_91d03d7699b7316c.wav
1c1190090252b67a,song/1c1190090252b67a_1_d97c2acb6b35a16a.mp3,hum/1c1190090252b67a_1_b74312a42d64c268.wav
1c1190090252b67a,song/1c1190090252b67a_1_d97c2acb6b35a16a.mp3,hum/1c1190090252b67a_1_4c1060856de3a563.wav
1c1190090252b67a,song/1c1190090252b67a_1_d97c2acb6b35a16a.mp3,hum/1c1190090252b67a_1_10f6408c1af388cd.wav
1c1190090252b67a,song/1c1190090252b67a_1_d97c2acb6b35a16a.mp3,hum/1c1190090252b67a_1_8bdbae04685ca11d.wav
1c1190090252b67a,song/1c1190090252b67a_1_d97c2acb6b35a16a.mp3,hum/1c1190090252b67a_1_df949c743598761b.wav
1c1190090252b67a,song/1c1190090252b67a_1_d97c2acb6b35a16a.mp3,hum/1c1190090252b67a_1_2ea30b59976b2044.wav
1c1190090252b67a,song/1c1190090252b67a_1_d97c2acb6b35a16a.mp3,hum/1c1190090252b67a_1_3bbef6b4a919526f.wav
1c1190090252b67a,song/1c1190090252b67a_1_d97c2acb6b35a16a.mp3,hum/1c1190090252b67a_1_64662c8a2117fb1f.wav
1c1190090252b67a,song/1c1190090252b67a_1_d97c2acb6b35a16a.mp3,hum/1c1190090252b67a_1_480347994a7fa959.wav
1c1190090252b67a,song/1c1190090252b67a_1_d97c2acb6b35a16a.mp3,hum/1c1190090252b67a_1_a8920d67c27ecc2d.wav
1c1190090252b67a,song/1c1190090252b67a_1_d97c2acb6b35a16a.mp3,hum/1c1190090252b67a_1_36a0dd626a360755.wav
1c1190090252b67a,song/1c1190090252b67a_1_d97c2acb6b35a16a.mp3,hum/1c1190090252b67a_1_f779821bf332892c.wav
1c1190090252b67a,song/1c1190090252b67a_2_f0938048e670003c.mp3,hum/1c1190090252b67a_2_fee762ecfb817138.wav
1c1190090252b67a,song/1c1190090252b67a_2_f0938048e670003c.mp3,hum/1c1190090252b67a_2_bfd1adefc70e0328.wav
1c1190090252b67a,song/1c1190090252b67a_2_f0938048e670003c.mp3,hum/1c1190090252b67a_2_fd07fa659d3c9e95.wav
1c1190090252b67a,song/1c1190090252b67a_2_f0938048e670003c.mp3,hum/1c1190090252b67a_2_3083bfd9309ce6c6.wav
1c1190090252b67a,song/1c1190090252b67a_2_f0938048e670003c.mp3,hum/1c1190090252b67a_2_9fed1638413a047c.wav
1c1190090252b67a,song/1c1190090252b67a_2_f0938048e670003c.mp3,hum/1c1190090252b67a_2_396bff9b7eeb1945.wav
1c1190090252b67a,song/1c1190090252b67a_2_f0938048e670003c.mp3,hum/1c1190090252b67a_2_46f134fae77575bd.wav
1c1190090252b67a,song/1c1190090252b67a_2_f0938048e670003c.mp3,hum/1c1190090252b67a_2_a7bbc84a25b52ec6.wav
1c1190090252b67a,song/1c1190090252b67a_2_f0938048e670003c.mp3,hum/1c1190090252b67a_2_4e73f1ae5a45f82e.wav
1c1190090252b67a,song/1c1190090252b67a_2_f0938048e670003c.mp3,hum/1c1190090252b67a_2_52e8aa737d1f8aa7.wav
1c17e1fa9306e59b,song/1c17e1fa9306e59b_1_496cd61806353bfd.mp3,hum/1c17e1fa9306e59b_1_859c516b13a6df64.wav
1c17e1fa9306e59b,song/1c17e1fa9306e59b_1_496cd61806353bfd.mp3,hum/1c17e1fa9306e59b_1_dc91e47103f068b5.wav
1c17e1fa9306e59b,song/1c17e1fa9306e59b_1_496cd61806353bfd.mp3,hum/1c17e1fa9306e59b_1_feb528b5f2f42111.wav
1c17e1fa9306e59b,song/1c17e1fa9306e59b_1_496cd61806353bfd.mp3,hum/1c17e1fa9306e59b_1_0a314079f3a5c4b9.wav
1c17e1fa9306e59b,song/1c17e1fa9306e59b_1_496cd61806353bfd.mp3,hum/1c17e1fa9306e59b_1_8ce157ba9cdfa003.wav
1e8b9836678891ac,song/1e8b9836678891ac_1_f740f6445ff3906f.mp3,hum/1e8b9836678891ac_1_2411f1536e20c147.wav
1e8b9836678891ac,song/1e8b9836678891ac_1_f740f6445ff3906f.mp3,hum/1e8b9836678891ac_1_79795f94af606169.wav
1e8b9836678891ac,song/1e8b9836678891ac_1_f740f6445ff3906f.mp3,hum/1e8b9836678891ac_1_cc3f72422500a5d2.wav
1e8b9836678891ac,song/1e8b9836678891ac_1_f740f6445ff3906f.mp3,hum/1e8b9836678891ac_1_9f6095fddec24e61.wav
1e8b9836678891ac,song/1e8b9836678891ac_2_5cdb85bac1cd4231.mp3,hum/1e8b9836678891ac_2_734ce63b6bf92431.wav
1e8b9836678891ac,song/1e8b9836678891ac_2_5cdb85bac1cd4231.mp3,hum/1e8b9836678891ac_2_dafb6ebdce94e1f3.wav
1e8b9836678891ac,song/1e8b9836678891ac_2_5cdb85bac1cd4231.mp3,hum/1e8b9836678891ac_2_6861e54e251b4388.wav
1e8b9836678891ac,song/1e8b9836678891ac_2_5cdb85bac1cd4231.mp3,hum/1e8b9836678891ac_2_cd3ff3bbc1b4c3d4.wav
1e8b9836678891ac,song/1e8b9836678891ac_3_6af941b2b745637e.mp3,hum/1e8b9836678891ac_3_b0b57b8960a7633c.wav
1e8b9836678891ac,song/1e8b9836678891ac_3_6af941b2b745637e.mp3,hum/1e8b9836678891ac_3_53f5a207ee6b5aa6.wav
1e8b9836678891ac,song/1e8b9836678891ac_3_6af941b2b745637e.mp3,hum/1e8b9836678891ac_3_7a1c580547e2aafb.wav
1e8b9836678891ac,song/1e8b9836678891ac_3_6af941b2b745637e.mp3,hum/1e8b9836678891ac_3_1cea8c781bc0e6de.wav
1e8b9836678891ac,song/1e8b9836678891ac_4_a2cbc40037143ad0.mp3,hum/1e8b9836678891ac_4_4536563701c0ddea.wav
1e8b9836678891ac,song/1e8b9836678891ac_4_a2cbc40037143ad0.mp3,hum/1e8b9836678891ac_4_cb8de355accce7b0.wav
1e8b9836678891ac,song/1e8b9836678891ac_4_a2cbc40037143ad0.mp3,hum/1e8b9836678891ac_4_2786529ba439b9ab.wav
1e8b9836678891ac,song/1e8b9836678891ac_4_a2cbc40037143ad0.mp3,hum/1e8b9836678891ac_4_94a88cbc7a72b242.wav
1ea56e659bd1ed3c,song/1ea56e659bd1ed3c_1_710387666e338c70.mp3,hum/1ea56e659bd1ed3c_1_dbf214a815a0b4b7.wav
1ea56e659bd1ed3c,song/1ea56e659bd1ed3c_1_710387666e338c70.mp3,hum/1ea56e659bd1ed3c_1_8f0daa41ecdbbe6b.wav
1ea56e659bd1ed3c,song/1ea56e659bd1ed3c_1_710387666e338c70.mp3,hum/1ea56e659bd1ed3c_1_908b0fcb7c376973.wav
1ea56e659bd1ed3c,song/1ea56e659bd1ed3c_1_710387666e338c70.mp3,hum/1ea56e659bd1ed3c_1_b86dd8d04ce3e421.wav
1ea56e659bd1ed3c,song/1ea56e659bd1ed3c_1_710387666e338c70.mp3,hum/1ea56e659bd1ed3c_1_b8e3f860dabb9431.wav
1ed3c3b78e8b1132,song/1ed3c3b78e8b1132_1_50a048d0b1507935.mp3,hum/1ed3c3b78e8b1132_1_9a98f64e7cb24994.wav
1ed3c3b78e8b1132,song/1ed3c3b78e8b1132_1_50a048d0b1507935.mp3,hum/1ed3c3b78e8b1132_1_5be41bba225da771.wav
1ed3c3b78e8b1132,song/1ed3c3b78e8b1132_1_50a048d0b1507935.mp3,hum/1ed3c3b78e8b1132_1_3cfa1972608d3183.wav
1ed3c3b78e8b1132,song/1ed3c3b78e8b1132_1_50a048d0b1507935.mp3,hum/1ed3c3b78e8b1132_1_361a5493448dfc73.wav
1ed3c3b78e8b1132,song/1ed3c3b78e8b1132_1_50a048d0b1507935.mp3,hum/1ed3c3b78e8b1132_1_a762375e340f048c.wav
1ed3c3b78e8b1132,song/1ed3c3b78e8b1132_2_1d1b72c642535dab.mp3,hum/1ed3c3b78e8b1132_2_44b5979313d2e59d.wav
1ed3c3b78e8b1132,song/1ed3c3b78e8b1132_2_1d1b72c642535dab.mp3,hum/1ed3c3b78e8b1132_2_92c5f20a8a2ccbc5.wav
1ed3c3b78e8b1132,song/1ed3c3b78e8b1132_2_1d1b72c642535dab.mp3,hum/1ed3c3b78e8b1132_2_deacd344470bac5e.wav
1ed3c3b78e8b1132,song/1ed3c3b78e8b1132_2_1d1b72c642535dab.mp3,hum/1ed3c3b78e8b1132_2_75a2334e46f2c2e0.wav
1ed3c3b78e8b1132,song/1ed3c3b78e8b1132_2_1d1b72c642535dab.mp3,hum/1ed3c3b78e8b1132_2_8af887b7521a942c.wav
201823d912f1ba75,song/201823d912f1ba75_1_6a85ce88bba40c70.mp3,hum/201823d912f1ba75_1_d7a978f43332ee75.wav
201823d912f1ba75,song/201823d912f1ba75_1_6a85ce88bba40c70.mp3,hum/201823d912f1ba75_1_86f5d38a42ba35c4.wav
201823d912f1ba75,song/201823d912f1ba75_1_6a85ce88bba40c70.mp3,hum/201823d912f1ba75_1_125753fa5ea053e2.wav
201823d912f1ba75,song/201823d912f1ba75_1_6a85ce88bba40c70.mp3,hum/201823d912f1ba75_1_9976f24a802fccad.wav
201823d912f1ba75,song/201823d912f1ba75_1_6a85ce88bba40c70.mp3,hum/201823d912f1ba75_1_0754750162581e85.wav
201823d912f1ba75,song/201823d912f1ba75_1_6a85ce88bba40c70.mp3,hum/201823d912f1ba75_1_45e946c3248ef0a3.wav
201823d912f1ba75,song/201823d912f1ba75_2_de367b3e6500ae0b.mp3,hum/201823d912f1ba75_2_f17a8cb1e4884ed8.wav
201823d912f1ba75,song/201823d912f1ba75_2_de367b3e6500ae0b.mp3,hum/201823d912f1ba75_2_efcd4a6247a8ba6d.wav
201823d912f1ba75,song/201823d912f1ba75_2_de367b3e6500ae0b.mp3,hum/201823d912f1ba75_2_531e1406057d8fd7.wav
201823d912f1ba75,song/201823d912f1ba75_2_de367b3e6500ae0b.mp3,hum/201823d912f1ba75_2_ce4c04be9bbfdff3.wav
201823d912f1ba75,song/201823d912f1ba75_2_de367b3e6500ae0b.mp3,hum/201823d912f1ba75_2_7c0f1a494ff544ab.wav
201823d912f1ba75,song/201823d912f1ba75_2_de367b3e6500ae0b.mp3,hum/201823d912f1ba75_2_b4ba0063671e6da8.wav
201823d912f1ba75,song/201823d912f1ba75_3_af3bee7510f0b1bb.mp3,hum/201823d912f1ba75_3_9c85ab3f60288495.wav
201823d912f1ba75,song/201823d912f1ba75_3_af3bee7510f0b1bb.mp3,hum/201823d912f1ba75_3_3f7658989f444b47.wav
201823d912f1ba75,song/201823d912f1ba75_3_af3bee7510f0b1bb.mp3,hum/201823d912f1ba75_3_f59ed38d24d3f4ac.wav
201823d912f1ba75,song/201823d912f1ba75_3_af3bee7510f0b1bb.mp3,hum/201823d912f1ba75_3_abc7defebf6a8708.wav
201823d912f1ba75,song/201823d912f1ba75_3_af3bee7510f0b1bb.mp3,hum/201823d912f1ba75_3_953a37655e3e95b0.wav
201823d912f1ba75,song/201823d912f1ba75_3_af3bee7510f0b1bb.mp3,hum/201823d912f1ba75_3_2d1717edce5298d0.wav
201823d912f1ba75,song/201823d912f1ba75_4_5e1a27b231756ba4.mp3,hum/201823d912f1ba75_4_43a51d1fff2351d5.wav
201823d912f1ba75,song/201823d912f1ba75_4_5e1a27b231756ba4.mp3,hum/201823d912f1ba75_4_80e656bdb7c21529.wav
201823d912f1ba75,song/201823d912f1ba75_4_5e1a27b231756ba4.mp3,hum/201823d912f1ba75_4_bb7876b61d6443ff.wav
201823d912f1ba75,song/201823d912f1ba75_4_5e1a27b231756ba4.mp3,hum/201823d912f1ba75_4_ed77e2fc008a68ee.wav
201823d912f1ba75,song/201823d912f1ba75_4_5e1a27b231756ba4.mp3,hum/201823d912f1ba75_4_0e1b56c64004edec.wav
201823d912f1ba75,song/201823d912f1ba75_4_5e1a27b231756ba4.mp3,hum/201823d912f1ba75_4_35aa215b46d50805.wav
210592425c38ddb2,song/210592425c38ddb2_1_b456001b790434e3.mp3,hum/210592425c38ddb2_1_c59040121a9bf969.wav
210592425c38ddb2,song/210592425c38ddb2_1_b456001b790434e3.mp3,hum/210592425c38ddb2_1_7e8bfee13b0aa9d8.wav
210592425c38ddb2,song/210592425c38ddb2_1_b456001b790434e3.mp3,hum/210592425c38ddb2_1_9c1c21110080d05c.wav
210592425c38ddb2,song/210592425c38ddb2_1_b456001b790434e3.mp3,hum/210592425c38ddb2_1_45890a3025c8da73.wav
210592425c38ddb2,song/210592425c38ddb2_1_b456001b790434e3.mp3,hum/210592425c38ddb2_1_e8a16fee7f810f17.wav
210592425c38ddb2,song/210592425c38ddb2_1_b456001b790434e3.mp3,hum/210592425c38ddb2_1_803054f89e1bff78.wav
210592425c38ddb2,song/210592425c38ddb2_1_b456001b790434e3.mp3,hum/210592425c38ddb2_1_968b52a730a2a1b3.wav
210592425c38ddb2,song/210592425c38ddb2_1_b456001b790434e3.mp3,hum/210592425c38ddb2_1_c8b12c0c468aa070.wav
210592425c38ddb2,song/210592425c38ddb2_1_b456001b790434e3.mp3,hum/210592425c38ddb2_1_097fe8f190313522.wav
210592425c38ddb2,song/210592425c38ddb2_1_b456001b790434e3.mp3,hum/210592425c38ddb2_1_9887d631d650588f.wav
210592425c38ddb2,song/210592425c38ddb2_1_b456001b790434e3.mp3,hum/210592425c38ddb2_1_5b243334596b2ab6.wav
210592425c38ddb2,song/210592425c38ddb2_1_b456001b790434e3.mp3,hum/210592425c38ddb2_1_38a890ebd3fd2531.wav
210592425c38ddb2,song/210592425c38ddb2_1_b456001b790434e3.mp3,hum/210592425c38ddb2_1_111d2ef4402dcb6a.wav
210592425c38ddb2,song/210592425c38ddb2_1_b456001b790434e3.mp3,hum/210592425c38ddb2_1_762b3816f4cb762c.wav
210592425c38ddb2,song/210592425c38ddb2_1_b456001b790434e3.mp3,hum/210592425c38ddb2_1_277d4dcb83197eb0.wav
210592425c38ddb2,song/210592425c38ddb2_1_b456001b790434e3.mp3,hum/210592425c38ddb2_1_75d0a2bb2e663b29.wav
210592425c38ddb2,song/210592425c38ddb2_1_b456001b790434e3.mp3,hum/210592425c38ddb2_1_77d9b005669beddd.wav
210592425c38ddb2,song/210592425c38ddb2_1_b456001b790434e3.mp3,hum/210592425c38ddb2_1_e70a40696e57d1fd.wav
210592425c38ddb2,song/210592425c38ddb2_1_b456001b790434e3.mp3,hum/210592425c38ddb2_1_ba6a0f4985c3601a.wav
210592425c38ddb2,song/210592425c38ddb2_1_b456001b790434e3.mp3,hum/210592425c38ddb2_1_42c52e01bd210f1f.wav
210592425c38ddb2,song/210592425c38ddb2_2_8a9ef781fdba9ee7.mp3,hum/210592425c38ddb2_2_a53ba90a95e7991a.wav
210592425c38ddb2,song/210592425c38ddb2_2_8a9ef781fdba9ee7.mp3,hum/210592425c38ddb2_2_62ead89b85be99e5.wav
210592425c38ddb2,song/210592425c38ddb2_2_8a9ef781fdba9ee7.mp3,hum/210592425c38ddb2_2_4da69c76a05f552a.wav
210592425c38ddb2,song/210592425c38ddb2_2_8a9ef781fdba9ee7.mp3,hum/210592425c38ddb2_2_2c5869391d071f57.wav
210592425c38ddb2,song/210592425c38ddb2_2_8a9ef781fdba9ee7.mp3,hum/210592425c38ddb2_2_78a722bb7fee579a.wav
210592425c38ddb2,song/210592425c38ddb2_2_8a9ef781fdba9ee7.mp3,hum/210592425c38ddb2_2_1f135ecc3f41f575.wav
210592425c38ddb2,song/210592425c38ddb2_2_8a9ef781fdba9ee7.mp3,hum/210592425c38ddb2_2_f6ad4968d642cd33.wav
210592425c38ddb2,song/210592425c38ddb2_2_8a9ef781fdba9ee7.mp3,hum/210592425c38ddb2_2_d807944369fb8a12.wav
210592425c38ddb2,song/210592425c38ddb2_2_8a9ef781fdba9ee7.mp3,hum/210592425c38ddb2_2_c4c586c9e4b1d773.wav
210592425c38ddb2,song/210592425c38ddb2_2_8a9ef781fdba9ee7.mp3,hum/210592425c38ddb2_2_a8d5bba05fd18328.wav
210592425c38ddb2,song/210592425c38ddb2_2_8a9ef781fdba9ee7.mp3,hum/210592425c38ddb2_2_640725f093b7632c.wav
210592425c38ddb2,song/210592425c38ddb2_2_8a9ef781fdba9ee7.mp3,hum/210592425c38ddb2_2_59e522e31ef20e90.wav
210592425c38ddb2,song/210592425c38ddb2_2_8a9ef781fdba9ee7.mp3,hum/210592425c38ddb2_2_ed215b7b8a3a78f4.wav
210592425c38ddb2,song/210592425c38ddb2_2_8a9ef781fdba9ee7.mp3,hum/210592425c38ddb2_2_162525fca00c4521.wav
210592425c38ddb2,song/210592425c38ddb2_2_8a9ef781fdba9ee7.mp3,hum/210592425c38ddb2_2_6d72189abb85f9a4.wav
210592425c38ddb2,song/210592425c38ddb2_2_8a9ef781fdba9ee7.mp3,hum/210592425c38ddb2_2_82d1132d3244775e.wav
210592425c38ddb2,song/210592425c38ddb2_2_8a9ef781fdba9ee7.mp3,hum/210592425c38ddb2_2_a8779ae9a46a5dda.wav
23d895ca7a86c3ba,song/23d895ca7a86c3ba_1_06f49552ffcfe1db.mp3,hum/23d895ca7a86c3ba_1_174296f5d5fe76f5.wav
23d895ca7a86c3ba,song/23d895ca7a86c3ba_1_06f49552ffcfe1db.mp3,hum/23d895ca7a86c3ba_1_9e40c99fff0d4318.wav
23d895ca7a86c3ba,song/23d895ca7a86c3ba_1_06f49552ffcfe1db.mp3,hum/23d895ca7a86c3ba_1_895f34eedcc6e948.wav
23d895ca7a86c3ba,song/23d895ca7a86c3ba_1_06f49552ffcfe1db.mp3,hum/23d895ca7a86c3ba_1_55b52e72bce48116.wav
23d895ca7a86c3ba,song/23d895ca7a86c3ba_1_06f49552ffcfe1db.mp3,hum/23d895ca7a86c3ba_1_f666a1bc75bb42f3.wav
23d895ca7a86c3ba,song/23d895ca7a86c3ba_1_06f49552ffcfe1db.mp3,hum/23d895ca7a86c3ba_1_d01b078d8e3a1449.wav
23d895ca7a86c3ba,song/23d895ca7a86c3ba_1_06f49552ffcfe1db.mp3,hum/23d895ca7a86c3ba_1_3cb9447eb7827516.wav
23d895ca7a86c3ba,song/23d895ca7a86c3ba_1_06f49552ffcfe1db.mp3,hum/23d895ca7a86c3ba_1_a08b53a1aed5a85e.wav
23d895ca7a86c3ba,song/23d895ca7a86c3ba_1_06f49552ffcfe1db.mp3,hum/23d895ca7a86c3ba_1_9b4856e3cd306e59.wav
23d895ca7a86c3ba,song/23d895ca7a86c3ba_1_06f49552ffcfe1db.mp3,hum/23d895ca7a86c3ba_1_5c29965cf84d4efd.wav
23d895ca7a86c3ba,song/23d895ca7a86c3ba_1_06f49552ffcfe1db.mp3,hum/23d895ca7a86c3ba_1_2bd6d22164ffd74e.wav
23d895ca7a86c3ba,song/23d895ca7a86c3ba_1_06f49552ffcfe1db.mp3,hum/23d895ca7a86c3ba_1_1b9b7a42c4be69c0.wav
23d895ca7a86c3ba,song/23d895ca7a86c3ba_1_06f49552ffcfe1db.mp3,hum/23d895ca7a86c3ba_1_7569e0fd4975f588.wav
23d895ca7a86c3ba,song/23d895ca7a86c3ba_1_06f49552ffcfe1db.mp3,hum/23d895ca7a86c3ba_1_83fb71714691b604.wav
23d895ca7a86c3ba,song/23d895ca7a86c3ba_1_06f49552ffcfe1db.mp3,hum/23d895ca7a86c3ba_1_c97bc86d6bbc4b9f.wav
23d895ca7a86c3ba,song/23d895ca7a86c3ba_1_06f49552ffcfe1db.mp3,hum/23d895ca7a86c3ba_1_5923d3e7179b918d.wav
23d895ca7a86c3ba,song/23d895ca7a86c3ba_1_06f49552ffcfe1db.mp3,hum/23d895ca7a86c3ba_1_86faf3c6dfd7cc15.wav
23d895ca7a86c3ba,song/23d895ca7a86c3ba_1_06f49552ffcfe1db.mp3,hum/23d895ca7a86c3ba_1_904adc68eb842aea.wav
23d895ca7a86c3ba,song/23d895ca7a86c3ba_1_06f49552ffcfe1db.mp3,hum/23d895ca7a86c3ba_1_32b3a1d125645838.wav
245a8caff4cde744,song/245a8caff4cde744_1_3cdf858c3525eaa3.mp3,hum/245a8caff4cde744_1_9db7e971d7cc60da.wav
245a8caff4cde744,song/245a8caff4cde744_1_3cdf858c3525eaa3.mp3,hum/245a8caff4cde744_1_c092852918820e70.wav
245a8caff4cde744,song/245a8caff4cde744_1_3cdf858c3525eaa3.mp3,hum/245a8caff4cde744_1_4246317f11479892.wav
245a8caff4cde744,song/245a8caff4cde744_1_3cdf858c3525eaa3.mp3,hum/245a8caff4cde744_1_d10998213cc24957.wav
245a8caff4cde744,song/245a8caff4cde744_1_3cdf858c3525eaa3.mp3,hum/245a8caff4cde744_1_404e54f18878e247.wav
245a8caff4cde744,song/245a8caff4cde744_2_7be46697ecc24836.mp3,hum/245a8caff4cde744_2_aa7e78f3b343f6d7.wav
245a8caff4cde744,song/245a8caff4cde744_2_7be46697ecc24836.mp3,hum/245a8caff4cde744_2_f9eb19e056ed7de3.wav
245a8caff4cde744,song/245a8caff4cde744_2_7be46697ecc24836.mp3,hum/245a8caff4cde744_2_3204d492de9a34db.wav
245a8caff4cde744,song/245a8caff4cde744_2_7be46697ecc24836.mp3,hum/245a8caff4cde744_2_9a4656d88d97159e.wav
245a8caff4cde744,song/245a8caff4cde744_2_7be46697ecc24836.mp3,hum/245a8caff4cde744_2_6b37a2229882f361.wav
245a8caff4cde744,song/245a8caff4cde744_3_6159a8a9fed7f7ae.mp3,hum/245a8caff4cde744_3_2baa21f8ebfd5e36.wav
245a8caff4cde744,song/245a8caff4cde744_3_6159a8a9fed7f7ae.mp3,hum/245a8caff4cde744_3_16e7a7e9ae01aa9d.wav
245a8caff4cde744,song/245a8caff4cde744_3_6159a8a9fed7f7ae.mp3,hum/245a8caff4cde744_3_5f6ecb6e93aa453d.wav
245a8caff4cde744,song/245a8caff4cde744_3_6159a8a9fed7f7ae.mp3,hum/245a8caff4cde744_3_39b70c4407036a24.wav
245a8caff4cde744,song/245a8caff4cde744_3_6159a8a9fed7f7ae.mp3,hum/245a8caff4cde744_3_d8dd1d3e81c172b9.wav
26803c35992f8280,song/26803c35992f8280_1_ba85971e36f96425.mp3,hum/26803c35992f8280_1_dc2a9bcb63c87350.wav
26803c35992f8280,song/26803c35992f8280_1_ba85971e36f96425.mp3,hum/26803c35992f8280_1_42e8b4ee62906f0e.wav
26803c35992f8280,song/26803c35992f8280_1_ba85971e36f96425.mp3,hum/26803c35992f8280_1_20b5c5ffeb220102.wav
26803c35992f8280,song/26803c35992f8280_1_ba85971e36f96425.mp3,hum/26803c35992f8280_1_81167659600fd47a.wav
26803c35992f8280,song/26803c35992f8280_1_ba85971e36f96425.mp3,hum/26803c35992f8280_1_d687395c3b8f90f8.wav
26803c35992f8280,song/26803c35992f8280_1_ba85971e36f96425.mp3,hum/26803c35992f8280_1_48b554b3da8ecea7.wav
26803c35992f8280,song/26803c35992f8280_1_ba85971e36f96425.mp3,hum/26803c35992f8280_1_4e0f8a9ff607224a.wav
26803c35992f8280,song/26803c35992f8280_1_ba85971e36f96425.mp3,hum/26803c35992f8280_1_e69e9d9ce1147df7.wav
26803c35992f8280,song/26803c35992f8280_1_ba85971e36f96425.mp3,hum/26803c35992f8280_1_57fbcf46d4036b7f.wav
26803c35992f8280,song/26803c35992f8280_1_ba85971e36f96425.mp3,hum/26803c35992f8280_1_4315b43686f996b4.wav
26803c35992f8280,song/26803c35992f8280_2_a6308fdcd5fea8c0.mp3,hum/26803c35992f8280_2_a176e6bd893cdd0f.wav
26803c35992f8280,song/26803c35992f8280_2_a6308fdcd5fea8c0.mp3,hum/26803c35992f8280_2_c475ff546413e6f5.wav
26803c35992f8280,song/26803c35992f8280_2_a6308fdcd5fea8c0.mp3,hum/26803c35992f8280_2_05b5f9c1a93e8b52.wav
26803c35992f8280,song/26803c35992f8280_2_a6308fdcd5fea8c0.mp3,hum/26803c35992f8280_2_09fd0db67af82a4b.wav
26803c35992f8280,song/26803c35992f8280_2_a6308fdcd5fea8c0.mp3,hum/26803c35992f8280_2_89a39b8e7aaf9408.wav
26803c35992f8280,song/26803c35992f8280_2_a6308fdcd5fea8c0.mp3,hum/26803c35992f8280_2_de506f376706517f.wav
26803c35992f8280,song/26803c35992f8280_2_a6308fdcd5fea8c0.mp3,hum/26803c35992f8280_2_1eac15a2421007fc.wav
26803c35992f8280,song/26803c35992f8280_2_a6308fdcd5fea8c0.mp3,hum/26803c35992f8280_2_7760d7a7bc992105.wav
26803c35992f8280,song/26803c35992f8280_2_a6308fdcd5fea8c0.mp3,hum/26803c35992f8280_2_cd8ac5d27b18a885.wav
26803c35992f8280,song/26803c35992f8280_2_a6308fdcd5fea8c0.mp3,hum/26803c35992f8280_2_263b527b9fa3c8d8.wav
26803c35992f8280,song/26803c35992f8280_2_a6308fdcd5fea8c0.mp3,hum/26803c35992f8280_2_1ac8764007fb8e72.wav
26803c35992f8280,song/26803c35992f8280_2_a6308fdcd5fea8c0.mp3,hum/26803c35992f8280_2_49704b645bbef4cd.wav
26803c35992f8280,song/26803c35992f8280_2_a6308fdcd5fea8c0.mp3,hum/26803c35992f8280_2_8c2266b8d515dc41.wav
26803c35992f8280,song/26803c35992f8280_2_a6308fdcd5fea8c0.mp3,hum/26803c35992f8280_2_8880edf96fd7d7f3.wav
26c4fc8239e7be74,song/26c4fc8239e7be74_1_6ca105762619af99.mp3,hum/26c4fc8239e7be74_1_917d4f12dcf5f6d8.wav
26c4fc8239e7be74,song/26c4fc8239e7be74_1_6ca105762619af99.mp3,hum/26c4fc8239e7be74_1_6b84149a6010f7f6.wav
26c4fc8239e7be74,song/26c4fc8239e7be74_1_6ca105762619af99.mp3,hum/26c4fc8239e7be74_1_66158e2bdc2cf24b.wav
26c4fc8239e7be74,song/26c4fc8239e7be74_1_6ca105762619af99.mp3,hum/26c4fc8239e7be74_1_69661c2346f4b482.wav
26c4fc8239e7be74,song/26c4fc8239e7be74_1_6ca105762619af99.mp3,hum/26c4fc8239e7be74_1_81c906f5185da81d.wav
290a216cf9f63943,song/290a216cf9f63943_3_9e4a45ff39c20b0e.mp3,hum/290a216cf9f63943_3_f8aebd42730a1b16.wav
290a216cf9f63943,song/290a216cf9f63943_3_9e4a45ff39c20b0e.mp3,hum/290a216cf9f63943_3_f81346761846a36e.wav
290a216cf9f63943,song/290a216cf9f63943_3_9e4a45ff39c20b0e.mp3,hum/290a216cf9f63943_3_dde2401fa804eacf.wav
290a216cf9f63943,song/290a216cf9f63943_3_9e4a45ff39c20b0e.mp3,hum/290a216cf9f63943_3_f9ff65bafe1ce5a7.wav
290a216cf9f63943,song/290a216cf9f63943_3_9e4a45ff39c20b0e.mp3,hum/290a216cf9f63943_3_4d3db37a0b8661f5.wav
290a216cf9f63943,song/290a216cf9f63943_4_4fb46f36a3f86c52.mp3,hum/290a216cf9f63943_4_e732da7419daa6d6.wav
290a216cf9f63943,song/290a216cf9f63943_4_4fb46f36a3f86c52.mp3,hum/290a216cf9f63943_4_bf2da368274a7be6.wav
290a216cf9f63943,song/290a216cf9f63943_4_4fb46f36a3f86c52.mp3,hum/290a216cf9f63943_4_6de56191f9c30b47.wav
290a216cf9f63943,song/290a216cf9f63943_4_4fb46f36a3f86c52.mp3,hum/290a216cf9f63943_4_9f221ec672da5763.wav
290a216cf9f63943,song/290a216cf9f63943_4_4fb46f36a3f86c52.mp3,hum/290a216cf9f63943_4_60cc7a05508f7191.wav
290a216cf9f63943,song/290a216cf9f63943_4_4fb46f36a3f86c52.mp3,hum/290a216cf9f63943_4_e978e51b8d2770e1.wav
290a216cf9f63943,song/290a216cf9f63943_4_4fb46f36a3f86c52.mp3,hum/290a216cf9f63943_4_27c58a2c76519f2a.wav
290a216cf9f63943,song/290a216cf9f63943_4_4fb46f36a3f86c52.mp3,hum/290a216cf9f63943_4_516cc5daf6d0fe38.wav
290a216cf9f63943,song/290a216cf9f63943_5_d204c93909e392bb.mp3,hum/290a216cf9f63943_5_80ea2a7722492862.wav
290a216cf9f63943,song/290a216cf9f63943_5_d204c93909e392bb.mp3,hum/290a216cf9f63943_5_4868a3eea09f5b81.wav
290a216cf9f63943,song/290a216cf9f63943_5_d204c93909e392bb.mp3,hum/290a216cf9f63943_5_668a059cbd677ebd.wav
290a216cf9f63943,song/290a216cf9f63943_5_d204c93909e392bb.mp3,hum/290a216cf9f63943_5_44ec28643a342e8e.wav
290a216cf9f63943,song/290a216cf9f63943_5_d204c93909e392bb.mp3,hum/290a216cf9f63943_5_259e1237c23b7be6.wav
290a216cf9f63943,song/290a216cf9f63943_5_d204c93909e392bb.mp3,hum/290a216cf9f63943_5_520725e6376dbab2.wav
290a216cf9f63943,song/290a216cf9f63943_5_d204c93909e392bb.mp3,hum/290a216cf9f63943_5_44c032e5b73a3d75.wav
290a216cf9f63943,song/290a216cf9f63943_5_d204c93909e392bb.mp3,hum/290a216cf9f63943_5_fd772eb9c89778e5.wav
2a4f927c59da5553,song/2a4f927c59da5553_1_99f8d83c19e46aee.mp3,hum/2a4f927c59da5553_1_ed30b3bc23d233dc.wav
2a4f927c59da5553,song/2a4f927c59da5553_1_99f8d83c19e46aee.mp3,hum/2a4f927c59da5553_1_d1658017d7aac274.wav
2a4f927c59da5553,song/2a4f927c59da5553_1_99f8d83c19e46aee.mp3,hum/2a4f927c59da5553_1_e10a0b33fbc7fb23.wav
2a4f927c59da5553,song/2a4f927c59da5553_1_99f8d83c19e46aee.mp3,hum/2a4f927c59da5553_1_49b6b8cc41e8517d.wav
2a4f927c59da5553,song/2a4f927c59da5553_1_99f8d83c19e46aee.mp3,hum/2a4f927c59da5553_1_e3ae1fa5d7c16e3f.wav
2a4f927c59da5553,song/2a4f927c59da5553_2_98a75798cdab7913.mp3,hum/2a4f927c59da5553_2_be2d56a4e5b205d1.wav
2a4f927c59da5553,song/2a4f927c59da5553_2_98a75798cdab7913.mp3,hum/2a4f927c59da5553_2_bbcbc4af05c44eff.wav
2a4f927c59da5553,song/2a4f927c59da5553_2_98a75798cdab7913.mp3,hum/2a4f927c59da5553_2_92ba861e1242785d.wav
2a4f927c59da5553,song/2a4f927c59da5553_2_98a75798cdab7913.mp3,hum/2a4f927c59da5553_2_78ce6f3e5fac9375.wav
2a4f927c59da5553,song/2a4f927c59da5553_2_98a75798cdab7913.mp3,hum/2a4f927c59da5553_2_81750244396d2200.wav
2b960fe77930947c,song/2b960fe77930947c_1_a7bf1ea96e9b97e3.mp3,hum/2b960fe77930947c_1_d08ea9b713f24d76.wav
2b960fe77930947c,song/2b960fe77930947c_1_a7bf1ea96e9b97e3.mp3,hum/2b960fe77930947c_1_b71d4cc3a8bd347d.wav
2b960fe77930947c,song/2b960fe77930947c_1_a7bf1ea96e9b97e3.mp3,hum/2b960fe77930947c_1_42f1292cb2f0c24d.wav
2b960fe77930947c,song/2b960fe77930947c_1_a7bf1ea96e9b97e3.mp3,hum/2b960fe77930947c_1_fbe422658062a06e.wav
2b960fe77930947c,song/2b960fe77930947c_2_909e87907defd7ef.mp3,hum/2b960fe77930947c_2_157ef8f38ad961ea.wav
2b960fe77930947c,song/2b960fe77930947c_2_909e87907defd7ef.mp3,hum/2b960fe77930947c_2_022e25b592e09b74.wav
2b960fe77930947c,song/2b960fe77930947c_2_909e87907defd7ef.mp3,hum/2b960fe77930947c_2_4c3a59d8445f70ef.wav
2b960fe77930947c,song/2b960fe77930947c_2_909e87907defd7ef.mp3,hum/2b960fe77930947c_2_4ff6d8090203eb38.wav
2b960fe77930947c,song/2b960fe77930947c_3_33de4bb4fac5695d.mp3,hum/2b960fe77930947c_3_770ae30049c0bf2a.wav
2b960fe77930947c,song/2b960fe77930947c_3_33de4bb4fac5695d.mp3,hum/2b960fe77930947c_3_d55fd92c5d40e835.wav
2b960fe77930947c,song/2b960fe77930947c_3_33de4bb4fac5695d.mp3,hum/2b960fe77930947c_3_38d4b3c29931f026.wav
2b960fe77930947c,song/2b960fe77930947c_3_33de4bb4fac5695d.mp3,hum/2b960fe77930947c_3_45a13b1b676ec13d.wav
2b960fe77930947c,song/2b960fe77930947c_3_33de4bb4fac5695d.mp3,hum/2b960fe77930947c_3_a4a264ccd317ad07.wav
2b960fe77930947c,song/2b960fe77930947c_3_33de4bb4fac5695d.mp3,hum/2b960fe77930947c_3_62254b6ef3cbe745.wav
2b960fe77930947c,song/2b960fe77930947c_4_93b08fb26c59f075.mp3,hum/2b960fe77930947c_4_6f731b0baba93539.wav
2b960fe77930947c,song/2b960fe77930947c_4_93b08fb26c59f075.mp3,hum/2b960fe77930947c_4_3072937a17cc463d.wav
2b960fe77930947c,song/2b960fe77930947c_4_93b08fb26c59f075.mp3,hum/2b960fe77930947c_4_41d9d4975a701bc7.wav
2b960fe77930947c,song/2b960fe77930947c_4_93b08fb26c59f075.mp3,hum/2b960fe77930947c_4_68a50e6efbd9a0f0.wav
2b960fe77930947c,song/2b960fe77930947c_4_93b08fb26c59f075.mp3,hum/2b960fe77930947c_4_fb1d2667cdf92394.wav
2b960fe77930947c,song/2b960fe77930947c_4_93b08fb26c59f075.mp3,hum/2b960fe77930947c_4_a285a1b556c8f8d9.wav
2b960fe77930947c,song/2b960fe77930947c_5_ef6b509c374edbc2.mp3,hum/2b960fe77930947c_5_9892311dc90fe5c6.wav
2b960fe77930947c,song/2b960fe77930947c_5_ef6b509c374edbc2.mp3,hum/2b960fe77930947c_5_239e5f784e12532f.wav
2b960fe77930947c,song/2b960fe77930947c_5_ef6b509c374edbc2.mp3,hum/2b960fe77930947c_5_f05396df88a4bc53.wav
2b960fe77930947c,song/2b960fe77930947c_5_ef6b509c374edbc2.mp3,hum/2b960fe77930947c_5_c3e6ebf00f8f598c.wav
2bb0fef579f3588a,song/2bb0fef579f3588a_1_32e28fbeeab9f256.mp3,hum/2bb0fef579f3588a_1_928f77ff8809bff9.wav
2bb0fef579f3588a,song/2bb0fef579f3588a_1_32e28fbeeab9f256.mp3,hum/2bb0fef579f3588a_1_4e7fc80a80190494.wav
2bb0fef579f3588a,song/2bb0fef579f3588a_1_32e28fbeeab9f256.mp3,hum/2bb0fef579f3588a_1_bd9cb69460c3b30d.wav
2bb0fef579f3588a,song/2bb0fef579f3588a_1_32e28fbeeab9f256.mp3,hum/2bb0fef579f3588a_1_3da5c6c1621e8651.wav
2bb0fef579f3588a,song/2bb0fef579f3588a_1_32e28fbeeab9f256.mp3,hum/2bb0fef579f3588a_1_b1fd915459b33b1c.wav
2bb0fef579f3588a,song/2bb0fef579f3588a_1_32e28fbeeab9f256.mp3,hum/2bb0fef579f3588a_1_cc0b00447270f52f.wav
2bb0fef579f3588a,song/2bb0fef579f3588a_1_32e28fbeeab9f256.mp3,hum/2bb0fef579f3588a_1_ebb7b24de272d2ac.wav
2bb0fef579f3588a,song/2bb0fef579f3588a_1_32e28fbeeab9f256.mp3,hum/2bb0fef579f3588a_1_decb65dbcf5dc81a.wav
2bb0fef579f3588a,song/2bb0fef579f3588a_1_32e28fbeeab9f256.mp3,hum/2bb0fef579f3588a_1_48eed457ef285a54.wav
2bb0fef579f3588a,song/2bb0fef579f3588a_1_32e28fbeeab9f256.mp3,hum/2bb0fef579f3588a_1_4401ed284e7695c3.wav
2bb0fef579f3588a,song/2bb0fef579f3588a_1_32e28fbeeab9f256.mp3,hum/2bb0fef579f3588a_1_68f8d665f44a2f24.wav
2bb0fef579f3588a,song/2bb0fef579f3588a_1_32e28fbeeab9f256.mp3,hum/2bb0fef579f3588a_1_ecc22237b7f2d29c.wav
2bb0fef579f3588a,song/2bb0fef579f3588a_1_32e28fbeeab9f256.mp3,hum/2bb0fef579f3588a_1_139cb37a88d73081.wav
2bb0fef579f3588a,song/2bb0fef579f3588a_1_32e28fbeeab9f256.mp3,hum/2bb0fef579f3588a_1_2e1139b71878d2df.wav
2c4d4ad698d4c5de,song/2c4d4ad698d4c5de_1_619a7091702d5d1c.mp3,hum/2c4d4ad698d4c5de_1_597d685d96fde8e0.wav
2c4d4ad698d4c5de,song/2c4d4ad698d4c5de_1_619a7091702d5d1c.mp3,hum/2c4d4ad698d4c5de_1_f241a8274eb24f3a.wav
2c4d4ad698d4c5de,song/2c4d4ad698d4c5de_1_619a7091702d5d1c.mp3,hum/2c4d4ad698d4c5de_1_d40744fc46dc932d.wav
2c4d4ad698d4c5de,song/2c4d4ad698d4c5de_1_619a7091702d5d1c.mp3,hum/2c4d4ad698d4c5de_1_6d3be225e713297f.wav
2c4d4ad698d4c5de,song/2c4d4ad698d4c5de_1_619a7091702d5d1c.mp3,hum/2c4d4ad698d4c5de_1_7a5c173a61195d42.wav
2c4d4ad698d4c5de,song/2c4d4ad698d4c5de_1_619a7091702d5d1c.mp3,hum/2c4d4ad698d4c5de_1_df2ffc0b816635a2.wav
2c4d4ad698d4c5de,song/2c4d4ad698d4c5de_1_619a7091702d5d1c.mp3,hum/2c4d4ad698d4c5de_1_29f7855e3ed55c21.wav
2c4d4ad698d4c5de,song/2c4d4ad698d4c5de_2_d62898169d37c5a4.mp3,hum/2c4d4ad698d4c5de_2_5ab61c380142463b.wav
2c4d4ad698d4c5de,song/2c4d4ad698d4c5de_2_d62898169d37c5a4.mp3,hum/2c4d4ad698d4c5de_2_038e0432a387c0c4.wav
2c4d4ad698d4c5de,song/2c4d4ad698d4c5de_2_d62898169d37c5a4.mp3,hum/2c4d4ad698d4c5de_2_d99c2b6d3bd529f1.wav
2c4d4ad698d4c5de,song/2c4d4ad698d4c5de_2_d62898169d37c5a4.mp3,hum/2c4d4ad698d4c5de_2_ea0c02d75f4a04d4.wav
2c4d4ad698d4c5de,song/2c4d4ad698d4c5de_2_d62898169d37c5a4.mp3,hum/2c4d4ad698d4c5de_2_2704f0e483b28f2c.wav
2c4d4ad698d4c5de,song/2c4d4ad698d4c5de_2_d62898169d37c5a4.mp3,hum/2c4d4ad698d4c5de_2_7019ff3a9b0f62b3.wav
2c4d4ad698d4c5de,song/2c4d4ad698d4c5de_2_d62898169d37c5a4.mp3,hum/2c4d4ad698d4c5de_2_a20ad8ff5afd4b16.wav
2c4d4ad698d4c5de,song/2c4d4ad698d4c5de_2_d62898169d37c5a4.mp3,hum/2c4d4ad698d4c5de_2_a30c588bc8c9d18c.wav
2c4d4ad698d4c5de,song/2c4d4ad698d4c5de_2_d62898169d37c5a4.mp3,hum/2c4d4ad698d4c5de_2_97308519bbed1a98.wav
2c4d4ad698d4c5de,song/2c4d4ad698d4c5de_2_d62898169d37c5a4.mp3,hum/2c4d4ad698d4c5de_2_b0edf2be707344f4.wav
2c4d4ad698d4c5de,song/2c4d4ad698d4c5de_2_d62898169d37c5a4.mp3,hum/2c4d4ad698d4c5de_2_dbec796a7e75b1dc.wav
2c4d4ad698d4c5de,song/2c4d4ad698d4c5de_2_d62898169d37c5a4.mp3,hum/2c4d4ad698d4c5de_2_c88429f78e30dc75.wav
2c4d4ad698d4c5de,song/2c4d4ad698d4c5de_2_d62898169d37c5a4.mp3,hum/2c4d4ad698d4c5de_2_ee5d9f8b1ceefa39.wav
2c4d4ad698d4c5de,song/2c4d4ad698d4c5de_2_d62898169d37c5a4.mp3,hum/2c4d4ad698d4c5de_2_012cab0442663808.wav
2c4d4ad698d4c5de,song/2c4d4ad698d4c5de_2_d62898169d37c5a4.mp3,hum/2c4d4ad698d4c5de_2_83d5e98a18951417.wav
2c4d4ad698d4c5de,song/2c4d4ad698d4c5de_2_d62898169d37c5a4.mp3,hum/2c4d4ad698d4c5de_2_469bd75c20446a2b.wav
2c4d4ad698d4c5de,song/2c4d4ad698d4c5de_2_d62898169d37c5a4.mp3,hum/2c4d4ad698d4c5de_2_7932d4f0ec22b5bf.wav
2c4d4ad698d4c5de,song/2c4d4ad698d4c5de_2_d62898169d37c5a4.mp3,hum/2c4d4ad698d4c5de_2_d12ae642d86f363c.wav
2c4d4ad698d4c5de,song/2c4d4ad698d4c5de_2_d62898169d37c5a4.mp3,hum/2c4d4ad698d4c5de_2_cff430cab6172d3c.wav
2c4d4ad698d4c5de,song/2c4d4ad698d4c5de_2_d62898169d37c5a4.mp3,hum/2c4d4ad698d4c5de_2_4f852c62f06f3c9e.wav
2c4d4ad698d4c5de,song/2c4d4ad698d4c5de_2_d62898169d37c5a4.mp3,hum/2c4d4ad698d4c5de_2_9f23c2085cb40b5a.wav
2c4d4ad698d4c5de,song/2c4d4ad698d4c5de_2_d62898169d37c5a4.mp3,hum/2c4d4ad698d4c5de_2_b0b2c762ab967977.wav
2c4d4ad698d4c5de,song/2c4d4ad698d4c5de_3_49b597f01f3823f0.mp3,hum/2c4d4ad698d4c5de_3_6a264d918a1b8a7d.wav
2c4d4ad698d4c5de,song/2c4d4ad698d4c5de_3_49b597f01f3823f0.mp3,hum/2c4d4ad698d4c5de_3_926c0ae90834569b.wav
2c4d4ad698d4c5de,song/2c4d4ad698d4c5de_3_49b597f01f3823f0.mp3,hum/2c4d4ad698d4c5de_3_74340102bca09a2c.wav
2c4d4ad698d4c5de,song/2c4d4ad698d4c5de_3_49b597f01f3823f0.mp3,hum/2c4d4ad698d4c5de_3_a9c3367211ae81d8.wav
2c4d4ad698d4c5de,song/2c4d4ad698d4c5de_3_49b597f01f3823f0.mp3,hum/2c4d4ad698d4c5de_3_bceff2139deb0852.wav
2c4d4ad698d4c5de,song/2c4d4ad698d4c5de_3_49b597f01f3823f0.mp3,hum/2c4d4ad698d4c5de_3_f63a30d458bb4123.wav
2c4d4ad698d4c5de,song/2c4d4ad698d4c5de_3_49b597f01f3823f0.mp3,hum/2c4d4ad698d4c5de_3_62335c59a4ad516f.wav
2c4d4ad698d4c5de,song/2c4d4ad698d4c5de_3_49b597f01f3823f0.mp3,hum/2c4d4ad698d4c5de_3_eefd8f997c74a1f2.wav
2c4d4ad698d4c5de,song/2c4d4ad698d4c5de_3_49b597f01f3823f0.mp3,hum/2c4d4ad698d4c5de_3_fee8a209545b47ca.wav
2c4d4ad698d4c5de,song/2c4d4ad698d4c5de_3_49b597f01f3823f0.mp3,hum/2c4d4ad698d4c5de_3_bb9fe9cec4e40895.wav
2c4d4ad698d4c5de,song/2c4d4ad698d4c5de_3_49b597f01f3823f0.mp3,hum/2c4d4ad698d4c5de_3_8f2484e39fc4d34a.wav
2c4d4ad698d4c5de,song/2c4d4ad698d4c5de_3_49b597f01f3823f0.mp3,hum/2c4d4ad698d4c5de_3_472695ff917a0d5c.wav
2c4d4ad698d4c5de,song/2c4d4ad698d4c5de_3_49b597f01f3823f0.mp3,hum/2c4d4ad698d4c5de_3_c1ec59c13e66e47d.wav
2c4d4ad698d4c5de,song/2c4d4ad698d4c5de_3_49b597f01f3823f0.mp3,hum/2c4d4ad698d4c5de_3_ae811644c354c505.wav
2c4d4ad698d4c5de,song/2c4d4ad698d4c5de_3_49b597f01f3823f0.mp3,hum/2c4d4ad698d4c5de_3_d2c055488db08e5d.wav
2c4d4ad698d4c5de,song/2c4d4ad698d4c5de_3_49b597f01f3823f0.mp3,hum/2c4d4ad698d4c5de_3_8342421307d23ea4.wav
2c4d4ad698d4c5de,song/2c4d4ad698d4c5de_3_49b597f01f3823f0.mp3,hum/2c4d4ad698d4c5de_3_e9012628639fce1a.wav
2cdbeabad102dd0a,song/2cdbeabad102dd0a_1_f352a3758679d980.mp3,hum/2cdbeabad102dd0a_1_337ce253c933a48b.wav
2cdbeabad102dd0a,song/2cdbeabad102dd0a_1_f352a3758679d980.mp3,hum/2cdbeabad102dd0a_1_f3fcb5b28163ba1e.wav
2cdbeabad102dd0a,song/2cdbeabad102dd0a_1_f352a3758679d980.mp3,hum/2cdbeabad102dd0a_1_c6e974babe8c6be5.wav
2cdbeabad102dd0a,song/2cdbeabad102dd0a_1_f352a3758679d980.mp3,hum/2cdbeabad102dd0a_1_ea6ae3ffcfda2b14.wav
2cdbeabad102dd0a,song/2cdbeabad102dd0a_1_f352a3758679d980.mp3,hum/2cdbeabad102dd0a_1_de47456b32c0a5f3.wav
2cdbeabad102dd0a,song/2cdbeabad102dd0a_1_f352a3758679d980.mp3,hum/2cdbeabad102dd0a_1_282bec33ead3c3c9.wav
2cdbeabad102dd0a,song/2cdbeabad102dd0a_1_f352a3758679d980.mp3,hum/2cdbeabad102dd0a_1_29b3b2e2463da119.wav
2cdbeabad102dd0a,song/2cdbeabad102dd0a_1_f352a3758679d980.mp3,hum/2cdbeabad102dd0a_1_34ef240cd751ab00.wav
2cdbeabad102dd0a,song/2cdbeabad102dd0a_1_f352a3758679d980.mp3,hum/2cdbeabad102dd0a_1_a6e2fc198b662362.wav
2cdbeabad102dd0a,song/2cdbeabad102dd0a_1_f352a3758679d980.mp3,hum/2cdbeabad102dd0a_1_c2b1328917279211.wav
2cf17d04acacd9df,song/2cf17d04acacd9df_1_d049bb1bac5bead5.mp3,hum/2cf17d04acacd9df_1_d41629fab0170c13.wav
2cf17d04acacd9df,song/2cf17d04acacd9df_1_d049bb1bac5bead5.mp3,hum/2cf17d04acacd9df_1_ea5a08f3019feed3.wav
2cf17d04acacd9df,song/2cf17d04acacd9df_1_d049bb1bac5bead5.mp3,hum/2cf17d04acacd9df_1_54588e1a2cbbf36b.wav
2cf17d04acacd9df,song/2cf17d04acacd9df_1_d049bb1bac5bead5.mp3,hum/2cf17d04acacd9df_1_5227d0063ef21618.wav
2cf17d04acacd9df,song/2cf17d04acacd9df_2_9bb08c5cb1b2804c.mp3,hum/2cf17d04acacd9df_2_c0bebd3a224af245.wav
2cf17d04acacd9df,song/2cf17d04acacd9df_2_9bb08c5cb1b2804c.mp3,hum/2cf17d04acacd9df_2_b4555fec736bbcb6.wav
2cf17d04acacd9df,song/2cf17d04acacd9df_2_9bb08c5cb1b2804c.mp3,hum/2cf17d04acacd9df_2_2cdbffce766d41df.wav
2dba3612488eb3fb,song/2dba3612488eb3fb_1_8d1fb310e5aea495.mp3,hum/2dba3612488eb3fb_1_68487421e16c3868.wav
2dba3612488eb3fb,song/2dba3612488eb3fb_1_8d1fb310e5aea495.mp3,hum/2dba3612488eb3fb_1_d5f68023b42ea368.wav
2dba3612488eb3fb,song/2dba3612488eb3fb_1_8d1fb310e5aea495.mp3,hum/2dba3612488eb3fb_1_56ae9808b0be4295.wav
2dba3612488eb3fb,song/2dba3612488eb3fb_1_8d1fb310e5aea495.mp3,hum/2dba3612488eb3fb_1_6988cee2ab49581e.wav
2dba3612488eb3fb,song/2dba3612488eb3fb_1_8d1fb310e5aea495.mp3,hum/2dba3612488eb3fb_1_3dd9c334596cfa19.wav
2dba3612488eb3fb,song/2dba3612488eb3fb_2_445d2cf10f2a3631.mp3,hum/2dba3612488eb3fb_2_f12629b1fdeb5193.wav
2dba3612488eb3fb,song/2dba3612488eb3fb_2_445d2cf10f2a3631.mp3,hum/2dba3612488eb3fb_2_cf9d033627230002.wav
2dba3612488eb3fb,song/2dba3612488eb3fb_2_445d2cf10f2a3631.mp3,hum/2dba3612488eb3fb_2_b2e900cf5cbfcfd3.wav
2dba3612488eb3fb,song/2dba3612488eb3fb_2_445d2cf10f2a3631.mp3,hum/2dba3612488eb3fb_2_7be9b406d86e3e2d.wav
2dba3612488eb3fb,song/2dba3612488eb3fb_2_445d2cf10f2a3631.mp3,hum/2dba3612488eb3fb_2_91f14c4cd204d79c.wav
2dc906df88a96a08,song/2dc906df88a96a08_1_0c8511822800868d.mp3,hum/2dc906df88a96a08_1_930a46c549b19b58.wav
2dc906df88a96a08,song/2dc906df88a96a08_1_0c8511822800868d.mp3,hum/2dc906df88a96a08_1_389dabf1790a3046.wav
2dc906df88a96a08,song/2dc906df88a96a08_1_0c8511822800868d.mp3,hum/2dc906df88a96a08_1_7fceaa3732e1c437.wav
2dc906df88a96a08,song/2dc906df88a96a08_1_0c8511822800868d.mp3,hum/2dc906df88a96a08_1_91a4f37547ce5100.wav
2dc906df88a96a08,song/2dc906df88a96a08_1_0c8511822800868d.mp3,hum/2dc906df88a96a08_1_0da695b70d12b0e2.wav
2dc906df88a96a08,song/2dc906df88a96a08_2_a854405a16464bfb.mp3,hum/2dc906df88a96a08_2_915fc9c88c687d32.wav
2dc906df88a96a08,song/2dc906df88a96a08_2_a854405a16464bfb.mp3,hum/2dc906df88a96a08_2_01d16a4ca14f79c3.wav
2dc906df88a96a08,song/2dc906df88a96a08_2_a854405a16464bfb.mp3,hum/2dc906df88a96a08_2_1148473b75e32ca1.wav
2dc906df88a96a08,song/2dc906df88a96a08_2_a854405a16464bfb.mp3,hum/2dc906df88a96a08_2_88a963696841c025.wav
2dc906df88a96a08,song/2dc906df88a96a08_2_a854405a16464bfb.mp3,hum/2dc906df88a96a08_2_a0e954f68448eaeb.wav
2dc906df88a96a08,song/2dc906df88a96a08_3_b623f2188b384277.mp3,hum/2dc906df88a96a08_3_74315fb440758552.wav
2dc906df88a96a08,song/2dc906df88a96a08_3_b623f2188b384277.mp3,hum/2dc906df88a96a08_3_8f742de68a8b7b71.wav
2dc906df88a96a08,song/2dc906df88a96a08_3_b623f2188b384277.mp3,hum/2dc906df88a96a08_3_2387656207a42c50.wav
2dc906df88a96a08,song/2dc906df88a96a08_3_b623f2188b384277.mp3,hum/2dc906df88a96a08_3_48973d423cca63d2.wav
2dc906df88a96a08,song/2dc906df88a96a08_3_b623f2188b384277.mp3,hum/2dc906df88a96a08_3_f32a0d9f461ddbfa.wav
30201cbd7ed8cb44,song/30201cbd7ed8cb44_1_fe85542935380479.mp3,hum/30201cbd7ed8cb44_1_fa56ccbbc5df7dbf.wav
30201cbd7ed8cb44,song/30201cbd7ed8cb44_1_fe85542935380479.mp3,hum/30201cbd7ed8cb44_1_03b33a46045e4e24.wav
30201cbd7ed8cb44,song/30201cbd7ed8cb44_1_fe85542935380479.mp3,hum/30201cbd7ed8cb44_1_666439ad66bf2642.wav
30201cbd7ed8cb44,song/30201cbd7ed8cb44_1_fe85542935380479.mp3,hum/30201cbd7ed8cb44_1_962d9cc142ab896c.wav
30201cbd7ed8cb44,song/30201cbd7ed8cb44_2_141f02e3afd0be9c.mp3,hum/30201cbd7ed8cb44_2_6ae8eeef34cf6eb5.wav
30201cbd7ed8cb44,song/30201cbd7ed8cb44_2_141f02e3afd0be9c.mp3,hum/30201cbd7ed8cb44_2_4cbe80a01dfc01c8.wav
30201cbd7ed8cb44,song/30201cbd7ed8cb44_2_141f02e3afd0be9c.mp3,hum/30201cbd7ed8cb44_2_3bd129ed41f9d659.wav
30201cbd7ed8cb44,song/30201cbd7ed8cb44_2_141f02e3afd0be9c.mp3,hum/30201cbd7ed8cb44_2_5e15a11cdb580037.wav
30201cbd7ed8cb44,song/30201cbd7ed8cb44_3_9cf7f784d9ac7e0e.mp3,hum/30201cbd7ed8cb44_3_691a4aff2c9cfb01.wav
30201cbd7ed8cb44,song/30201cbd7ed8cb44_3_9cf7f784d9ac7e0e.mp3,hum/30201cbd7ed8cb44_3_5b4584c49c98859a.wav
30201cbd7ed8cb44,song/30201cbd7ed8cb44_3_9cf7f784d9ac7e0e.mp3,hum/30201cbd7ed8cb44_3_6b3ba2671baee30f.wav
30201cbd7ed8cb44,song/30201cbd7ed8cb44_3_9cf7f784d9ac7e0e.mp3,hum/30201cbd7ed8cb44_3_6c65395830d3b493.wav
30201cbd7ed8cb44,song/30201cbd7ed8cb44_4_4f220d558dc55647.mp3,hum/30201cbd7ed8cb44_4_3283ed1af02bb787.wav
30201cbd7ed8cb44,song/30201cbd7ed8cb44_4_4f220d558dc55647.mp3,hum/30201cbd7ed8cb44_4_201aa011b750ef1c.wav
30201cbd7ed8cb44,song/30201cbd7ed8cb44_4_4f220d558dc55647.mp3,hum/30201cbd7ed8cb44_4_6c99d8f74ca06e41.wav
30201cbd7ed8cb44,song/30201cbd7ed8cb44_4_4f220d558dc55647.mp3,hum/30201cbd7ed8cb44_4_aa656ff470bc62c0.wav
3087770adce4bc7f,song/3087770adce4bc7f_1_ae0c9aeb5f22acb2.mp3,hum/3087770adce4bc7f_1_a8dd2dc7a1010f5f.wav
3087770adce4bc7f,song/3087770adce4bc7f_1_ae0c9aeb5f22acb2.mp3,hum/3087770adce4bc7f_1_f4a3068d945b9260.wav
3087770adce4bc7f,song/3087770adce4bc7f_1_ae0c9aeb5f22acb2.mp3,hum/3087770adce4bc7f_1_74b92621f003ff17.wav
3087770adce4bc7f,song/3087770adce4bc7f_1_ae0c9aeb5f22acb2.mp3,hum/3087770adce4bc7f_1_62487e17ccf4cdfd.wav
3087770adce4bc7f,song/3087770adce4bc7f_1_ae0c9aeb5f22acb2.mp3,hum/3087770adce4bc7f_1_b843d145e44d62c6.wav
3087770adce4bc7f,song/3087770adce4bc7f_2_124bff3f4be1329d.mp3,hum/3087770adce4bc7f_2_a7bf2544804a4ba6.wav
3087770adce4bc7f,song/3087770adce4bc7f_2_124bff3f4be1329d.mp3,hum/3087770adce4bc7f_2_a50c0234a6130a62.wav
3087770adce4bc7f,song/3087770adce4bc7f_2_124bff3f4be1329d.mp3,hum/3087770adce4bc7f_2_8b432575cfbbb0ae.wav
3087770adce4bc7f,song/3087770adce4bc7f_2_124bff3f4be1329d.mp3,hum/3087770adce4bc7f_2_d5cdb23aac9aebd8.wav
3087770adce4bc7f,song/3087770adce4bc7f_2_124bff3f4be1329d.mp3,hum/3087770adce4bc7f_2_0ca5a192b5580083.wav
328dda4f0654b8d5,song/328dda4f0654b8d5_1_8f9d9dea61888e20.mp3,hum/328dda4f0654b8d5_1_ff018b8fb9af2430.wav
328dda4f0654b8d5,song/328dda4f0654b8d5_1_8f9d9dea61888e20.mp3,hum/328dda4f0654b8d5_1_1f16cda5220cb4b0.wav
328dda4f0654b8d5,song/328dda4f0654b8d5_1_8f9d9dea61888e20.mp3,hum/328dda4f0654b8d5_1_cb105f96fc149fd3.wav
328dda4f0654b8d5,song/328dda4f0654b8d5_1_8f9d9dea61888e20.mp3,hum/328dda4f0654b8d5_1_d8d46815f25c9f27.wav
328dda4f0654b8d5,song/328dda4f0654b8d5_1_8f9d9dea61888e20.mp3,hum/328dda4f0654b8d5_1_763a70cfa75e8a29.wav
328dda4f0654b8d5,song/328dda4f0654b8d5_1_8f9d9dea61888e20.mp3,hum/328dda4f0654b8d5_1_36f0a2708f2ad061.wav
328dda4f0654b8d5,song/328dda4f0654b8d5_1_8f9d9dea61888e20.mp3,hum/328dda4f0654b8d5_1_a66e44828f2999e2.wav
328dda4f0654b8d5,song/328dda4f0654b8d5_1_8f9d9dea61888e20.mp3,hum/328dda4f0654b8d5_1_3e01aed2479dd335.wav
328dda4f0654b8d5,song/328dda4f0654b8d5_1_8f9d9dea61888e20.mp3,hum/328dda4f0654b8d5_1_3abf9a03747eb669.wav
328dda4f0654b8d5,song/328dda4f0654b8d5_1_8f9d9dea61888e20.mp3,hum/328dda4f0654b8d5_1_c1c321d0f7b70601.wav
328dda4f0654b8d5,song/328dda4f0654b8d5_1_8f9d9dea61888e20.mp3,hum/328dda4f0654b8d5_1_5ce26ef2add529ee.wav
328dda4f0654b8d5,song/328dda4f0654b8d5_1_8f9d9dea61888e20.mp3,hum/328dda4f0654b8d5_1_130da5bd30ae7925.wav
328dda4f0654b8d5,song/328dda4f0654b8d5_1_8f9d9dea61888e20.mp3,hum/328dda4f0654b8d5_1_5f6cd07e001c4416.wav
328dda4f0654b8d5,song/328dda4f0654b8d5_1_8f9d9dea61888e20.mp3,hum/328dda4f0654b8d5_1_c45af00af7127fe7.wav
328dda4f0654b8d5,song/328dda4f0654b8d5_1_8f9d9dea61888e20.mp3,hum/328dda4f0654b8d5_1_572309bd1a3f2a1a.wav
32fc3f70bd60d225,song/32fc3f70bd60d225_1_b7138af811cf80ea.mp3,hum/32fc3f70bd60d225_1_ca9c8b5fd9088c79.wav
32fc3f70bd60d225,song/32fc3f70bd60d225_1_b7138af811cf80ea.mp3,hum/32fc3f70bd60d225_1_dc9e2d9f8bcc47ee.wav
32fc3f70bd60d225,song/32fc3f70bd60d225_1_b7138af811cf80ea.mp3,hum/32fc3f70bd60d225_1_e794385714b2fd4c.wav
32fc3f70bd60d225,song/32fc3f70bd60d225_1_b7138af811cf80ea.mp3,hum/32fc3f70bd60d225_1_408e211f6e064612.wav
32fc3f70bd60d225,song/32fc3f70bd60d225_1_b7138af811cf80ea.mp3,hum/32fc3f70bd60d225_1_c376f8a9d025f87a.wav
32fc3f70bd60d225,song/32fc3f70bd60d225_2_f755460f8bb26587.mp3,hum/32fc3f70bd60d225_2_886aafaa17022d65.wav
32fc3f70bd60d225,song/32fc3f70bd60d225_2_f755460f8bb26587.mp3,hum/32fc3f70bd60d225_2_4ae0384f5f682472.wav
32fc3f70bd60d225,song/32fc3f70bd60d225_2_f755460f8bb26587.mp3,hum/32fc3f70bd60d225_2_f88ed095bd8708f8.wav
32fc3f70bd60d225,song/32fc3f70bd60d225_2_f755460f8bb26587.mp3,hum/32fc3f70bd60d225_2_cc6857ba2d8fdddc.wav
32fc3f70bd60d225,song/32fc3f70bd60d225_2_f755460f8bb26587.mp3,hum/32fc3f70bd60d225_2_9889f36303312dd5.wav
33a2a056763c9148,song/33a2a056763c9148_1_05f94f34da40d2b6.mp3,hum/33a2a056763c9148_1_756b1505d5939e7c.wav
33a2a056763c9148,song/33a2a056763c9148_1_05f94f34da40d2b6.mp3,hum/33a2a056763c9148_1_86ac74d06725b5ff.wav
33a2a056763c9148,song/33a2a056763c9148_1_05f94f34da40d2b6.mp3,hum/33a2a056763c9148_1_3451ef84ef63da65.wav
33a2a056763c9148,song/33a2a056763c9148_1_05f94f34da40d2b6.mp3,hum/33a2a056763c9148_1_4a5fe3f6359fd97b.wav
33a2a056763c9148,song/33a2a056763c9148_1_05f94f34da40d2b6.mp3,hum/33a2a056763c9148_1_73013af7bbf7b9ea.wav
33a2a056763c9148,song/33a2a056763c9148_1_05f94f34da40d2b6.mp3,hum/33a2a056763c9148_1_f52d7c531be49bb0.wav
33a2a056763c9148,song/33a2a056763c9148_1_05f94f34da40d2b6.mp3,hum/33a2a056763c9148_1_d6370ab25b891ebd.wav
33a2a056763c9148,song/33a2a056763c9148_1_05f94f34da40d2b6.mp3,hum/33a2a056763c9148_1_9d8f187e97a5c4a7.wav
33a2a056763c9148,song/33a2a056763c9148_1_05f94f34da40d2b6.mp3,hum/33a2a056763c9148_1_b713562328ad2984.wav
33a2a056763c9148,song/33a2a056763c9148_1_05f94f34da40d2b6.mp3,hum/33a2a056763c9148_1_1cb5e99e3c0c464b.wav
33a2a056763c9148,song/33a2a056763c9148_1_05f94f34da40d2b6.mp3,hum/33a2a056763c9148_1_7ea594cba09a5271.wav
33a2a056763c9148,song/33a2a056763c9148_1_05f94f34da40d2b6.mp3,hum/33a2a056763c9148_1_241d6be381146ee8.wav
33a2a056763c9148,song/33a2a056763c9148_1_05f94f34da40d2b6.mp3,hum/33a2a056763c9148_1_f8c8ca61949d199e.wav
33e7cb2ab0110098,song/33e7cb2ab0110098_1_36e26b3164d7402b.mp3,hum/33e7cb2ab0110098_1_8584ec892e4a9a22.wav
33e7cb2ab0110098,song/33e7cb2ab0110098_1_36e26b3164d7402b.mp3,hum/33e7cb2ab0110098_1_7f31039c1bd559d8.wav
33e7cb2ab0110098,song/33e7cb2ab0110098_1_36e26b3164d7402b.mp3,hum/33e7cb2ab0110098_1_09bf62cdb75aab61.wav
33e7cb2ab0110098,song/33e7cb2ab0110098_1_36e26b3164d7402b.mp3,hum/33e7cb2ab0110098_1_d62371a4e6156172.wav
33e7cb2ab0110098,song/33e7cb2ab0110098_1_36e26b3164d7402b.mp3,hum/33e7cb2ab0110098_1_2e825b8ce16014b7.wav
33e7cb2ab0110098,song/33e7cb2ab0110098_1_36e26b3164d7402b.mp3,hum/33e7cb2ab0110098_1_a0f9ca6cbe0427dd.wav
349a7f026589b0e1,song/349a7f026589b0e1_1_c541b666b75bc16f.mp3,hum/349a7f026589b0e1_1_121da35364151ffd.wav
349a7f026589b0e1,song/349a7f026589b0e1_1_c541b666b75bc16f.mp3,hum/349a7f026589b0e1_1_a4b33b01d383c15a.wav
349a7f026589b0e1,song/349a7f026589b0e1_1_c541b666b75bc16f.mp3,hum/349a7f026589b0e1_1_55610a17a02ff685.wav
349a7f026589b0e1,song/349a7f026589b0e1_1_c541b666b75bc16f.mp3,hum/349a7f026589b0e1_1_d081be688e961f29.wav
349a7f026589b0e1,song/349a7f026589b0e1_1_c541b666b75bc16f.mp3,hum/349a7f026589b0e1_1_8954df8c42c115a9.wav
349a7f026589b0e1,song/349a7f026589b0e1_2_b9ae34e311510164.mp3,hum/349a7f026589b0e1_2_5690dbf7e30412f4.wav
349a7f026589b0e1,song/349a7f026589b0e1_2_b9ae34e311510164.mp3,hum/349a7f026589b0e1_2_677f8fd4631c2018.wav
349a7f026589b0e1,song/349a7f026589b0e1_2_b9ae34e311510164.mp3,hum/349a7f026589b0e1_2_02251d1b6875ef34.wav
349a7f026589b0e1,song/349a7f026589b0e1_2_b9ae34e311510164.mp3,hum/349a7f026589b0e1_2_b91192d5d16f47eb.wav
349a7f026589b0e1,song/349a7f026589b0e1_2_b9ae34e311510164.mp3,hum/349a7f026589b0e1_2_fba7b38b13497ebd.wav
349a7f026589b0e1,song/349a7f026589b0e1_3_d84b9e61e8c8bfe6.mp3,hum/349a7f026589b0e1_3_31b38927f3711c50.wav
349a7f026589b0e1,song/349a7f026589b0e1_3_d84b9e61e8c8bfe6.mp3,hum/349a7f026589b0e1_3_851deaedbf71562f.wav
349a7f026589b0e1,song/349a7f026589b0e1_3_d84b9e61e8c8bfe6.mp3,hum/349a7f026589b0e1_3_cff0af430847b259.wav
349a7f026589b0e1,song/349a7f026589b0e1_3_d84b9e61e8c8bfe6.mp3,hum/349a7f026589b0e1_3_f0271affc0f12c31.wav
349a7f026589b0e1,song/349a7f026589b0e1_3_d84b9e61e8c8bfe6.mp3,hum/349a7f026589b0e1_3_e094b10973059652.wav
3614a9e7fd92da01,song/3614a9e7fd92da01_1_568674b86ef29b5c.mp3,hum/3614a9e7fd92da01_1_ac8a272b6d010324.wav
3614a9e7fd92da01,song/3614a9e7fd92da01_1_568674b86ef29b5c.mp3,hum/3614a9e7fd92da01_1_245e48fd35ff9f7c.wav
3614a9e7fd92da01,song/3614a9e7fd92da01_1_568674b86ef29b5c.mp3,hum/3614a9e7fd92da01_1_c69c05240100f961.wav
3614a9e7fd92da01,song/3614a9e7fd92da01_1_568674b86ef29b5c.mp3,hum/3614a9e7fd92da01_1_31e631ea0e3fd112.wav
3614a9e7fd92da01,song/3614a9e7fd92da01_1_568674b86ef29b5c.mp3,hum/3614a9e7fd92da01_1_d0af269b6fc0cdb1.wav
3614a9e7fd92da01,song/3614a9e7fd92da01_2_1a3b8556a2f67dd0.mp3,hum/3614a9e7fd92da01_2_817ce3a48188f4f7.wav
3614a9e7fd92da01,song/3614a9e7fd92da01_2_1a3b8556a2f67dd0.mp3,hum/3614a9e7fd92da01_2_a7a49d4bc6f8a7fa.wav
3614a9e7fd92da01,song/3614a9e7fd92da01_2_1a3b8556a2f67dd0.mp3,hum/3614a9e7fd92da01_2_b4c8d6aa5d0a2bb7.wav
3614a9e7fd92da01,song/3614a9e7fd92da01_2_1a3b8556a2f67dd0.mp3,hum/3614a9e7fd92da01_2_c57a059dbd03b594.wav
3614a9e7fd92da01,song/3614a9e7fd92da01_2_1a3b8556a2f67dd0.mp3,hum/3614a9e7fd92da01_2_f287c5f415bd06c3.wav
37997f3216adf0f6,song/37997f3216adf0f6_1_b45f93a86ece0ea9.mp3,hum/37997f3216adf0f6_1_98e9e3c90236d36a.wav
37997f3216adf0f6,song/37997f3216adf0f6_1_b45f93a86ece0ea9.mp3,hum/37997f3216adf0f6_1_b906988a5a5096d6.wav
37997f3216adf0f6,song/37997f3216adf0f6_1_b45f93a86ece0ea9.mp3,hum/37997f3216adf0f6_1_4e7b421a4c383916.wav
37997f3216adf0f6,song/37997f3216adf0f6_1_b45f93a86ece0ea9.mp3,hum/37997f3216adf0f6_1_4a50ec4d8f737e80.wav
37997f3216adf0f6,song/37997f3216adf0f6_1_b45f93a86ece0ea9.mp3,hum/37997f3216adf0f6_1_08c037e6338cffc9.wav
37997f3216adf0f6,song/37997f3216adf0f6_2_d04d0231f932abf8.mp3,hum/37997f3216adf0f6_2_72249e809587e75d.wav
37997f3216adf0f6,song/37997f3216adf0f6_2_d04d0231f932abf8.mp3,hum/37997f3216adf0f6_2_0edb9e07dc02bd70.wav
37997f3216adf0f6,song/37997f3216adf0f6_2_d04d0231f932abf8.mp3,hum/37997f3216adf0f6_2_a3729d7c838530eb.wav
37997f3216adf0f6,song/37997f3216adf0f6_2_d04d0231f932abf8.mp3,hum/37997f3216adf0f6_2_b52fccbb4d8f6c5e.wav
37997f3216adf0f6,song/37997f3216adf0f6_2_d04d0231f932abf8.mp3,hum/37997f3216adf0f6_2_8eec08a3b8b9a208.wav
37997f3216adf0f6,song/37997f3216adf0f6_3_a79a2f3b05ece06f.mp3,hum/37997f3216adf0f6_3_bd96ca2e27debe4e.wav
37997f3216adf0f6,song/37997f3216adf0f6_3_a79a2f3b05ece06f.mp3,hum/37997f3216adf0f6_3_a7fab986c6038693.wav
37997f3216adf0f6,song/37997f3216adf0f6_3_a79a2f3b05ece06f.mp3,hum/37997f3216adf0f6_3_b440328d8abbcb6d.wav
37997f3216adf0f6,song/37997f3216adf0f6_3_a79a2f3b05ece06f.mp3,hum/37997f3216adf0f6_3_83605c06d45c42bc.wav
37997f3216adf0f6,song/37997f3216adf0f6_3_a79a2f3b05ece06f.mp3,hum/37997f3216adf0f6_3_e0fd3cefc66c9f2f.wav
386d01a6c07ecd75,song/386d01a6c07ecd75_1_aa067ada170e56d6.mp3,hum/386d01a6c07ecd75_1_1b1b79964efd3239.wav
386d01a6c07ecd75,song/386d01a6c07ecd75_1_aa067ada170e56d6.mp3,hum/386d01a6c07ecd75_1_3df830843aa7e0b1.wav
386d01a6c07ecd75,song/386d01a6c07ecd75_1_aa067ada170e56d6.mp3,hum/386d01a6c07ecd75_1_7ae7b58125e4777c.wav
386d01a6c07ecd75,song/386d01a6c07ecd75_1_aa067ada170e56d6.mp3,hum/386d01a6c07ecd75_1_225ecba75d126fed.wav
386d01a6c07ecd75,song/386d01a6c07ecd75_1_aa067ada170e56d6.mp3,hum/386d01a6c07ecd75_1_52617181d65fc03b.wav
386d01a6c07ecd75,song/386d01a6c07ecd75_1_aa067ada170e56d6.mp3,hum/386d01a6c07ecd75_1_1313b2174b6a3c13.wav
386d01a6c07ecd75,song/386d01a6c07ecd75_1_aa067ada170e56d6.mp3,hum/386d01a6c07ecd75_1_02c7ce07ffb795f0.wav
386d01a6c07ecd75,song/386d01a6c07ecd75_1_aa067ada170e56d6.mp3,hum/386d01a6c07ecd75_1_a85702367aebd9aa.wav
386d01a6c07ecd75,song/386d01a6c07ecd75_1_aa067ada170e56d6.mp3,hum/386d01a6c07ecd75_1_35bd466e7f65904c.wav
386d01a6c07ecd75,song/386d01a6c07ecd75_1_aa067ada170e56d6.mp3,hum/386d01a6c07ecd75_1_a12d6de9db28176c.wav
386d01a6c07ecd75,song/386d01a6c07ecd75_1_aa067ada170e56d6.mp3,hum/386d01a6c07ecd75_1_a6cd455ad179a078.wav
386d01a6c07ecd75,song/386d01a6c07ecd75_1_aa067ada170e56d6.mp3,hum/386d01a6c07ecd75_1_a462f63ef6398cfc.wav
386d01a6c07ecd75,song/386d01a6c07ecd75_1_aa067ada170e56d6.mp3,hum/386d01a6c07ecd75_1_77a2b52a501999a5.wav
386d01a6c07ecd75,song/386d01a6c07ecd75_1_aa067ada170e56d6.mp3,hum/386d01a6c07ecd75_1_bd5342006358686b.wav
386d01a6c07ecd75,song/386d01a6c07ecd75_1_aa067ada170e56d6.mp3,hum/386d01a6c07ecd75_1_45413fb9acaa4ca5.wav
386d01a6c07ecd75,song/386d01a6c07ecd75_1_aa067ada170e56d6.mp3,hum/386d01a6c07ecd75_1_8b91976a1c0303cd.wav
386d01a6c07ecd75,song/386d01a6c07ecd75_1_aa067ada170e56d6.mp3,hum/386d01a6c07ecd75_1_99df4def2dd6db7b.wav
386d01a6c07ecd75,song/386d01a6c07ecd75_1_aa067ada170e56d6.mp3,hum/386d01a6c07ecd75_1_7e8373574883b8ba.wav
386d01a6c07ecd75,song/386d01a6c07ecd75_2_19b53657f739d93f.mp3,hum/386d01a6c07ecd75_2_e99d4ac7651e4d5c.wav
386d01a6c07ecd75,song/386d01a6c07ecd75_2_19b53657f739d93f.mp3,hum/386d01a6c07ecd75_2_123c04b1a8c6bf9a.wav
386d01a6c07ecd75,song/386d01a6c07ecd75_2_19b53657f739d93f.mp3,hum/386d01a6c07ecd75_2_7f98026f6a8944c3.wav
386d01a6c07ecd75,song/386d01a6c07ecd75_2_19b53657f739d93f.mp3,hum/386d01a6c07ecd75_2_93c9a2c9f0a3545d.wav
386d01a6c07ecd75,song/386d01a6c07ecd75_2_19b53657f739d93f.mp3,hum/386d01a6c07ecd75_2_e6b88489fff5d2b4.wav
386d01a6c07ecd75,song/386d01a6c07ecd75_2_19b53657f739d93f.mp3,hum/386d01a6c07ecd75_2_e763d7af07d63d56.wav
386d01a6c07ecd75,song/386d01a6c07ecd75_2_19b53657f739d93f.mp3,hum/386d01a6c07ecd75_2_082ff85f4e53ff87.wav
386d01a6c07ecd75,song/386d01a6c07ecd75_2_19b53657f739d93f.mp3,hum/386d01a6c07ecd75_2_26bcea6c71b14b21.wav
386d01a6c07ecd75,song/386d01a6c07ecd75_2_19b53657f739d93f.mp3,hum/386d01a6c07ecd75_2_7134bfdac7e7de30.wav
386d01a6c07ecd75,song/386d01a6c07ecd75_2_19b53657f739d93f.mp3,hum/386d01a6c07ecd75_2_a865fcaec67ad146.wav
386d01a6c07ecd75,song/386d01a6c07ecd75_2_19b53657f739d93f.mp3,hum/386d01a6c07ecd75_2_0e0f46e438708e34.wav
386d01a6c07ecd75,song/386d01a6c07ecd75_2_19b53657f739d93f.mp3,hum/386d01a6c07ecd75_2_c0ddcd79cbdf2e02.wav
386d01a6c07ecd75,song/386d01a6c07ecd75_2_19b53657f739d93f.mp3,hum/386d01a6c07ecd75_2_4458e492c37d871e.wav
386d01a6c07ecd75,song/386d01a6c07ecd75_2_19b53657f739d93f.mp3,hum/386d01a6c07ecd75_2_474e9621f5c6b827.wav
386d01a6c07ecd75,song/386d01a6c07ecd75_2_19b53657f739d93f.mp3,hum/386d01a6c07ecd75_2_99d67f05b9862d5e.wav
3ace94d493c2cedd,song/3ace94d493c2cedd_1_276fb6fe3665b947.mp3,hum/3ace94d493c2cedd_1_712993a9b817ff8b.wav
3ace94d493c2cedd,song/3ace94d493c2cedd_1_276fb6fe3665b947.mp3,hum/3ace94d493c2cedd_1_84880b361cb3d7d4.wav
3ace94d493c2cedd,song/3ace94d493c2cedd_1_276fb6fe3665b947.mp3,hum/3ace94d493c2cedd_1_d1f8e734fbea11e2.wav
3ace94d493c2cedd,song/3ace94d493c2cedd_1_276fb6fe3665b947.mp3,hum/3ace94d493c2cedd_1_0d02412343d7edb0.wav
3ace94d493c2cedd,song/3ace94d493c2cedd_1_276fb6fe3665b947.mp3,hum/3ace94d493c2cedd_1_b066642097aef26b.wav
3ace94d493c2cedd,song/3ace94d493c2cedd_1_276fb6fe3665b947.mp3,hum/3ace94d493c2cedd_1_31dd25d0effc7f91.wav
3ace94d493c2cedd,song/3ace94d493c2cedd_2_803a78e758990802.mp3,hum/3ace94d493c2cedd_2_0420ac9b9fac6d12.wav
3ace94d493c2cedd,song/3ace94d493c2cedd_2_803a78e758990802.mp3,hum/3ace94d493c2cedd_2_1ce6e70d0d6b55bd.wav
3ace94d493c2cedd,song/3ace94d493c2cedd_2_803a78e758990802.mp3,hum/3ace94d493c2cedd_2_729d68f32d4d9f93.wav
3ace94d493c2cedd,song/3ace94d493c2cedd_2_803a78e758990802.mp3,hum/3ace94d493c2cedd_2_600b8815fbf474f7.wav
3ace94d493c2cedd,song/3ace94d493c2cedd_2_803a78e758990802.mp3,hum/3ace94d493c2cedd_2_4c28976cbf56942f.wav
3ace94d493c2cedd,song/3ace94d493c2cedd_2_803a78e758990802.mp3,hum/3ace94d493c2cedd_2_5bf9f1c7e8694f90.wav
3ace94d493c2cedd,song/3ace94d493c2cedd_3_b06eebf2dab737da.mp3,hum/3ace94d493c2cedd_3_581ae495399ca37c.wav
3ace94d493c2cedd,song/3ace94d493c2cedd_3_b06eebf2dab737da.mp3,hum/3ace94d493c2cedd_3_dbbcb3e046c1d56f.wav
3ace94d493c2cedd,song/3ace94d493c2cedd_3_b06eebf2dab737da.mp3,hum/3ace94d493c2cedd_3_9dfd4ef29397f7c6.wav
3ace94d493c2cedd,song/3ace94d493c2cedd_3_b06eebf2dab737da.mp3,hum/3ace94d493c2cedd_3_7182eeef7cf06c7f.wav
3ace94d493c2cedd,song/3ace94d493c2cedd_3_b06eebf2dab737da.mp3,hum/3ace94d493c2cedd_3_44c88700d7213d67.wav
3ace94d493c2cedd,song/3ace94d493c2cedd_3_b06eebf2dab737da.mp3,hum/3ace94d493c2cedd_3_a54728ea53953f50.wav
3ad961fe25c19d6b,song/3ad961fe25c19d6b_1_9b8b12b29735ec8c.mp3,hum/3ad961fe25c19d6b_1_98c946bc0af2bd41.wav
3ad961fe25c19d6b,song/3ad961fe25c19d6b_1_9b8b12b29735ec8c.mp3,hum/3ad961fe25c19d6b_1_2fc768d32146c34b.wav
3ad961fe25c19d6b,song/3ad961fe25c19d6b_1_9b8b12b29735ec8c.mp3,hum/3ad961fe25c19d6b_1_3abb5bec3e508ddd.wav
3ad961fe25c19d6b,song/3ad961fe25c19d6b_2_b96a5d5e7ef87692.mp3,hum/3ad961fe25c19d6b_2_3a2ccdd96c837900.wav
3ad961fe25c19d6b,song/3ad961fe25c19d6b_2_b96a5d5e7ef87692.mp3,hum/3ad961fe25c19d6b_2_4a8de143116bdfcf.wav
3ad961fe25c19d6b,song/3ad961fe25c19d6b_2_b96a5d5e7ef87692.mp3,hum/3ad961fe25c19d6b_2_cb504dca6389b65d.wav
3ad961fe25c19d6b,song/3ad961fe25c19d6b_2_b96a5d5e7ef87692.mp3,hum/3ad961fe25c19d6b_2_16d24e770909bedf.wav
3ad961fe25c19d6b,song/3ad961fe25c19d6b_2_b96a5d5e7ef87692.mp3,hum/3ad961fe25c19d6b_2_68891003a5f92580.wav
3ad961fe25c19d6b,song/3ad961fe25c19d6b_3_2d7a097f145f2b2c.mp3,hum/3ad961fe25c19d6b_3_0ee6dbcde260398f.wav
3ad961fe25c19d6b,song/3ad961fe25c19d6b_3_2d7a097f145f2b2c.mp3,hum/3ad961fe25c19d6b_3_9119089e644e55f8.wav
3ad961fe25c19d6b,song/3ad961fe25c19d6b_3_2d7a097f145f2b2c.mp3,hum/3ad961fe25c19d6b_3_bc738d730e3239b7.wav
3c39e6fb2005b4af,song/3c39e6fb2005b4af_1_8c68f3afacaa7e8c.mp3,hum/3c39e6fb2005b4af_1_ac9f03cb5786547d.wav
3c39e6fb2005b4af,song/3c39e6fb2005b4af_1_8c68f3afacaa7e8c.mp3,hum/3c39e6fb2005b4af_1_c9ec4ab0f28679ec.wav
3c39e6fb2005b4af,song/3c39e6fb2005b4af_1_8c68f3afacaa7e8c.mp3,hum/3c39e6fb2005b4af_1_7599320fba63120f.wav
3c39e6fb2005b4af,song/3c39e6fb2005b4af_1_8c68f3afacaa7e8c.mp3,hum/3c39e6fb2005b4af_1_298b905dabb7b86a.wav
3c39e6fb2005b4af,song/3c39e6fb2005b4af_1_8c68f3afacaa7e8c.mp3,hum/3c39e6fb2005b4af_1_786042eb6eecb26a.wav
3c39e6fb2005b4af,song/3c39e6fb2005b4af_1_8c68f3afacaa7e8c.mp3,hum/3c39e6fb2005b4af_1_760f3de571d9d396.wav
3c39e6fb2005b4af,song/3c39e6fb2005b4af_2_f3b8bbb574f58500.mp3,hum/3c39e6fb2005b4af_2_99316af3d780bd9c.wav
3c39e6fb2005b4af,song/3c39e6fb2005b4af_2_f3b8bbb574f58500.mp3,hum/3c39e6fb2005b4af_2_6ffdd1bb09c48fdb.wav
3c39e6fb2005b4af,song/3c39e6fb2005b4af_2_f3b8bbb574f58500.mp3,hum/3c39e6fb2005b4af_2_0ea427b3ec1095f4.wav
3c39e6fb2005b4af,song/3c39e6fb2005b4af_2_f3b8bbb574f58500.mp3,hum/3c39e6fb2005b4af_2_8aec2d0cb74a0cee.wav
3c39e6fb2005b4af,song/3c39e6fb2005b4af_2_f3b8bbb574f58500.mp3,hum/3c39e6fb2005b4af_2_fb0c2e54f0ea02b9.wav
3c39e6fb2005b4af,song/3c39e6fb2005b4af_2_f3b8bbb574f58500.mp3,hum/3c39e6fb2005b4af_2_80100f6afdb623c6.wav
3c39e6fb2005b4af,song/3c39e6fb2005b4af_3_223fa865ee7c55a0.mp3,hum/3c39e6fb2005b4af_3_f10f509ca1a54f8f.wav
3c39e6fb2005b4af,song/3c39e6fb2005b4af_3_223fa865ee7c55a0.mp3,hum/3c39e6fb2005b4af_3_af03fa77b89503c7.wav
3c39e6fb2005b4af,song/3c39e6fb2005b4af_3_223fa865ee7c55a0.mp3,hum/3c39e6fb2005b4af_3_de2744c6d305d0eb.wav
3c39e6fb2005b4af,song/3c39e6fb2005b4af_3_223fa865ee7c55a0.mp3,hum/3c39e6fb2005b4af_3_d757ca0897bbdbac.wav
3c39e6fb2005b4af,song/3c39e6fb2005b4af_3_223fa865ee7c55a0.mp3,hum/3c39e6fb2005b4af_3_2b4ba203df8df6d1.wav
3c39e6fb2005b4af,song/3c39e6fb2005b4af_3_223fa865ee7c55a0.mp3,hum/3c39e6fb2005b4af_3_35ec13503513b58e.wav
3c6f027cc89e60bd,song/3c6f027cc89e60bd_1_dd556383c9a8add9.mp3,hum/3c6f027cc89e60bd_1_7180672f6b017d31.wav
3c6f027cc89e60bd,song/3c6f027cc89e60bd_1_dd556383c9a8add9.mp3,hum/3c6f027cc89e60bd_1_e01c954c56074bbb.wav
3c6f027cc89e60bd,song/3c6f027cc89e60bd_1_dd556383c9a8add9.mp3,hum/3c6f027cc89e60bd_1_e09d78ada6769d7e.wav
3c6f027cc89e60bd,song/3c6f027cc89e60bd_1_dd556383c9a8add9.mp3,hum/3c6f027cc89e60bd_1_e1e5a7dc28f21d4e.wav
3c6f027cc89e60bd,song/3c6f027cc89e60bd_1_dd556383c9a8add9.mp3,hum/3c6f027cc89e60bd_1_2b76857ee1c6672e.wav
3c6f027cc89e60bd,song/3c6f027cc89e60bd_2_7449db6bf368058b.mp3,hum/3c6f027cc89e60bd_2_4d0f10c9d24b65b3.wav
3c6f027cc89e60bd,song/3c6f027cc89e60bd_2_7449db6bf368058b.mp3,hum/3c6f027cc89e60bd_2_a12adbce816362bb.wav
3c6f027cc89e60bd,song/3c6f027cc89e60bd_2_7449db6bf368058b.mp3,hum/3c6f027cc89e60bd_2_997d338d374ec129.wav
3c6f027cc89e60bd,song/3c6f027cc89e60bd_2_7449db6bf368058b.mp3,hum/3c6f027cc89e60bd_2_d32000de140c6cfe.wav
3c6f027cc89e60bd,song/3c6f027cc89e60bd_2_7449db6bf368058b.mp3,hum/3c6f027cc89e60bd_2_244673342802cb24.wav
3c6f027cc89e60bd,song/3c6f027cc89e60bd_3_b04d0e804678d467.mp3,hum/3c6f027cc89e60bd_3_7e1121b47cdb06d3.wav
3c6f027cc89e60bd,song/3c6f027cc89e60bd_3_b04d0e804678d467.mp3,hum/3c6f027cc89e60bd_3_b8c5af543232f862.wav
3c6f027cc89e60bd,song/3c6f027cc89e60bd_3_b04d0e804678d467.mp3,hum/3c6f027cc89e60bd_3_e24df8f4f1a66f35.wav
3c6f027cc89e60bd,song/3c6f027cc89e60bd_3_b04d0e804678d467.mp3,hum/3c6f027cc89e60bd_3_9c6e96c1c3544389.wav
3c6f027cc89e60bd,song/3c6f027cc89e60bd_3_b04d0e804678d467.mp3,hum/3c6f027cc89e60bd_3_701ee9b228453383.wav
3cf58c398dc7b5a6,song/3cf58c398dc7b5a6_1_70a61c37e5c81eb1.mp3,hum/3cf58c398dc7b5a6_1_7fc8efe6586a9401.wav
3cf58c398dc7b5a6,song/3cf58c398dc7b5a6_1_70a61c37e5c81eb1.mp3,hum/3cf58c398dc7b5a6_1_6195fb15f662accc.wav
3cf58c398dc7b5a6,song/3cf58c398dc7b5a6_1_70a61c37e5c81eb1.mp3,hum/3cf58c398dc7b5a6_1_fed8ca6dcf4378d3.wav
3cf58c398dc7b5a6,song/3cf58c398dc7b5a6_1_70a61c37e5c81eb1.mp3,hum/3cf58c398dc7b5a6_1_67b2e98865faf55a.wav
3cf58c398dc7b5a6,song/3cf58c398dc7b5a6_1_70a61c37e5c81eb1.mp3,hum/3cf58c398dc7b5a6_1_c0f33e6c2f0bb50f.wav
3cf58c398dc7b5a6,song/3cf58c398dc7b5a6_2_16d97f0ff4e094a5.mp3,hum/3cf58c398dc7b5a6_2_6657989dab103dcd.wav
3cf58c398dc7b5a6,song/3cf58c398dc7b5a6_2_16d97f0ff4e094a5.mp3,hum/3cf58c398dc7b5a6_2_01a9e12a6f6bcaad.wav
3cf58c398dc7b5a6,song/3cf58c398dc7b5a6_2_16d97f0ff4e094a5.mp3,hum/3cf58c398dc7b5a6_2_4dcbe3f0c3c42eeb.wav
3cf58c398dc7b5a6,song/3cf58c398dc7b5a6_2_16d97f0ff4e094a5.mp3,hum/3cf58c398dc7b5a6_2_467cc49ace9ecdc8.wav
3cf58c398dc7b5a6,song/3cf58c398dc7b5a6_2_16d97f0ff4e094a5.mp3,hum/3cf58c398dc7b5a6_2_9e1f3e8ff3c6d0e3.wav
3e2c54372e4c835e,song/3e2c54372e4c835e_1_4339abad46fcd705.mp3,hum/3e2c54372e4c835e_1_bf67c39ea61d0c27.wav
3e2c54372e4c835e,song/3e2c54372e4c835e_1_4339abad46fcd705.mp3,hum/3e2c54372e4c835e_1_0ead15b318733336.wav
3e2c54372e4c835e,song/3e2c54372e4c835e_1_4339abad46fcd705.mp3,hum/3e2c54372e4c835e_1_99df598437565597.wav
3e2c54372e4c835e,song/3e2c54372e4c835e_1_4339abad46fcd705.mp3,hum/3e2c54372e4c835e_1_edf27ff6ad71a182.wav
3e2c54372e4c835e,song/3e2c54372e4c835e_1_4339abad46fcd705.mp3,hum/3e2c54372e4c835e_1_76071fd87e6868ac.wav
3e2c54372e4c835e,song/3e2c54372e4c835e_1_4339abad46fcd705.mp3,hum/3e2c54372e4c835e_1_6a75b4aca5f34b6d.wav
3e2c54372e4c835e,song/3e2c54372e4c835e_1_4339abad46fcd705.mp3,hum/3e2c54372e4c835e_1_e13bc2c54f0e235a.wav
3e2c54372e4c835e,song/3e2c54372e4c835e_1_4339abad46fcd705.mp3,hum/3e2c54372e4c835e_1_f9878336b7496f11.wav
3e2c54372e4c835e,song/3e2c54372e4c835e_1_4339abad46fcd705.mp3,hum/3e2c54372e4c835e_1_43921956157b3ce7.wav
3e2c54372e4c835e,song/3e2c54372e4c835e_1_4339abad46fcd705.mp3,hum/3e2c54372e4c835e_1_ecfebb0ae031e857.wav
3e2c54372e4c835e,song/3e2c54372e4c835e_1_4339abad46fcd705.mp3,hum/3e2c54372e4c835e_1_dd78feb3b55ad4ac.wav
3e2c54372e4c835e,song/3e2c54372e4c835e_1_4339abad46fcd705.mp3,hum/3e2c54372e4c835e_1_9dafb948a1958df7.wav
3e2c54372e4c835e,song/3e2c54372e4c835e_1_4339abad46fcd705.mp3,hum/3e2c54372e4c835e_1_81fb68c6322df614.wav
3e2c54372e4c835e,song/3e2c54372e4c835e_1_4339abad46fcd705.mp3,hum/3e2c54372e4c835e_1_49a20d60e3e08806.wav
3e2c54372e4c835e,song/3e2c54372e4c835e_1_4339abad46fcd705.mp3,hum/3e2c54372e4c835e_1_0be7d4bb8875b6d1.wav
3e2c54372e4c835e,song/3e2c54372e4c835e_1_4339abad46fcd705.mp3,hum/3e2c54372e4c835e_1_155c0adcf6cfa36c.wav
3e2c54372e4c835e,song/3e2c54372e4c835e_1_4339abad46fcd705.mp3,hum/3e2c54372e4c835e_1_8e663aeed2399295.wav
3e2c54372e4c835e,song/3e2c54372e4c835e_1_4339abad46fcd705.mp3,hum/3e2c54372e4c835e_1_e1a382c7f13d81e6.wav
3e2c54372e4c835e,song/3e2c54372e4c835e_1_4339abad46fcd705.mp3,hum/3e2c54372e4c835e_1_8b1e34ec71e7bf36.wav
3e2c54372e4c835e,song/3e2c54372e4c835e_2_97990d68dbeeaeef.mp3,hum/3e2c54372e4c835e_2_f4e83bcd8ee8a488.wav
3e2c54372e4c835e,song/3e2c54372e4c835e_2_97990d68dbeeaeef.mp3,hum/3e2c54372e4c835e_2_1850de8f420dbe79.wav
3e2c54372e4c835e,song/3e2c54372e4c835e_2_97990d68dbeeaeef.mp3,hum/3e2c54372e4c835e_2_6b6f2d962912ac3b.wav
3e2c54372e4c835e,song/3e2c54372e4c835e_2_97990d68dbeeaeef.mp3,hum/3e2c54372e4c835e_2_3ebfdfbdb23a95e4.wav
3e2c54372e4c835e,song/3e2c54372e4c835e_2_97990d68dbeeaeef.mp3,hum/3e2c54372e4c835e_2_ef89900f097c9891.wav
3e2c54372e4c835e,song/3e2c54372e4c835e_2_97990d68dbeeaeef.mp3,hum/3e2c54372e4c835e_2_7c99ffcd9508b953.wav
3e2c54372e4c835e,song/3e2c54372e4c835e_2_97990d68dbeeaeef.mp3,hum/3e2c54372e4c835e_2_03fadbe66ccda34b.wav
3e2c54372e4c835e,song/3e2c54372e4c835e_2_97990d68dbeeaeef.mp3,hum/3e2c54372e4c835e_2_aa8ace698e357dd1.wav
3e2c54372e4c835e,song/3e2c54372e4c835e_2_97990d68dbeeaeef.mp3,hum/3e2c54372e4c835e_2_6ff0cdc3a78b8af4.wav
3e2c54372e4c835e,song/3e2c54372e4c835e_2_97990d68dbeeaeef.mp3,hum/3e2c54372e4c835e_2_6f49f3a8ec09c309.wav
3e868b749973bc1a,song/3e868b749973bc1a_1_f6b4c78e3e59604f.mp3,hum/3e868b749973bc1a_1_f79a6801130b5e0c.wav
3e868b749973bc1a,song/3e868b749973bc1a_1_f6b4c78e3e59604f.mp3,hum/3e868b749973bc1a_1_6a098be3c7dfd59d.wav
3e868b749973bc1a,song/3e868b749973bc1a_1_f6b4c78e3e59604f.mp3,hum/3e868b749973bc1a_1_e5453a9b36e4bed6.wav
3e868b749973bc1a,song/3e868b749973bc1a_1_f6b4c78e3e59604f.mp3,hum/3e868b749973bc1a_1_1f16063c5df93ef2.wav
3e868b749973bc1a,song/3e868b749973bc1a_1_f6b4c78e3e59604f.mp3,hum/3e868b749973bc1a_1_aa5f113806a594ad.wav
3f70d942b6a7b11b,song/3f70d942b6a7b11b_1_34fcbfe994d26065.mp3,hum/3f70d942b6a7b11b_1_6f2aec2919862ade.wav
3f70d942b6a7b11b,song/3f70d942b6a7b11b_1_34fcbfe994d26065.mp3,hum/3f70d942b6a7b11b_1_de97978eecf408e7.wav
3f70d942b6a7b11b,song/3f70d942b6a7b11b_1_34fcbfe994d26065.mp3,hum/3f70d942b6a7b11b_1_c3ada4705c3379e7.wav
3f70d942b6a7b11b,song/3f70d942b6a7b11b_1_34fcbfe994d26065.mp3,hum/3f70d942b6a7b11b_1_5c4aee9cdf21cdc4.wav
3f70d942b6a7b11b,song/3f70d942b6a7b11b_1_34fcbfe994d26065.mp3,hum/3f70d942b6a7b11b_1_523d79cdd34e35ef.wav
3f70d942b6a7b11b,song/3f70d942b6a7b11b_1_34fcbfe994d26065.mp3,hum/3f70d942b6a7b11b_1_2c2ae7ff36ac3069.wav
3f70d942b6a7b11b,song/3f70d942b6a7b11b_1_34fcbfe994d26065.mp3,hum/3f70d942b6a7b11b_1_4cf981986bf90ac5.wav
3f70d942b6a7b11b,song/3f70d942b6a7b11b_1_34fcbfe994d26065.mp3,hum/3f70d942b6a7b11b_1_b5e4cd2025f08ed6.wav
3f70d942b6a7b11b,song/3f70d942b6a7b11b_1_34fcbfe994d26065.mp3,hum/3f70d942b6a7b11b_1_cb86e3d72ea67faf.wav
3f70d942b6a7b11b,song/3f70d942b6a7b11b_1_34fcbfe994d26065.mp3,hum/3f70d942b6a7b11b_1_865490e672521b15.wav
3f70d942b6a7b11b,song/3f70d942b6a7b11b_2_788fbda8cb44500f.mp3,hum/3f70d942b6a7b11b_2_fc7611e261eab86e.wav
3f70d942b6a7b11b,song/3f70d942b6a7b11b_2_788fbda8cb44500f.mp3,hum/3f70d942b6a7b11b_2_00e878511d16763b.wav
3f70d942b6a7b11b,song/3f70d942b6a7b11b_2_788fbda8cb44500f.mp3,hum/3f70d942b6a7b11b_2_e671b2635f52fae9.wav
3f70d942b6a7b11b,song/3f70d942b6a7b11b_2_788fbda8cb44500f.mp3,hum/3f70d942b6a7b11b_2_ebbb0f36a3cf3aa9.wav
3f70d942b6a7b11b,song/3f70d942b6a7b11b_2_788fbda8cb44500f.mp3,hum/3f70d942b6a7b11b_2_ae60063512c7e5a4.wav
3f70d942b6a7b11b,song/3f70d942b6a7b11b_2_788fbda8cb44500f.mp3,hum/3f70d942b6a7b11b_2_a78deee7a29cf481.wav
3f70d942b6a7b11b,song/3f70d942b6a7b11b_2_788fbda8cb44500f.mp3,hum/3f70d942b6a7b11b_2_fd3df442dcd770b9.wav
3f70d942b6a7b11b,song/3f70d942b6a7b11b_2_788fbda8cb44500f.mp3,hum/3f70d942b6a7b11b_2_d686653239a47315.wav
3f70d942b6a7b11b,song/3f70d942b6a7b11b_2_788fbda8cb44500f.mp3,hum/3f70d942b6a7b11b_2_5a101263ab63d005.wav
3f70d942b6a7b11b,song/3f70d942b6a7b11b_2_788fbda8cb44500f.mp3,hum/3f70d942b6a7b11b_2_792543991871b6e4.wav
3f9dc65bb89f4195,song/3f9dc65bb89f4195_1_f538a3f106c71cb4.mp3,hum/3f9dc65bb89f4195_1_b6c6ba0ccf634fbc.wav
3f9dc65bb89f4195,song/3f9dc65bb89f4195_1_f538a3f106c71cb4.mp3,hum/3f9dc65bb89f4195_1_45e477fe58543265.wav
3f9dc65bb89f4195,song/3f9dc65bb89f4195_1_f538a3f106c71cb4.mp3,hum/3f9dc65bb89f4195_1_6f73450e8574c99f.wav
3f9dc65bb89f4195,song/3f9dc65bb89f4195_1_f538a3f106c71cb4.mp3,hum/3f9dc65bb89f4195_1_152344cce9134255.wav
3f9dc65bb89f4195,song/3f9dc65bb89f4195_1_f538a3f106c71cb4.mp3,hum/3f9dc65bb89f4195_1_adf4fd35252e234d.wav
3f9dc65bb89f4195,song/3f9dc65bb89f4195_1_f538a3f106c71cb4.mp3,hum/3f9dc65bb89f4195_1_75c1dada5fc15247.wav
3f9dc65bb89f4195,song/3f9dc65bb89f4195_1_f538a3f106c71cb4.mp3,hum/3f9dc65bb89f4195_1_8abccbdfa787ea93.wav
3f9dc65bb89f4195,song/3f9dc65bb89f4195_1_f538a3f106c71cb4.mp3,hum/3f9dc65bb89f4195_1_fedf2df252532b14.wav
3f9dc65bb89f4195,song/3f9dc65bb89f4195_1_f538a3f106c71cb4.mp3,hum/3f9dc65bb89f4195_1_67c2b4a5c297c1c5.wav
3f9dc65bb89f4195,song/3f9dc65bb89f4195_1_f538a3f106c71cb4.mp3,hum/3f9dc65bb89f4195_1_b0bdfb3f0e85f5c3.wav
3f9dc65bb89f4195,song/3f9dc65bb89f4195_1_f538a3f106c71cb4.mp3,hum/3f9dc65bb89f4195_1_504690379e9c496d.wav
3f9dc65bb89f4195,song/3f9dc65bb89f4195_1_f538a3f106c71cb4.mp3,hum/3f9dc65bb89f4195_1_a11aa93fccf62176.wav
3f9dc65bb89f4195,song/3f9dc65bb89f4195_1_f538a3f106c71cb4.mp3,hum/3f9dc65bb89f4195_1_daa86cf413cd26de.wav
3f9dc65bb89f4195,song/3f9dc65bb89f4195_1_f538a3f106c71cb4.mp3,hum/3f9dc65bb89f4195_1_669081ffb1bbb0a5.wav
3f9dc65bb89f4195,song/3f9dc65bb89f4195_1_f538a3f106c71cb4.mp3,hum/3f9dc65bb89f4195_1_bd23e40c6776c701.wav
401b9bcebf13368b,song/401b9bcebf13368b_1_6406d8e418b0412d.mp3,hum/401b9bcebf13368b_1_8ce56032b1e2e413.wav
401b9bcebf13368b,song/401b9bcebf13368b_1_6406d8e418b0412d.mp3,hum/401b9bcebf13368b_1_34f03db847db25a8.wav
401b9bcebf13368b,song/401b9bcebf13368b_1_6406d8e418b0412d.mp3,hum/401b9bcebf13368b_1_9af22c86a2aa26ed.wav
401b9bcebf13368b,song/401b9bcebf13368b_1_6406d8e418b0412d.mp3,hum/401b9bcebf13368b_1_95fc3c15f0e08348.wav
401b9bcebf13368b,song/401b9bcebf13368b_1_6406d8e418b0412d.mp3,hum/401b9bcebf13368b_1_c0b1533f9dcd4974.wav
4078a6e157465568,song/4078a6e157465568_1_c01d812a11e3ed35.mp3,hum/4078a6e157465568_1_33faea730c27f63d.wav
4078a6e157465568,song/4078a6e157465568_1_c01d812a11e3ed35.mp3,hum/4078a6e157465568_1_b823ba9727119a82.wav
4078a6e157465568,song/4078a6e157465568_1_c01d812a11e3ed35.mp3,hum/4078a6e157465568_1_61b8809eae66bceb.wav
4078a6e157465568,song/4078a6e157465568_1_c01d812a11e3ed35.mp3,hum/4078a6e157465568_1_13325859d9d104e1.wav
4078a6e157465568,song/4078a6e157465568_1_c01d812a11e3ed35.mp3,hum/4078a6e157465568_1_6763fea2cdf1acfa.wav
4078a6e157465568,song/4078a6e157465568_1_c01d812a11e3ed35.mp3,hum/4078a6e157465568_1_8cf50e1084565cf3.wav
4078a6e157465568,song/4078a6e157465568_1_c01d812a11e3ed35.mp3,hum/4078a6e157465568_1_1f79db7550ca5772.wav
4078a6e157465568,song/4078a6e157465568_2_eec81c4f8568e4d7.mp3,hum/4078a6e157465568_2_1e9ab4077877df85.wav
4078a6e157465568,song/4078a6e157465568_2_eec81c4f8568e4d7.mp3,hum/4078a6e157465568_2_e282419397588b64.wav
4078a6e157465568,song/4078a6e157465568_2_eec81c4f8568e4d7.mp3,hum/4078a6e157465568_2_c7845585fc4e5ae6.wav
4078a6e157465568,song/4078a6e157465568_2_eec81c4f8568e4d7.mp3,hum/4078a6e157465568_2_1588043ceb07201d.wav
4078a6e157465568,song/4078a6e157465568_2_eec81c4f8568e4d7.mp3,hum/4078a6e157465568_2_f182f3471a927429.wav
4078a6e157465568,song/4078a6e157465568_2_eec81c4f8568e4d7.mp3,hum/4078a6e157465568_2_183455fef68e0bf4.wav
4078a6e157465568,song/4078a6e157465568_2_eec81c4f8568e4d7.mp3,hum/4078a6e157465568_2_ae9b8ce4885f9f41.wav
4078a6e157465568,song/4078a6e157465568_3_8efb7a16f432e985.mp3,hum/4078a6e157465568_3_3de3a6b759956abb.wav
4078a6e157465568,song/4078a6e157465568_3_8efb7a16f432e985.mp3,hum/4078a6e157465568_3_6481e2fba54cacc2.wav
4078a6e157465568,song/4078a6e157465568_3_8efb7a16f432e985.mp3,hum/4078a6e157465568_3_a891cbd840210614.wav
4078a6e157465568,song/4078a6e157465568_3_8efb7a16f432e985.mp3,hum/4078a6e157465568_3_8cb95eb3955ac409.wav
4078a6e157465568,song/4078a6e157465568_3_8efb7a16f432e985.mp3,hum/4078a6e157465568_3_5e4c005d34d2b010.wav
4078a6e157465568,song/4078a6e157465568_3_8efb7a16f432e985.mp3,hum/4078a6e157465568_3_2e34aee2383eb95c.wav
4078a6e157465568,song/4078a6e157465568_3_8efb7a16f432e985.mp3,hum/4078a6e157465568_3_98e1166e6cdae842.wav
40ae0b20323794db,song/40ae0b20323794db_1_597035780ab68191.mp3,hum/40ae0b20323794db_1_c15e4a722541e089.wav
40ae0b20323794db,song/40ae0b20323794db_1_597035780ab68191.mp3,hum/40ae0b20323794db_1_238fcde5823f3049.wav
40ae0b20323794db,song/40ae0b20323794db_1_597035780ab68191.mp3,hum/40ae0b20323794db_1_bab7603054cb846c.wav
40ae0b20323794db,song/40ae0b20323794db_1_597035780ab68191.mp3,hum/40ae0b20323794db_1_39a0fca6c9a8e939.wav
40ae0b20323794db,song/40ae0b20323794db_1_597035780ab68191.mp3,hum/40ae0b20323794db_1_0cddc7666fdaa1a9.wav
40ae0b20323794db,song/40ae0b20323794db_1_597035780ab68191.mp3,hum/40ae0b20323794db_1_9a0d02e3e621ad4c.wav
40ae0b20323794db,song/40ae0b20323794db_1_597035780ab68191.mp3,hum/40ae0b20323794db_1_ac4823b8612affd5.wav
40ae0b20323794db,song/40ae0b20323794db_1_597035780ab68191.mp3,hum/40ae0b20323794db_1_0543cc669dcc233d.wav
40ae0b20323794db,song/40ae0b20323794db_1_597035780ab68191.mp3,hum/40ae0b20323794db_1_91a3c4e5239bd7a2.wav
40ae0b20323794db,song/40ae0b20323794db_1_597035780ab68191.mp3,hum/40ae0b20323794db_1_d84a0c94fd1e45fe.wav
40ae0b20323794db,song/40ae0b20323794db_1_597035780ab68191.mp3,hum/40ae0b20323794db_1_bd8f3894c71a63f3.wav
40ae0b20323794db,song/40ae0b20323794db_1_597035780ab68191.mp3,hum/40ae0b20323794db_1_63f6233f41a12140.wav
40ae0b20323794db,song/40ae0b20323794db_1_597035780ab68191.mp3,hum/40ae0b20323794db_1_0f2d9be71965f142.wav
40ae0b20323794db,song/40ae0b20323794db_1_597035780ab68191.mp3,hum/40ae0b20323794db_1_cdd20a186d395936.wav
40ae0b20323794db,song/40ae0b20323794db_1_597035780ab68191.mp3,hum/40ae0b20323794db_1_c9891ddd96163ac7.wav
40ae0b20323794db,song/40ae0b20323794db_2_6d28c1ae6bf7ad5d.mp3,hum/40ae0b20323794db_2_00e3f80e0138d55a.wav
40ae0b20323794db,song/40ae0b20323794db_2_6d28c1ae6bf7ad5d.mp3,hum/40ae0b20323794db_2_9928ee2cacf30919.wav
40ae0b20323794db,song/40ae0b20323794db_2_6d28c1ae6bf7ad5d.mp3,hum/40ae0b20323794db_2_c170978a670bbfac.wav
40ae0b20323794db,song/40ae0b20323794db_2_6d28c1ae6bf7ad5d.mp3,hum/40ae0b20323794db_2_c7bd742550bea3f2.wav
40ae0b20323794db,song/40ae0b20323794db_2_6d28c1ae6bf7ad5d.mp3,hum/40ae0b20323794db_2_f976cc892d276e4e.wav
40ae0b20323794db,song/40ae0b20323794db_2_6d28c1ae6bf7ad5d.mp3,hum/40ae0b20323794db_2_ff2945bd5bbcb667.wav
40ae0b20323794db,song/40ae0b20323794db_2_6d28c1ae6bf7ad5d.mp3,hum/40ae0b20323794db_2_806c53f3f751a50a.wav
40ae0b20323794db,song/40ae0b20323794db_2_6d28c1ae6bf7ad5d.mp3,hum/40ae0b20323794db_2_858e66e4914099b2.wav
40ae0b20323794db,song/40ae0b20323794db_2_6d28c1ae6bf7ad5d.mp3,hum/40ae0b20323794db_2_053f43443e278d59.wav
40ae0b20323794db,song/40ae0b20323794db_2_6d28c1ae6bf7ad5d.mp3,hum/40ae0b20323794db_2_ae68275fb09c05f9.wav
40ae0b20323794db,song/40ae0b20323794db_2_6d28c1ae6bf7ad5d.mp3,hum/40ae0b20323794db_2_c5e2b9db6b9f8afb.wav
40ae0b20323794db,song/40ae0b20323794db_2_6d28c1ae6bf7ad5d.mp3,hum/40ae0b20323794db_2_7bcc20033ef589b3.wav
40ae0b20323794db,song/40ae0b20323794db_2_6d28c1ae6bf7ad5d.mp3,hum/40ae0b20323794db_2_729078b52ee46ccb.wav
40ae0b20323794db,song/40ae0b20323794db_2_6d28c1ae6bf7ad5d.mp3,hum/40ae0b20323794db_2_c9dad911c1595323.wav
40ae0b20323794db,song/40ae0b20323794db_2_6d28c1ae6bf7ad5d.mp3,hum/40ae0b20323794db_2_c489634fcc30e6c8.wav
40ae0b20323794db,song/40ae0b20323794db_2_6d28c1ae6bf7ad5d.mp3,hum/40ae0b20323794db_2_732b1716439df140.wav
42556a227087d4f6,song/42556a227087d4f6_1_ec71bff55e2a0f0a.mp3,hum/42556a227087d4f6_1_8d6fd373035a107c.wav
42556a227087d4f6,song/42556a227087d4f6_1_ec71bff55e2a0f0a.mp3,hum/42556a227087d4f6_1_550e7aded31168c6.wav
42556a227087d4f6,song/42556a227087d4f6_1_ec71bff55e2a0f0a.mp3,hum/42556a227087d4f6_1_25285a5858f6ac74.wav
42556a227087d4f6,song/42556a227087d4f6_1_ec71bff55e2a0f0a.mp3,hum/42556a227087d4f6_1_82d5378baff9fa16.wav
42556a227087d4f6,song/42556a227087d4f6_1_ec71bff55e2a0f0a.mp3,hum/42556a227087d4f6_1_14444ba4838baf58.wav
42556a227087d4f6,song/42556a227087d4f6_1_ec71bff55e2a0f0a.mp3,hum/42556a227087d4f6_1_be48e547f3c9eee9.wav
42556a227087d4f6,song/42556a227087d4f6_1_ec71bff55e2a0f0a.mp3,hum/42556a227087d4f6_1_199d1805a71ba23c.wav
42556a227087d4f6,song/42556a227087d4f6_1_ec71bff55e2a0f0a.mp3,hum/42556a227087d4f6_1_84ee1e75ce1f1338.wav
42556a227087d4f6,song/42556a227087d4f6_1_ec71bff55e2a0f0a.mp3,hum/42556a227087d4f6_1_374e51dd3d772199.wav
42556a227087d4f6,song/42556a227087d4f6_1_ec71bff55e2a0f0a.mp3,hum/42556a227087d4f6_1_ca9287bd02cc006e.wav
42556a227087d4f6,song/42556a227087d4f6_1_ec71bff55e2a0f0a.mp3,hum/42556a227087d4f6_1_c9966b5692e26e70.wav
42556a227087d4f6,song/42556a227087d4f6_1_ec71bff55e2a0f0a.mp3,hum/42556a227087d4f6_1_974465dba80949a4.wav
42556a227087d4f6,song/42556a227087d4f6_2_c203a5bd29249304.mp3,hum/42556a227087d4f6_2_8864f526eabea3d3.wav
42556a227087d4f6,song/42556a227087d4f6_2_c203a5bd29249304.mp3,hum/42556a227087d4f6_2_1172827b83449f0e.wav
42556a227087d4f6,song/42556a227087d4f6_2_c203a5bd29249304.mp3,hum/42556a227087d4f6_2_6e1d4192fe4fc1b0.wav
42556a227087d4f6,song/42556a227087d4f6_2_c203a5bd29249304.mp3,hum/42556a227087d4f6_2_2404b17b485efc78.wav
42556a227087d4f6,song/42556a227087d4f6_2_c203a5bd29249304.mp3,hum/42556a227087d4f6_2_bf97faa1c0a51fa4.wav
42556a227087d4f6,song/42556a227087d4f6_2_c203a5bd29249304.mp3,hum/42556a227087d4f6_2_2f524d4be401bdef.wav
42556a227087d4f6,song/42556a227087d4f6_2_c203a5bd29249304.mp3,hum/42556a227087d4f6_2_5281cef545a97e7f.wav
42556a227087d4f6,song/42556a227087d4f6_2_c203a5bd29249304.mp3,hum/42556a227087d4f6_2_9fbc6dcd553293d7.wav
42556a227087d4f6,song/42556a227087d4f6_2_c203a5bd29249304.mp3,hum/42556a227087d4f6_2_1849ddda9429590c.wav
42556a227087d4f6,song/42556a227087d4f6_2_c203a5bd29249304.mp3,hum/42556a227087d4f6_2_547951b580a80ac0.wav
42556a227087d4f6,song/42556a227087d4f6_2_c203a5bd29249304.mp3,hum/42556a227087d4f6_2_9ae62b04bfb47740.wav
42556a227087d4f6,song/42556a227087d4f6_2_c203a5bd29249304.mp3,hum/42556a227087d4f6_2_d94d9022846d07ff.wav
42556a227087d4f6,song/42556a227087d4f6_2_c203a5bd29249304.mp3,hum/42556a227087d4f6_2_c668fcbd4d75beff.wav
42556a227087d4f6,song/42556a227087d4f6_2_c203a5bd29249304.mp3,hum/42556a227087d4f6_2_e9ff533327a8722f.wav
442ed98cf4f0a325,song/442ed98cf4f0a325_1_b1511467041c867b.mp3,hum/442ed98cf4f0a325_1_655d58b01bef172f.wav
442ed98cf4f0a325,song/442ed98cf4f0a325_1_b1511467041c867b.mp3,hum/442ed98cf4f0a325_1_7ce9dd9483dd2926.wav
442ed98cf4f0a325,song/442ed98cf4f0a325_1_b1511467041c867b.mp3,hum/442ed98cf4f0a325_1_cfd2104a832ddf58.wav
442ed98cf4f0a325,song/442ed98cf4f0a325_1_b1511467041c867b.mp3,hum/442ed98cf4f0a325_1_d5814eec3154e1bd.wav
442ed98cf4f0a325,song/442ed98cf4f0a325_1_b1511467041c867b.mp3,hum/442ed98cf4f0a325_1_ff641479caec7481.wav
442ed98cf4f0a325,song/442ed98cf4f0a325_1_b1511467041c867b.mp3,hum/442ed98cf4f0a325_1_d61fce2db2db3fc4.wav
442ed98cf4f0a325,song/442ed98cf4f0a325_1_b1511467041c867b.mp3,hum/442ed98cf4f0a325_1_930c5ba76bf9f4a7.wav
442ed98cf4f0a325,song/442ed98cf4f0a325_1_b1511467041c867b.mp3,hum/442ed98cf4f0a325_1_384919beaaa6df25.wav
442ed98cf4f0a325,song/442ed98cf4f0a325_1_b1511467041c867b.mp3,hum/442ed98cf4f0a325_1_5033f7946d5270e1.wav
442ed98cf4f0a325,song/442ed98cf4f0a325_1_b1511467041c867b.mp3,hum/442ed98cf4f0a325_1_4e43b50401687866.wav
442ed98cf4f0a325,song/442ed98cf4f0a325_1_b1511467041c867b.mp3,hum/442ed98cf4f0a325_1_d2fa1d0ecb5a2381.wav
442ed98cf4f0a325,song/442ed98cf4f0a325_1_b1511467041c867b.mp3,hum/442ed98cf4f0a325_1_c23f208b075a211b.wav
442ed98cf4f0a325,song/442ed98cf4f0a325_1_b1511467041c867b.mp3,hum/442ed98cf4f0a325_1_037d109c7046bf19.wav
442ed98cf4f0a325,song/442ed98cf4f0a325_1_b1511467041c867b.mp3,hum/442ed98cf4f0a325_1_8dace382f5787f53.wav
442ed98cf4f0a325,song/442ed98cf4f0a325_1_b1511467041c867b.mp3,hum/442ed98cf4f0a325_1_750c130e3addaa0e.wav
44d38d21466c7995,song/44d38d21466c7995_2_e02cba3e5c3a0f6d.mp3,hum/44d38d21466c7995_2_5bae54108ddc6e72.wav
44d38d21466c7995,song/44d38d21466c7995_2_e02cba3e5c3a0f6d.mp3,hum/44d38d21466c7995_2_cf1870fdfc2d7cbe.wav
44d38d21466c7995,song/44d38d21466c7995_2_e02cba3e5c3a0f6d.mp3,hum/44d38d21466c7995_2_3a142cfd3583765c.wav
44d38d21466c7995,song/44d38d21466c7995_2_e02cba3e5c3a0f6d.mp3,hum/44d38d21466c7995_2_ca6fbd4a7b968dca.wav
44d38d21466c7995,song/44d38d21466c7995_2_e02cba3e5c3a0f6d.mp3,hum/44d38d21466c7995_2_a6bbb9b0d2334951.wav
44d38d21466c7995,song/44d38d21466c7995_3_3b16625dd3f06ce9.mp3,hum/44d38d21466c7995_3_c69d0530042de18c.wav
44d38d21466c7995,song/44d38d21466c7995_3_3b16625dd3f06ce9.mp3,hum/44d38d21466c7995_3_6b5802ad9625d7f7.wav
44d38d21466c7995,song/44d38d21466c7995_3_3b16625dd3f06ce9.mp3,hum/44d38d21466c7995_3_8f2603e6e695efcf.wav
44d38d21466c7995,song/44d38d21466c7995_3_3b16625dd3f06ce9.mp3,hum/44d38d21466c7995_3_f3e4e095ccfe2a5a.wav
44d38d21466c7995,song/44d38d21466c7995_4_8ff394bfa353d7ce.mp3,hum/44d38d21466c7995_4_77a81d7508138fc6.wav
44d38d21466c7995,song/44d38d21466c7995_4_8ff394bfa353d7ce.mp3,hum/44d38d21466c7995_4_9a5e35adcaa096ae.wav
44d38d21466c7995,song/44d38d21466c7995_4_8ff394bfa353d7ce.mp3,hum/44d38d21466c7995_4_8a916854f42775cd.wav
44d38d21466c7995,song/44d38d21466c7995_4_8ff394bfa353d7ce.mp3,hum/44d38d21466c7995_4_015ab7ad0d237f44.wav
44d38d21466c7995,song/44d38d21466c7995_4_8ff394bfa353d7ce.mp3,hum/44d38d21466c7995_4_0b89cd82ce03158b.wav
45ee58f8ae849a53,song/45ee58f8ae849a53_1_e883dedca14a2f94.mp3,hum/45ee58f8ae849a53_1_d21bfc07d5556085.wav
45ee58f8ae849a53,song/45ee58f8ae849a53_1_e883dedca14a2f94.mp3,hum/45ee58f8ae849a53_1_d65a949ee4341440.wav
45ee58f8ae849a53,song/45ee58f8ae849a53_1_e883dedca14a2f94.mp3,hum/45ee58f8ae849a53_1_a6882c719606e181.wav
45ee58f8ae849a53,song/45ee58f8ae849a53_1_e883dedca14a2f94.mp3,hum/45ee58f8ae849a53_1_548f869acf37d7b3.wav
45ee58f8ae849a53,song/45ee58f8ae849a53_1_e883dedca14a2f94.mp3,hum/45ee58f8ae849a53_1_930177eb7d4125d1.wav
45ee58f8ae849a53,song/45ee58f8ae849a53_2_b914f31a0199fe5a.mp3,hum/45ee58f8ae849a53_2_b45f1a1564138882.wav
45ee58f8ae849a53,song/45ee58f8ae849a53_2_b914f31a0199fe5a.mp3,hum/45ee58f8ae849a53_2_d0de1b379b550470.wav
45ee58f8ae849a53,song/45ee58f8ae849a53_2_b914f31a0199fe5a.mp3,hum/45ee58f8ae849a53_2_de87ed55cb4dc11e.wav
45ee58f8ae849a53,song/45ee58f8ae849a53_2_b914f31a0199fe5a.mp3,hum/45ee58f8ae849a53_2_e503b947caf47f0b.wav
45ee58f8ae849a53,song/45ee58f8ae849a53_2_b914f31a0199fe5a.mp3,hum/45ee58f8ae849a53_2_9fc71ebc321b4962.wav
460586ec01f5bcc6,song/460586ec01f5bcc6_1_ed58972621a81a42.mp3,hum/460586ec01f5bcc6_1_52358241dbe1f235.wav
460586ec01f5bcc6,song/460586ec01f5bcc6_1_ed58972621a81a42.mp3,hum/460586ec01f5bcc6_1_a7496574209e598a.wav
460586ec01f5bcc6,song/460586ec01f5bcc6_1_ed58972621a81a42.mp3,hum/460586ec01f5bcc6_1_05a79c11d8f871bf.wav
460586ec01f5bcc6,song/460586ec01f5bcc6_1_ed58972621a81a42.mp3,hum/460586ec01f5bcc6_1_cf004519e3f0cd73.wav
460586ec01f5bcc6,song/460586ec01f5bcc6_1_ed58972621a81a42.mp3,hum/460586ec01f5bcc6_1_b470f608c83037e6.wav
460586ec01f5bcc6,song/460586ec01f5bcc6_2_0921ea7f89565c9e.mp3,hum/460586ec01f5bcc6_2_4ae61113d71acf37.wav
460586ec01f5bcc6,song/460586ec01f5bcc6_2_0921ea7f89565c9e.mp3,hum/460586ec01f5bcc6_2_5dada346c02e12af.wav
460586ec01f5bcc6,song/460586ec01f5bcc6_2_0921ea7f89565c9e.mp3,hum/460586ec01f5bcc6_2_940e6355b88455c0.wav
460586ec01f5bcc6,song/460586ec01f5bcc6_2_0921ea7f89565c9e.mp3,hum/460586ec01f5bcc6_2_27c6df7e1c24962e.wav
460586ec01f5bcc6,song/460586ec01f5bcc6_2_0921ea7f89565c9e.mp3,hum/460586ec01f5bcc6_2_445702126e281773.wav
460586ec01f5bcc6,song/460586ec01f5bcc6_3_1f55ace3578ba977.mp3,hum/460586ec01f5bcc6_3_893bc6426593b7a1.wav
460586ec01f5bcc6,song/460586ec01f5bcc6_3_1f55ace3578ba977.mp3,hum/460586ec01f5bcc6_3_7cbccddfb6905530.wav
460586ec01f5bcc6,song/460586ec01f5bcc6_3_1f55ace3578ba977.mp3,hum/460586ec01f5bcc6_3_b930926cb6750c04.wav
460586ec01f5bcc6,song/460586ec01f5bcc6_3_1f55ace3578ba977.mp3,hum/460586ec01f5bcc6_3_36c7152ede81996e.wav
460586ec01f5bcc6,song/460586ec01f5bcc6_3_1f55ace3578ba977.mp3,hum/460586ec01f5bcc6_3_432d2f42d6535dcc.wav
460586ec01f5bcc6,song/460586ec01f5bcc6_4_d7f3a3940071fc2a.mp3,hum/460586ec01f5bcc6_4_35a0a9751d885e0e.wav
460586ec01f5bcc6,song/460586ec01f5bcc6_4_d7f3a3940071fc2a.mp3,hum/460586ec01f5bcc6_4_577810f239a4b923.wav
460586ec01f5bcc6,song/460586ec01f5bcc6_4_d7f3a3940071fc2a.mp3,hum/460586ec01f5bcc6_4_3018506150cd1235.wav
460586ec01f5bcc6,song/460586ec01f5bcc6_4_d7f3a3940071fc2a.mp3,hum/460586ec01f5bcc6_4_5faf5df7b8e6c880.wav
465d3d3aecafee57,song/465d3d3aecafee57_1_e6876ecab818ddcc.mp3,hum/465d3d3aecafee57_1_8915f8fee76aef82.wav
465d3d3aecafee57,song/465d3d3aecafee57_1_e6876ecab818ddcc.mp3,hum/465d3d3aecafee57_1_05f8202ca0de4124.wav
465d3d3aecafee57,song/465d3d3aecafee57_1_e6876ecab818ddcc.mp3,hum/465d3d3aecafee57_1_2f1a3ca13aadf2d1.wav
465d3d3aecafee57,song/465d3d3aecafee57_1_e6876ecab818ddcc.mp3,hum/465d3d3aecafee57_1_f995a67f27584954.wav
465d3d3aecafee57,song/465d3d3aecafee57_1_e6876ecab818ddcc.mp3,hum/465d3d3aecafee57_1_60f9c14da746281e.wav
465d3d3aecafee57,song/465d3d3aecafee57_2_fc3975fa062c79cc.mp3,hum/465d3d3aecafee57_2_758feeac2ad8d807.wav
465d3d3aecafee57,song/465d3d3aecafee57_2_fc3975fa062c79cc.mp3,hum/465d3d3aecafee57_2_e172f207fd0d8d34.wav
465d3d3aecafee57,song/465d3d3aecafee57_2_fc3975fa062c79cc.mp3,hum/465d3d3aecafee57_2_9a55817bfc9436bd.wav
465d3d3aecafee57,song/465d3d3aecafee57_2_fc3975fa062c79cc.mp3,hum/465d3d3aecafee57_2_9a5d142e7aaab3ab.wav
465d3d3aecafee57,song/465d3d3aecafee57_2_fc3975fa062c79cc.mp3,hum/465d3d3aecafee57_2_72ea8d68dde9a60d.wav
465d3d3aecafee57,song/465d3d3aecafee57_3_d25cc37fd00b5e72.mp3,hum/465d3d3aecafee57_3_656c018bfe2a4fe5.wav
465d3d3aecafee57,song/465d3d3aecafee57_3_d25cc37fd00b5e72.mp3,hum/465d3d3aecafee57_3_7e1f34b66dc51554.wav
465d3d3aecafee57,song/465d3d3aecafee57_3_d25cc37fd00b5e72.mp3,hum/465d3d3aecafee57_3_8deb62e028141ca3.wav
465d3d3aecafee57,song/465d3d3aecafee57_3_d25cc37fd00b5e72.mp3,hum/465d3d3aecafee57_3_f3fad90983aee179.wav
465d3d3aecafee57,song/465d3d3aecafee57_3_d25cc37fd00b5e72.mp3,hum/465d3d3aecafee57_3_c8050a573c091bb1.wav
465d3d3aecafee57,song/465d3d3aecafee57_4_645f6ec70665f8ba.mp3,hum/465d3d3aecafee57_4_f1205f950da82944.wav
465d3d3aecafee57,song/465d3d3aecafee57_4_645f6ec70665f8ba.mp3,hum/465d3d3aecafee57_4_38347e06a2ea3bb3.wav
465d3d3aecafee57,song/465d3d3aecafee57_4_645f6ec70665f8ba.mp3,hum/465d3d3aecafee57_4_2e598932f4e87f70.wav
465d3d3aecafee57,song/465d3d3aecafee57_4_645f6ec70665f8ba.mp3,hum/465d3d3aecafee57_4_fea4bda3929034ec.wav
465d3d3aecafee57,song/465d3d3aecafee57_4_645f6ec70665f8ba.mp3,hum/465d3d3aecafee57_4_cbc59d49ae36fac7.wav
4671ed7fc0e0af29,song/4671ed7fc0e0af29_1_6662bb217ec81133.mp3,hum/4671ed7fc0e0af29_1_946e6249504a1282.wav
4671ed7fc0e0af29,song/4671ed7fc0e0af29_1_6662bb217ec81133.mp3,hum/4671ed7fc0e0af29_1_930dff87318e8b99.wav
4671ed7fc0e0af29,song/4671ed7fc0e0af29_1_6662bb217ec81133.mp3,hum/4671ed7fc0e0af29_1_24f3f8f34184f4a2.wav
4671ed7fc0e0af29,song/4671ed7fc0e0af29_1_6662bb217ec81133.mp3,hum/4671ed7fc0e0af29_1_55ca6d2bbccdc34c.wav
4671ed7fc0e0af29,song/4671ed7fc0e0af29_1_6662bb217ec81133.mp3,hum/4671ed7fc0e0af29_1_0956c169cb826f7b.wav
4671ed7fc0e0af29,song/4671ed7fc0e0af29_2_7f8ef5ad2fc58d27.mp3,hum/4671ed7fc0e0af29_2_844a6299c5a566fc.wav
4671ed7fc0e0af29,song/4671ed7fc0e0af29_2_7f8ef5ad2fc58d27.mp3,hum/4671ed7fc0e0af29_2_74b6923b100e4f73.wav
4671ed7fc0e0af29,song/4671ed7fc0e0af29_2_7f8ef5ad2fc58d27.mp3,hum/4671ed7fc0e0af29_2_74425fcb8292c860.wav
4671ed7fc0e0af29,song/4671ed7fc0e0af29_2_7f8ef5ad2fc58d27.mp3,hum/4671ed7fc0e0af29_2_da0c5d7653636ec5.wav
4671ed7fc0e0af29,song/4671ed7fc0e0af29_2_7f8ef5ad2fc58d27.mp3,hum/4671ed7fc0e0af29_2_5efed492269d0cc6.wav
47604a7222ecd2bf,song/47604a7222ecd2bf_1_df3b4a462398d017.mp3,hum/47604a7222ecd2bf_1_c5bff5fea31f63be.wav
47604a7222ecd2bf,song/47604a7222ecd2bf_1_df3b4a462398d017.mp3,hum/47604a7222ecd2bf_1_884bd71e389b53b1.wav
47604a7222ecd2bf,song/47604a7222ecd2bf_1_df3b4a462398d017.mp3,hum/47604a7222ecd2bf_1_a49d58d87c10ff48.wav
47604a7222ecd2bf,song/47604a7222ecd2bf_1_df3b4a462398d017.mp3,hum/47604a7222ecd2bf_1_190f23132d9557b4.wav
47604a7222ecd2bf,song/47604a7222ecd2bf_1_df3b4a462398d017.mp3,hum/47604a7222ecd2bf_1_d457effa85f27371.wav
47604a7222ecd2bf,song/47604a7222ecd2bf_2_1cc7beeddb0433e2.mp3,hum/47604a7222ecd2bf_2_5656c94ab6bf9f1d.wav
47604a7222ecd2bf,song/47604a7222ecd2bf_2_1cc7beeddb0433e2.mp3,hum/47604a7222ecd2bf_2_30f0e82f8717a052.wav
47604a7222ecd2bf,song/47604a7222ecd2bf_2_1cc7beeddb0433e2.mp3,hum/47604a7222ecd2bf_2_a1a3417bbe51e399.wav
47604a7222ecd2bf,song/47604a7222ecd2bf_2_1cc7beeddb0433e2.mp3,hum/47604a7222ecd2bf_2_bbf658d5e448aebb.wav
47604a7222ecd2bf,song/47604a7222ecd2bf_2_1cc7beeddb0433e2.mp3,hum/47604a7222ecd2bf_2_35e17f9075aceb9d.wav
4909522d8d71e91c,song/4909522d8d71e91c_1_edd052c423b30b29.mp3,hum/4909522d8d71e91c_1_0a2e4784c0ed54ba.wav
4909522d8d71e91c,song/4909522d8d71e91c_1_edd052c423b30b29.mp3,hum/4909522d8d71e91c_1_e196ec7308c694c1.wav
4909522d8d71e91c,song/4909522d8d71e91c_1_edd052c423b30b29.mp3,hum/4909522d8d71e91c_1_6098ea75773e1597.wav
4909522d8d71e91c,song/4909522d8d71e91c_1_edd052c423b30b29.mp3,hum/4909522d8d71e91c_1_b4e3586976f21725.wav
4909522d8d71e91c,song/4909522d8d71e91c_1_edd052c423b30b29.mp3,hum/4909522d8d71e91c_1_047c500179577aff.wav
4909522d8d71e91c,song/4909522d8d71e91c_1_edd052c423b30b29.mp3,hum/4909522d8d71e91c_1_7aadb74954cbd26f.wav
4909522d8d71e91c,song/4909522d8d71e91c_1_edd052c423b30b29.mp3,hum/4909522d8d71e91c_1_b87ebb8cc2013d51.wav
4909522d8d71e91c,song/4909522d8d71e91c_1_edd052c423b30b29.mp3,hum/4909522d8d71e91c_1_83616fb7589fd0b9.wav
4909522d8d71e91c,song/4909522d8d71e91c_1_edd052c423b30b29.mp3,hum/4909522d8d71e91c_1_09a0cde3144eb992.wav
4909522d8d71e91c,song/4909522d8d71e91c_1_edd052c423b30b29.mp3,hum/4909522d8d71e91c_1_8cd9a773fb9336f7.wav
4909522d8d71e91c,song/4909522d8d71e91c_1_edd052c423b30b29.mp3,hum/4909522d8d71e91c_1_2d066f8741e4c40c.wav
4909522d8d71e91c,song/4909522d8d71e91c_1_edd052c423b30b29.mp3,hum/4909522d8d71e91c_1_eb92034657552f32.wav
4909522d8d71e91c,song/4909522d8d71e91c_1_edd052c423b30b29.mp3,hum/4909522d8d71e91c_1_d20ccbb1fff4a67e.wav
4909522d8d71e91c,song/4909522d8d71e91c_1_edd052c423b30b29.mp3,hum/4909522d8d71e91c_1_3ee0f6b31a2cd5f2.wav
4909522d8d71e91c,song/4909522d8d71e91c_1_edd052c423b30b29.mp3,hum/4909522d8d71e91c_1_60c979813ccfe318.wav
4909522d8d71e91c,song/4909522d8d71e91c_1_edd052c423b30b29.mp3,hum/4909522d8d71e91c_1_1be56f3f7c9bcdfe.wav
4909522d8d71e91c,song/4909522d8d71e91c_1_edd052c423b30b29.mp3,hum/4909522d8d71e91c_1_fbcfcdd9003cabf6.wav
4909522d8d71e91c,song/4909522d8d71e91c_1_edd052c423b30b29.mp3,hum/4909522d8d71e91c_1_0cda4cde347bdc0d.wav
4909522d8d71e91c,song/4909522d8d71e91c_1_edd052c423b30b29.mp3,hum/4909522d8d71e91c_1_acba816fcf712a0b.wav
4909522d8d71e91c,song/4909522d8d71e91c_1_edd052c423b30b29.mp3,hum/4909522d8d71e91c_1_bf3fefa8372fb218.wav
4909522d8d71e91c,song/4909522d8d71e91c_2_91bb53d7824a9c01.mp3,hum/4909522d8d71e91c_2_20f075ff2d43e80c.wav
4909522d8d71e91c,song/4909522d8d71e91c_2_91bb53d7824a9c01.mp3,hum/4909522d8d71e91c_2_a483e5a70c0c6575.wav
4909522d8d71e91c,song/4909522d8d71e91c_2_91bb53d7824a9c01.mp3,hum/4909522d8d71e91c_2_420fb373bf4944ea.wav
4909522d8d71e91c,song/4909522d8d71e91c_2_91bb53d7824a9c01.mp3,hum/4909522d8d71e91c_2_6beb005c667863fc.wav
4909522d8d71e91c,song/4909522d8d71e91c_2_91bb53d7824a9c01.mp3,hum/4909522d8d71e91c_2_ef256b2f4259c15c.wav
4909522d8d71e91c,song/4909522d8d71e91c_2_91bb53d7824a9c01.mp3,hum/4909522d8d71e91c_2_59b516c09115b3cf.wav
4909522d8d71e91c,song/4909522d8d71e91c_2_91bb53d7824a9c01.mp3,hum/4909522d8d71e91c_2_6256f63a19a2b7b8.wav
4909522d8d71e91c,song/4909522d8d71e91c_2_91bb53d7824a9c01.mp3,hum/4909522d8d71e91c_2_1fa35e356283a778.wav
4909522d8d71e91c,song/4909522d8d71e91c_2_91bb53d7824a9c01.mp3,hum/4909522d8d71e91c_2_9690f3883cb578a6.wav
4ac193fef8be589c,song/4ac193fef8be589c_1_5ef521cffcaf5def.mp3,hum/4ac193fef8be589c_1_10a9c230864a9278.wav
4ac193fef8be589c,song/4ac193fef8be589c_1_5ef521cffcaf5def.mp3,hum/4ac193fef8be589c_1_e0cf2f4f0d14211a.wav
4ac193fef8be589c,song/4ac193fef8be589c_1_5ef521cffcaf5def.mp3,hum/4ac193fef8be589c_1_e5b364b062b2b215.wav
4ac193fef8be589c,song/4ac193fef8be589c_1_5ef521cffcaf5def.mp3,hum/4ac193fef8be589c_1_8599e09129b6536d.wav
4ac193fef8be589c,song/4ac193fef8be589c_1_5ef521cffcaf5def.mp3,hum/4ac193fef8be589c_1_44472c5de9828586.wav
4ac193fef8be589c,song/4ac193fef8be589c_1_5ef521cffcaf5def.mp3,hum/4ac193fef8be589c_1_8a91b9d94a4f9f3b.wav
4ac193fef8be589c,song/4ac193fef8be589c_1_5ef521cffcaf5def.mp3,hum/4ac193fef8be589c_1_2e188258fa55f252.wav
4ac193fef8be589c,song/4ac193fef8be589c_2_00ec469306ac0705.mp3,hum/4ac193fef8be589c_2_4b0d34eee0a2f5ad.wav
4ac193fef8be589c,song/4ac193fef8be589c_2_00ec469306ac0705.mp3,hum/4ac193fef8be589c_2_1f9b5a582598e755.wav
4ac193fef8be589c,song/4ac193fef8be589c_2_00ec469306ac0705.mp3,hum/4ac193fef8be589c_2_16f5c71178e8be07.wav
4ac193fef8be589c,song/4ac193fef8be589c_2_00ec469306ac0705.mp3,hum/4ac193fef8be589c_2_6fa19d9458de3db3.wav
4ac193fef8be589c,song/4ac193fef8be589c_2_00ec469306ac0705.mp3,hum/4ac193fef8be589c_2_856361e82759cbee.wav
4ad3dc6572de6315,song/4ad3dc6572de6315_1_8df904c078ba0628.mp3,hum/4ad3dc6572de6315_1_e8d85875b5e52c65.wav
4ad3dc6572de6315,song/4ad3dc6572de6315_1_8df904c078ba0628.mp3,hum/4ad3dc6572de6315_1_bc6c9f17f659bc1c.wav
4ad3dc6572de6315,song/4ad3dc6572de6315_1_8df904c078ba0628.mp3,hum/4ad3dc6572de6315_1_cda894e5853aa3b8.wav
4ad3dc6572de6315,song/4ad3dc6572de6315_1_8df904c078ba0628.mp3,hum/4ad3dc6572de6315_1_2f5a2ef6e96d12a9.wav
4ad3dc6572de6315,song/4ad3dc6572de6315_1_8df904c078ba0628.mp3,hum/4ad3dc6572de6315_1_6729a9de7b8508f7.wav
4ad3dc6572de6315,song/4ad3dc6572de6315_1_8df904c078ba0628.mp3,hum/4ad3dc6572de6315_1_1a3eed15a8a24137.wav
4ad3dc6572de6315,song/4ad3dc6572de6315_1_8df904c078ba0628.mp3,hum/4ad3dc6572de6315_1_9bae9e86bd71c471.wav
4ad3dc6572de6315,song/4ad3dc6572de6315_1_8df904c078ba0628.mp3,hum/4ad3dc6572de6315_1_6f0c8afea20dc677.wav
4ad3dc6572de6315,song/4ad3dc6572de6315_1_8df904c078ba0628.mp3,hum/4ad3dc6572de6315_1_19d955506744f4a5.wav
4ad3dc6572de6315,song/4ad3dc6572de6315_1_8df904c078ba0628.mp3,hum/4ad3dc6572de6315_1_cf4a3f68bbbab5ce.wav
4ad3dc6572de6315,song/4ad3dc6572de6315_1_8df904c078ba0628.mp3,hum/4ad3dc6572de6315_1_aeef306ad0d3134d.wav
4ad3dc6572de6315,song/4ad3dc6572de6315_1_8df904c078ba0628.mp3,hum/4ad3dc6572de6315_1_0eb858d1fcd1db7b.wav
4ad3dc6572de6315,song/4ad3dc6572de6315_1_8df904c078ba0628.mp3,hum/4ad3dc6572de6315_1_7b6a63bc86a10836.wav
4ad3dc6572de6315,song/4ad3dc6572de6315_1_8df904c078ba0628.mp3,hum/4ad3dc6572de6315_1_b274e6c41b680203.wav
4ad3dc6572de6315,song/4ad3dc6572de6315_1_8df904c078ba0628.mp3,hum/4ad3dc6572de6315_1_6e8d47ad1fc66f15.wav
4ad3dc6572de6315,song/4ad3dc6572de6315_2_5658b247cd7c0432.mp3,hum/4ad3dc6572de6315_2_d0f2149ddea4d37a.wav
4ad3dc6572de6315,song/4ad3dc6572de6315_2_5658b247cd7c0432.mp3,hum/4ad3dc6572de6315_2_f29de6f0776d5fcf.wav
4ad3dc6572de6315,song/4ad3dc6572de6315_2_5658b247cd7c0432.mp3,hum/4ad3dc6572de6315_2_eab092c0cadea92b.wav
4ad3dc6572de6315,song/4ad3dc6572de6315_2_5658b247cd7c0432.mp3,hum/4ad3dc6572de6315_2_0c14c28e4545e319.wav
4ad3dc6572de6315,song/4ad3dc6572de6315_2_5658b247cd7c0432.mp3,hum/4ad3dc6572de6315_2_cdc0155b1834c3e6.wav
4ad3dc6572de6315,song/4ad3dc6572de6315_2_5658b247cd7c0432.mp3,hum/4ad3dc6572de6315_2_b96101808bb72fdb.wav
4ad3dc6572de6315,song/4ad3dc6572de6315_2_5658b247cd7c0432.mp3,hum/4ad3dc6572de6315_2_01bef9d63a182e40.wav
4b2065aa45cad2d5,song/4b2065aa45cad2d5_1_c0df4fa808f953c3.mp3,hum/4b2065aa45cad2d5_1_ae08409f7773b9ae.wav
4b2065aa45cad2d5,song/4b2065aa45cad2d5_1_c0df4fa808f953c3.mp3,hum/4b2065aa45cad2d5_1_a8052235184da5ab.wav
4b2065aa45cad2d5,song/4b2065aa45cad2d5_1_c0df4fa808f953c3.mp3,hum/4b2065aa45cad2d5_1_888a8aa4ba897768.wav
4b2065aa45cad2d5,song/4b2065aa45cad2d5_1_c0df4fa808f953c3.mp3,hum/4b2065aa45cad2d5_1_9639946a0c51fd97.wav
4b2065aa45cad2d5,song/4b2065aa45cad2d5_1_c0df4fa808f953c3.mp3,hum/4b2065aa45cad2d5_1_8dea5b1597550ddb.wav
4b2065aa45cad2d5,song/4b2065aa45cad2d5_1_c0df4fa808f953c3.mp3,hum/4b2065aa45cad2d5_1_6331ec8fde6734b8.wav
4b2065aa45cad2d5,song/4b2065aa45cad2d5_1_c0df4fa808f953c3.mp3,hum/4b2065aa45cad2d5_1_4b88fb075bb7611d.wav
4b2065aa45cad2d5,song/4b2065aa45cad2d5_1_c0df4fa808f953c3.mp3,hum/4b2065aa45cad2d5_1_e0fc5b71cfca9d5d.wav
4b2065aa45cad2d5,song/4b2065aa45cad2d5_1_c0df4fa808f953c3.mp3,hum/4b2065aa45cad2d5_1_9bf1ceda36287c2c.wav
4b2065aa45cad2d5,song/4b2065aa45cad2d5_1_c0df4fa808f953c3.mp3,hum/4b2065aa45cad2d5_1_fcc20ebf77a28298.wav
4b2065aa45cad2d5,song/4b2065aa45cad2d5_1_c0df4fa808f953c3.mp3,hum/4b2065aa45cad2d5_1_eede79827ddbec3a.wav
4b2065aa45cad2d5,song/4b2065aa45cad2d5_1_c0df4fa808f953c3.mp3,hum/4b2065aa45cad2d5_1_ae797e1052235469.wav
4b2065aa45cad2d5,song/4b2065aa45cad2d5_1_c0df4fa808f953c3.mp3,hum/4b2065aa45cad2d5_1_5a358cf69ba8b511.wav
4b2065aa45cad2d5,song/4b2065aa45cad2d5_1_c0df4fa808f953c3.mp3,hum/4b2065aa45cad2d5_1_4d411c7f250e1809.wav
4b2065aa45cad2d5,song/4b2065aa45cad2d5_1_c0df4fa808f953c3.mp3,hum/4b2065aa45cad2d5_1_2fb3921ae7546829.wav
4b2065aa45cad2d5,song/4b2065aa45cad2d5_1_c0df4fa808f953c3.mp3,hum/4b2065aa45cad2d5_1_76e3393fd65ac0ee.wav
4b2065aa45cad2d5,song/4b2065aa45cad2d5_1_c0df4fa808f953c3.mp3,hum/4b2065aa45cad2d5_1_fce4c1b69fdde141.wav
4b2065aa45cad2d5,song/4b2065aa45cad2d5_1_c0df4fa808f953c3.mp3,hum/4b2065aa45cad2d5_1_77bc1e713f59bd65.wav
4b2065aa45cad2d5,song/4b2065aa45cad2d5_1_c0df4fa808f953c3.mp3,hum/4b2065aa45cad2d5_1_eeab43a911fdbc49.wav
4b2065aa45cad2d5,song/4b2065aa45cad2d5_1_c0df4fa808f953c3.mp3,hum/4b2065aa45cad2d5_1_078c9c8a3a6849a2.wav
4b2065aa45cad2d5,song/4b2065aa45cad2d5_1_c0df4fa808f953c3.mp3,hum/4b2065aa45cad2d5_1_a856b9a49c0ea7e6.wav
4b2065aa45cad2d5,song/4b2065aa45cad2d5_1_c0df4fa808f953c3.mp3,hum/4b2065aa45cad2d5_1_ddd787e0d60b0b1f.wav
4b2065aa45cad2d5,song/4b2065aa45cad2d5_1_c0df4fa808f953c3.mp3,hum/4b2065aa45cad2d5_1_c93de4ac08d9c516.wav
4b2065aa45cad2d5,song/4b2065aa45cad2d5_1_c0df4fa808f953c3.mp3,hum/4b2065aa45cad2d5_1_b8b4501e84dd9b7a.wav
4b2065aa45cad2d5,song/4b2065aa45cad2d5_1_c0df4fa808f953c3.mp3,hum/4b2065aa45cad2d5_1_12c188f203a80326.wav
4b2065aa45cad2d5,song/4b2065aa45cad2d5_1_c0df4fa808f953c3.mp3,hum/4b2065aa45cad2d5_1_ddde1f8e1e6218c1.wav
4b2065aa45cad2d5,song/4b2065aa45cad2d5_2_ba3ffefdad4dc7d2.mp3,hum/4b2065aa45cad2d5_2_c705cb99558a71e8.wav
4b2065aa45cad2d5,song/4b2065aa45cad2d5_2_ba3ffefdad4dc7d2.mp3,hum/4b2065aa45cad2d5_2_55d63dbe88f426a9.wav
4b2065aa45cad2d5,song/4b2065aa45cad2d5_2_ba3ffefdad4dc7d2.mp3,hum/4b2065aa45cad2d5_2_d60d2528d2e981a3.wav
4b2065aa45cad2d5,song/4b2065aa45cad2d5_2_ba3ffefdad4dc7d2.mp3,hum/4b2065aa45cad2d5_2_1751d5f24e5c5dc7.wav
4b2065aa45cad2d5,song/4b2065aa45cad2d5_2_ba3ffefdad4dc7d2.mp3,hum/4b2065aa45cad2d5_2_ae31d75085db16a3.wav
4b2065aa45cad2d5,song/4b2065aa45cad2d5_2_ba3ffefdad4dc7d2.mp3,hum/4b2065aa45cad2d5_2_fa8274cf837ef6c6.wav
4b2065aa45cad2d5,song/4b2065aa45cad2d5_2_ba3ffefdad4dc7d2.mp3,hum/4b2065aa45cad2d5_2_ab7aef3b397ca42c.wav
4b2065aa45cad2d5,song/4b2065aa45cad2d5_2_ba3ffefdad4dc7d2.mp3,hum/4b2065aa45cad2d5_2_bc29e1370043dd5f.wav
4b2065aa45cad2d5,song/4b2065aa45cad2d5_2_ba3ffefdad4dc7d2.mp3,hum/4b2065aa45cad2d5_2_2eb9f672ce406994.wav
4b2065aa45cad2d5,song/4b2065aa45cad2d5_2_ba3ffefdad4dc7d2.mp3,hum/4b2065aa45cad2d5_2_c1dbb3a1e2f2e7f7.wav
4b2065aa45cad2d5,song/4b2065aa45cad2d5_2_ba3ffefdad4dc7d2.mp3,hum/4b2065aa45cad2d5_2_fa8bc6d1ad5d1780.wav
4b2065aa45cad2d5,song/4b2065aa45cad2d5_2_ba3ffefdad4dc7d2.mp3,hum/4b2065aa45cad2d5_2_2db461fe43969cbf.wav
4b2065aa45cad2d5,song/4b2065aa45cad2d5_2_ba3ffefdad4dc7d2.mp3,hum/4b2065aa45cad2d5_2_217e0fd4687774d7.wav
4b2065aa45cad2d5,song/4b2065aa45cad2d5_2_ba3ffefdad4dc7d2.mp3,hum/4b2065aa45cad2d5_2_d5928a88173225b1.wav
4b2065aa45cad2d5,song/4b2065aa45cad2d5_2_ba3ffefdad4dc7d2.mp3,hum/4b2065aa45cad2d5_2_633cfd4f5b273d83.wav
4c4146836e60a004,song/4c4146836e60a004_1_7d2646208278485c.mp3,hum/4c4146836e60a004_1_c5f90cc630acc4b4.wav
4c4146836e60a004,song/4c4146836e60a004_1_7d2646208278485c.mp3,hum/4c4146836e60a004_1_84c3c7ff0df1ef90.wav
4c4146836e60a004,song/4c4146836e60a004_1_7d2646208278485c.mp3,hum/4c4146836e60a004_1_17920fac496ef850.wav
4c4146836e60a004,song/4c4146836e60a004_1_7d2646208278485c.mp3,hum/4c4146836e60a004_1_795d7a51f14eec1a.wav
4c4146836e60a004,song/4c4146836e60a004_1_7d2646208278485c.mp3,hum/4c4146836e60a004_1_3e1e5659f9490b3b.wav
4c4146836e60a004,song/4c4146836e60a004_2_787c85ebb2ddf086.mp3,hum/4c4146836e60a004_2_aaee601e53053832.wav
4c4146836e60a004,song/4c4146836e60a004_2_787c85ebb2ddf086.mp3,hum/4c4146836e60a004_2_ee8e6c00d0922fae.wav
4c4146836e60a004,song/4c4146836e60a004_2_787c85ebb2ddf086.mp3,hum/4c4146836e60a004_2_17f8110661be16dd.wav
4c4146836e60a004,song/4c4146836e60a004_2_787c85ebb2ddf086.mp3,hum/4c4146836e60a004_2_4722ea90b3dd609e.wav
4c4146836e60a004,song/4c4146836e60a004_2_787c85ebb2ddf086.mp3,hum/4c4146836e60a004_2_1f0e2f68d53d5051.wav
4cd21015903bf14d,song/4cd21015903bf14d_1_9b80127ef8e584c9.mp3,hum/4cd21015903bf14d_1_f2decbedd77da390.wav
4cd21015903bf14d,song/4cd21015903bf14d_1_9b80127ef8e584c9.mp3,hum/4cd21015903bf14d_1_fbfa42431149c169.wav
4cd21015903bf14d,song/4cd21015903bf14d_1_9b80127ef8e584c9.mp3,hum/4cd21015903bf14d_1_252a5c909b3f75d7.wav
4cd21015903bf14d,song/4cd21015903bf14d_1_9b80127ef8e584c9.mp3,hum/4cd21015903bf14d_1_75dbbe6c637c8315.wav
4cd21015903bf14d,song/4cd21015903bf14d_1_9b80127ef8e584c9.mp3,hum/4cd21015903bf14d_1_eaff825a854a904a.wav
4cd21015903bf14d,song/4cd21015903bf14d_1_9b80127ef8e584c9.mp3,hum/4cd21015903bf14d_1_e979e142db11fd26.wav
4cd21015903bf14d,song/4cd21015903bf14d_1_9b80127ef8e584c9.mp3,hum/4cd21015903bf14d_1_e34409964e81fc9e.wav
4d1473b7c33e0bc1,song/4d1473b7c33e0bc1_1_9c02de2e9a1e120c.mp3,hum/4d1473b7c33e0bc1_1_0a7bc35af0ea958e.wav
4d1473b7c33e0bc1,song/4d1473b7c33e0bc1_1_9c02de2e9a1e120c.mp3,hum/4d1473b7c33e0bc1_1_9c97b708955f69c2.wav
4d1473b7c33e0bc1,song/4d1473b7c33e0bc1_1_9c02de2e9a1e120c.mp3,hum/4d1473b7c33e0bc1_1_93cab4df26e5b9fa.wav
4d1473b7c33e0bc1,song/4d1473b7c33e0bc1_1_9c02de2e9a1e120c.mp3,hum/4d1473b7c33e0bc1_1_f8e2209fd484a1d0.wav
4d1473b7c33e0bc1,song/4d1473b7c33e0bc1_1_9c02de2e9a1e120c.mp3,hum/4d1473b7c33e0bc1_1_8048dbf9c677717b.wav
4d1473b7c33e0bc1,song/4d1473b7c33e0bc1_1_9c02de2e9a1e120c.mp3,hum/4d1473b7c33e0bc1_1_61e237a66c18d904.wav
4d1473b7c33e0bc1,song/4d1473b7c33e0bc1_1_9c02de2e9a1e120c.mp3,hum/4d1473b7c33e0bc1_1_1ec6c941818e3100.wav
4d1473b7c33e0bc1,song/4d1473b7c33e0bc1_1_9c02de2e9a1e120c.mp3,hum/4d1473b7c33e0bc1_1_dbf5f316cfc916bf.wav
4d1473b7c33e0bc1,song/4d1473b7c33e0bc1_1_9c02de2e9a1e120c.mp3,hum/4d1473b7c33e0bc1_1_0ef4b72aa178824b.wav
4d1473b7c33e0bc1,song/4d1473b7c33e0bc1_1_9c02de2e9a1e120c.mp3,hum/4d1473b7c33e0bc1_1_a364fca683d6ca07.wav
4d1473b7c33e0bc1,song/4d1473b7c33e0bc1_1_9c02de2e9a1e120c.mp3,hum/4d1473b7c33e0bc1_1_ef9974502c7779cf.wav
4d1473b7c33e0bc1,song/4d1473b7c33e0bc1_1_9c02de2e9a1e120c.mp3,hum/4d1473b7c33e0bc1_1_582ec3332edf06b8.wav
4d1473b7c33e0bc1,song/4d1473b7c33e0bc1_2_0e5b76212b6a78f8.mp3,hum/4d1473b7c33e0bc1_2_8f112d245cbd4cdb.wav
4d1473b7c33e0bc1,song/4d1473b7c33e0bc1_2_0e5b76212b6a78f8.mp3,hum/4d1473b7c33e0bc1_2_235664470ebe9ad7.wav
4d1473b7c33e0bc1,song/4d1473b7c33e0bc1_2_0e5b76212b6a78f8.mp3,hum/4d1473b7c33e0bc1_2_20fdef14b5eea1e7.wav
4d1473b7c33e0bc1,song/4d1473b7c33e0bc1_2_0e5b76212b6a78f8.mp3,hum/4d1473b7c33e0bc1_2_10917686021f32a8.wav
4d1473b7c33e0bc1,song/4d1473b7c33e0bc1_2_0e5b76212b6a78f8.mp3,hum/4d1473b7c33e0bc1_2_6ab598b2ec42f927.wav
4d1473b7c33e0bc1,song/4d1473b7c33e0bc1_2_0e5b76212b6a78f8.mp3,hum/4d1473b7c33e0bc1_2_d50ee761d010b9ae.wav
4d1473b7c33e0bc1,song/4d1473b7c33e0bc1_2_0e5b76212b6a78f8.mp3,hum/4d1473b7c33e0bc1_2_e73fd411c9a8ff58.wav
4d1473b7c33e0bc1,song/4d1473b7c33e0bc1_2_0e5b76212b6a78f8.mp3,hum/4d1473b7c33e0bc1_2_7768226ddb0e56fa.wav
4d1473b7c33e0bc1,song/4d1473b7c33e0bc1_2_0e5b76212b6a78f8.mp3,hum/4d1473b7c33e0bc1_2_145623cace493452.wav
4d1473b7c33e0bc1,song/4d1473b7c33e0bc1_2_0e5b76212b6a78f8.mp3,hum/4d1473b7c33e0bc1_2_645e2155b8fa1b26.wav
4d1473b7c33e0bc1,song/4d1473b7c33e0bc1_2_0e5b76212b6a78f8.mp3,hum/4d1473b7c33e0bc1_2_b4408ff86b808555.wav
4dea0650c9006e12,song/4dea0650c9006e12_1_3ea65c471474c0cf.mp3,hum/4dea0650c9006e12_1_8fb10a19a2db2de3.wav
4dea0650c9006e12,song/4dea0650c9006e12_1_3ea65c471474c0cf.mp3,hum/4dea0650c9006e12_1_f13cb85d32be2132.wav
4dea0650c9006e12,song/4dea0650c9006e12_1_3ea65c471474c0cf.mp3,hum/4dea0650c9006e12_1_72dbbef8765e9d62.wav
4dea0650c9006e12,song/4dea0650c9006e12_1_3ea65c471474c0cf.mp3,hum/4dea0650c9006e12_1_ef0330324e95cdc1.wav
4dea0650c9006e12,song/4dea0650c9006e12_1_3ea65c471474c0cf.mp3,hum/4dea0650c9006e12_1_7ec84abf5febee60.wav
4dea0650c9006e12,song/4dea0650c9006e12_2_386dcd60d6185395.mp3,hum/4dea0650c9006e12_2_b56f5fa6183a8117.wav
4dea0650c9006e12,song/4dea0650c9006e12_2_386dcd60d6185395.mp3,hum/4dea0650c9006e12_2_0af1afa3f0004c2c.wav
4dea0650c9006e12,song/4dea0650c9006e12_2_386dcd60d6185395.mp3,hum/4dea0650c9006e12_2_c97e8c5aa395ad3e.wav
4dea0650c9006e12,song/4dea0650c9006e12_2_386dcd60d6185395.mp3,hum/4dea0650c9006e12_2_275a248f11633fd7.wav
4dea0650c9006e12,song/4dea0650c9006e12_2_386dcd60d6185395.mp3,hum/4dea0650c9006e12_2_e743eb3c1fa68ab2.wav
4dea0650c9006e12,song/4dea0650c9006e12_3_ce2369b49aeead08.mp3,hum/4dea0650c9006e12_3_8d64596cfc0115af.wav
4dea0650c9006e12,song/4dea0650c9006e12_3_ce2369b49aeead08.mp3,hum/4dea0650c9006e12_3_c79d1d04b7550930.wav
4dea0650c9006e12,song/4dea0650c9006e12_3_ce2369b49aeead08.mp3,hum/4dea0650c9006e12_3_13557535e36070a0.wav
4dea0650c9006e12,song/4dea0650c9006e12_3_ce2369b49aeead08.mp3,hum/4dea0650c9006e12_3_fe2462584d468bb9.wav
4dea0650c9006e12,song/4dea0650c9006e12_3_ce2369b49aeead08.mp3,hum/4dea0650c9006e12_3_49f0d04191e1918c.wav
4df558a499ae9d9d,song/4df558a499ae9d9d_1_2259d9f8dfe3be70.mp3,hum/4df558a499ae9d9d_1_5ccb6b7ddf9a5c28.wav
4df558a499ae9d9d,song/4df558a499ae9d9d_1_2259d9f8dfe3be70.mp3,hum/4df558a499ae9d9d_1_0b921daeacc5a044.wav
4df558a499ae9d9d,song/4df558a499ae9d9d_1_2259d9f8dfe3be70.mp3,hum/4df558a499ae9d9d_1_75926fe4efc5b4b8.wav
4df558a499ae9d9d,song/4df558a499ae9d9d_1_2259d9f8dfe3be70.mp3,hum/4df558a499ae9d9d_1_ad847227081f5950.wav
4df558a499ae9d9d,song/4df558a499ae9d9d_1_2259d9f8dfe3be70.mp3,hum/4df558a499ae9d9d_1_4fefea17958fbf74.wav
4df558a499ae9d9d,song/4df558a499ae9d9d_2_29eb1de3bc821d1d.mp3,hum/4df558a499ae9d9d_2_44e4eb5cdc3643fb.wav
4df558a499ae9d9d,song/4df558a499ae9d9d_2_29eb1de3bc821d1d.mp3,hum/4df558a499ae9d9d_2_5dc846a3167e96bc.wav
4df558a499ae9d9d,song/4df558a499ae9d9d_2_29eb1de3bc821d1d.mp3,hum/4df558a499ae9d9d_2_e3ad847a3bf08bf9.wav
4df558a499ae9d9d,song/4df558a499ae9d9d_2_29eb1de3bc821d1d.mp3,hum/4df558a499ae9d9d_2_2d2b6d0ab997d839.wav
4df558a499ae9d9d,song/4df558a499ae9d9d_2_29eb1de3bc821d1d.mp3,hum/4df558a499ae9d9d_2_acfcabd6078851a2.wav
4e48de1a56e9af64,song/4e48de1a56e9af64_1_8e88578c5f0f5a39.mp3,hum/4e48de1a56e9af64_1_cbaed2eea0ccf6a8.wav
4e48de1a56e9af64,song/4e48de1a56e9af64_1_8e88578c5f0f5a39.mp3,hum/4e48de1a56e9af64_1_38b5985d1e6b1ca9.wav
4e48de1a56e9af64,song/4e48de1a56e9af64_1_8e88578c5f0f5a39.mp3,hum/4e48de1a56e9af64_1_76b3f38bb22124a1.wav
4e48de1a56e9af64,song/4e48de1a56e9af64_1_8e88578c5f0f5a39.mp3,hum/4e48de1a56e9af64_1_fd1fffda313578d3.wav
4e48de1a56e9af64,song/4e48de1a56e9af64_1_8e88578c5f0f5a39.mp3,hum/4e48de1a56e9af64_1_de7a59bac5bc56eb.wav
4e48de1a56e9af64,song/4e48de1a56e9af64_1_8e88578c5f0f5a39.mp3,hum/4e48de1a56e9af64_1_78f082070f25ce33.wav
4e48de1a56e9af64,song/4e48de1a56e9af64_1_8e88578c5f0f5a39.mp3,hum/4e48de1a56e9af64_1_29e7239e0ce10aee.wav
4e48de1a56e9af64,song/4e48de1a56e9af64_1_8e88578c5f0f5a39.mp3,hum/4e48de1a56e9af64_1_292187bdf18974d4.wav
4e48de1a56e9af64,song/4e48de1a56e9af64_1_8e88578c5f0f5a39.mp3,hum/4e48de1a56e9af64_1_45810ac75f60c861.wav
4e48de1a56e9af64,song/4e48de1a56e9af64_1_8e88578c5f0f5a39.mp3,hum/4e48de1a56e9af64_1_8dd810cf9ea75475.wav
4e48de1a56e9af64,song/4e48de1a56e9af64_1_8e88578c5f0f5a39.mp3,hum/4e48de1a56e9af64_1_dfd522c6b71dba71.wav
4e48de1a56e9af64,song/4e48de1a56e9af64_1_8e88578c5f0f5a39.mp3,hum/4e48de1a56e9af64_1_8df298a2d8a05184.wav
4e48de1a56e9af64,song/4e48de1a56e9af64_1_8e88578c5f0f5a39.mp3,hum/4e48de1a56e9af64_1_7d578d9087bdf25f.wav
4e48de1a56e9af64,song/4e48de1a56e9af64_1_8e88578c5f0f5a39.mp3,hum/4e48de1a56e9af64_1_ce1897dfc94f32a5.wav
4e48de1a56e9af64,song/4e48de1a56e9af64_1_8e88578c5f0f5a39.mp3,hum/4e48de1a56e9af64_1_4ff8bf800b34448d.wav
4e48de1a56e9af64,song/4e48de1a56e9af64_1_8e88578c5f0f5a39.mp3,hum/4e48de1a56e9af64_1_50d27779870d5328.wav
4e48de1a56e9af64,song/4e48de1a56e9af64_1_8e88578c5f0f5a39.mp3,hum/4e48de1a56e9af64_1_2fab930015f8d575.wav
4e48de1a56e9af64,song/4e48de1a56e9af64_1_8e88578c5f0f5a39.mp3,hum/4e48de1a56e9af64_1_60f689747e8fa9da.wav
4e48de1a56e9af64,song/4e48de1a56e9af64_1_8e88578c5f0f5a39.mp3,hum/4e48de1a56e9af64_1_9b8e7af8cb088be8.wav
4e48de1a56e9af64,song/4e48de1a56e9af64_1_8e88578c5f0f5a39.mp3,hum/4e48de1a56e9af64_1_0b4485a89f6d48c3.wav
4e48de1a56e9af64,song/4e48de1a56e9af64_2_8e3f0833208f700c.mp3,hum/4e48de1a56e9af64_2_3aa95cb40a7fc232.wav
4e48de1a56e9af64,song/4e48de1a56e9af64_2_8e3f0833208f700c.mp3,hum/4e48de1a56e9af64_2_5d8a0176fe529f4e.wav
4e48de1a56e9af64,song/4e48de1a56e9af64_2_8e3f0833208f700c.mp3,hum/4e48de1a56e9af64_2_6cb927223ac841b8.wav
4e48de1a56e9af64,song/4e48de1a56e9af64_2_8e3f0833208f700c.mp3,hum/4e48de1a56e9af64_2_1d05b6d1a5e49081.wav
4e48de1a56e9af64,song/4e48de1a56e9af64_2_8e3f0833208f700c.mp3,hum/4e48de1a56e9af64_2_6be84338acbc91c1.wav
4e48de1a56e9af64,song/4e48de1a56e9af64_2_8e3f0833208f700c.mp3,hum/4e48de1a56e9af64_2_c485926d869e3522.wav
4e48de1a56e9af64,song/4e48de1a56e9af64_2_8e3f0833208f700c.mp3,hum/4e48de1a56e9af64_2_135cdd95becaa4aa.wav
4e48de1a56e9af64,song/4e48de1a56e9af64_2_8e3f0833208f700c.mp3,hum/4e48de1a56e9af64_2_a061dcb90a0d93d5.wav
4e48de1a56e9af64,song/4e48de1a56e9af64_2_8e3f0833208f700c.mp3,hum/4e48de1a56e9af64_2_f1735efea7a60de7.wav
4e48de1a56e9af64,song/4e48de1a56e9af64_2_8e3f0833208f700c.mp3,hum/4e48de1a56e9af64_2_ebfa832bd28dc4ad.wav
4e48de1a56e9af64,song/4e48de1a56e9af64_2_8e3f0833208f700c.mp3,hum/4e48de1a56e9af64_2_40b27026223baffb.wav
4e48de1a56e9af64,song/4e48de1a56e9af64_2_8e3f0833208f700c.mp3,hum/4e48de1a56e9af64_2_7a6274663d3a50ce.wav
4e48de1a56e9af64,song/4e48de1a56e9af64_2_8e3f0833208f700c.mp3,hum/4e48de1a56e9af64_2_db4f032e731d8953.wav
4e48de1a56e9af64,song/4e48de1a56e9af64_2_8e3f0833208f700c.mp3,hum/4e48de1a56e9af64_2_6f7c357cc80ed5fd.wav
4e48de1a56e9af64,song/4e48de1a56e9af64_2_8e3f0833208f700c.mp3,hum/4e48de1a56e9af64_2_0220849e325d93b4.wav
4e48de1a56e9af64,song/4e48de1a56e9af64_2_8e3f0833208f700c.mp3,hum/4e48de1a56e9af64_2_9044fba8f6c66aa3.wav
4e48de1a56e9af64,song/4e48de1a56e9af64_2_8e3f0833208f700c.mp3,hum/4e48de1a56e9af64_2_79f3eb87a147b4c7.wav
4e48de1a56e9af64,song/4e48de1a56e9af64_2_8e3f0833208f700c.mp3,hum/4e48de1a56e9af64_2_5dc943c901b74962.wav
4e48de1a56e9af64,song/4e48de1a56e9af64_2_8e3f0833208f700c.mp3,hum/4e48de1a56e9af64_2_dda9d6504db7aed7.wav
4e48de1a56e9af64,song/4e48de1a56e9af64_2_8e3f0833208f700c.mp3,hum/4e48de1a56e9af64_2_0ce1039e1a474da0.wav
4e48de1a56e9af64,song/4e48de1a56e9af64_2_8e3f0833208f700c.mp3,hum/4e48de1a56e9af64_2_b1e0c8c247456e50.wav
4e48de1a56e9af64,song/4e48de1a56e9af64_2_8e3f0833208f700c.mp3,hum/4e48de1a56e9af64_2_745f9346782c679b.wav
4ebb4ae25229bcba,song/4ebb4ae25229bcba_1_cc3586912da938c1.mp3,hum/4ebb4ae25229bcba_1_3784967e56fde084.wav
4ebb4ae25229bcba,song/4ebb4ae25229bcba_1_cc3586912da938c1.mp3,hum/4ebb4ae25229bcba_1_eedbff121e3e3c0c.wav
4ebb4ae25229bcba,song/4ebb4ae25229bcba_1_cc3586912da938c1.mp3,hum/4ebb4ae25229bcba_1_9eb58fb64df1f4af.wav
4ebb4ae25229bcba,song/4ebb4ae25229bcba_1_cc3586912da938c1.mp3,hum/4ebb4ae25229bcba_1_3d7ebeff685a9de3.wav
4ebb4ae25229bcba,song/4ebb4ae25229bcba_1_cc3586912da938c1.mp3,hum/4ebb4ae25229bcba_1_e8a32b710cf46954.wav
4ebb4ae25229bcba,song/4ebb4ae25229bcba_2_66bec4202361d636.mp3,hum/4ebb4ae25229bcba_2_c1cbe1418eeafd45.wav
4ebb4ae25229bcba,song/4ebb4ae25229bcba_2_66bec4202361d636.mp3,hum/4ebb4ae25229bcba_2_501b5e9f4d58e45a.wav
4ebb4ae25229bcba,song/4ebb4ae25229bcba_2_66bec4202361d636.mp3,hum/4ebb4ae25229bcba_2_47520f3fd30c52f4.wav
4ebb4ae25229bcba,song/4ebb4ae25229bcba_2_66bec4202361d636.mp3,hum/4ebb4ae25229bcba_2_31efeb690ad296e5.wav
4ebb4ae25229bcba,song/4ebb4ae25229bcba_2_66bec4202361d636.mp3,hum/4ebb4ae25229bcba_2_42b6dfcf598b4145.wav
4ff34b95fe9065ac,song/4ff34b95fe9065ac_1_0261e15007f91ea2.mp3,hum/4ff34b95fe9065ac_1_e858ab33010f8ac2.wav
4ff34b95fe9065ac,song/4ff34b95fe9065ac_1_0261e15007f91ea2.mp3,hum/4ff34b95fe9065ac_1_a30b827cb4806ae7.wav
4ff34b95fe9065ac,song/4ff34b95fe9065ac_1_0261e15007f91ea2.mp3,hum/4ff34b95fe9065ac_1_9954e8fb28538c9a.wav
4ff34b95fe9065ac,song/4ff34b95fe9065ac_1_0261e15007f91ea2.mp3,hum/4ff34b95fe9065ac_1_0b511a1c16ca5c8a.wav
4ff34b95fe9065ac,song/4ff34b95fe9065ac_1_0261e15007f91ea2.mp3,hum/4ff34b95fe9065ac_1_d27210567ee2ff1b.wav
4ff34b95fe9065ac,song/4ff34b95fe9065ac_1_0261e15007f91ea2.mp3,hum/4ff34b95fe9065ac_1_95fee8acab983f09.wav
4ff34b95fe9065ac,song/4ff34b95fe9065ac_1_0261e15007f91ea2.mp3,hum/4ff34b95fe9065ac_1_c25a85fbcbc31ccd.wav
4ff34b95fe9065ac,song/4ff34b95fe9065ac_1_0261e15007f91ea2.mp3,hum/4ff34b95fe9065ac_1_0b20db9f663d9ef2.wav
4ff34b95fe9065ac,song/4ff34b95fe9065ac_1_0261e15007f91ea2.mp3,hum/4ff34b95fe9065ac_1_2295ed6798610229.wav
4ff34b95fe9065ac,song/4ff34b95fe9065ac_1_0261e15007f91ea2.mp3,hum/4ff34b95fe9065ac_1_096ef462ac9f9cc1.wav
4ff34b95fe9065ac,song/4ff34b95fe9065ac_1_0261e15007f91ea2.mp3,hum/4ff34b95fe9065ac_1_b90da7319b87ca02.wav
4ff34b95fe9065ac,song/4ff34b95fe9065ac_1_0261e15007f91ea2.mp3,hum/4ff34b95fe9065ac_1_d79812ceaa79c249.wav
4ff34b95fe9065ac,song/4ff34b95fe9065ac_1_0261e15007f91ea2.mp3,hum/4ff34b95fe9065ac_1_e0f05b2e345a6ebd.wav
4ff34b95fe9065ac,song/4ff34b95fe9065ac_1_0261e15007f91ea2.mp3,hum/4ff34b95fe9065ac_1_040b68d6da3d93b5.wav
4ff34b95fe9065ac,song/4ff34b95fe9065ac_1_0261e15007f91ea2.mp3,hum/4ff34b95fe9065ac_1_2805f688caa7cda4.wav
4ff34b95fe9065ac,song/4ff34b95fe9065ac_1_0261e15007f91ea2.mp3,hum/4ff34b95fe9065ac_1_935b00c322022988.wav
4ff34b95fe9065ac,song/4ff34b95fe9065ac_1_0261e15007f91ea2.mp3,hum/4ff34b95fe9065ac_1_6beb1c36886183c1.wav
4ff34b95fe9065ac,song/4ff34b95fe9065ac_1_0261e15007f91ea2.mp3,hum/4ff34b95fe9065ac_1_d63cb648221ee8ab.wav
50610449a390984b,song/50610449a390984b_1_6f3b057e177df181.mp3,hum/50610449a390984b_1_420e0c45835b893b.wav
50610449a390984b,song/50610449a390984b_1_6f3b057e177df181.mp3,hum/50610449a390984b_1_9d763018871cf3e2.wav
50610449a390984b,song/50610449a390984b_1_6f3b057e177df181.mp3,hum/50610449a390984b_1_33cf63a1edbac2e9.wav
50610449a390984b,song/50610449a390984b_1_6f3b057e177df181.mp3,hum/50610449a390984b_1_4972b0bf5caa8655.wav
50610449a390984b,song/50610449a390984b_1_6f3b057e177df181.mp3,hum/50610449a390984b_1_e63ed69cbcd7a4a7.wav
50610449a390984b,song/50610449a390984b_2_50661f981eb75835.mp3,hum/50610449a390984b_2_584a775ae8a1161d.wav
50610449a390984b,song/50610449a390984b_2_50661f981eb75835.mp3,hum/50610449a390984b_2_cf857c0e8b5e061e.wav
50610449a390984b,song/50610449a390984b_2_50661f981eb75835.mp3,hum/50610449a390984b_2_8279d29fb102b3fe.wav
50610449a390984b,song/50610449a390984b_2_50661f981eb75835.mp3,hum/50610449a390984b_2_85dc74d8587dfa65.wav
50610449a390984b,song/50610449a390984b_2_50661f981eb75835.mp3,hum/50610449a390984b_2_39fbb201f718e945.wav
50cb0d29fc769bf7,song/50cb0d29fc769bf7_1_582749a85cc00035.mp3,hum/50cb0d29fc769bf7_1_4c177c076ede3ce7.wav
50cb0d29fc769bf7,song/50cb0d29fc769bf7_1_582749a85cc00035.mp3,hum/50cb0d29fc769bf7_1_e4f2139ef5cb0162.wav
50cb0d29fc769bf7,song/50cb0d29fc769bf7_1_582749a85cc00035.mp3,hum/50cb0d29fc769bf7_1_c070e92feb668d9d.wav
50cb0d29fc769bf7,song/50cb0d29fc769bf7_1_582749a85cc00035.mp3,hum/50cb0d29fc769bf7_1_d61cf5c6df4899a7.wav
50cb0d29fc769bf7,song/50cb0d29fc769bf7_1_582749a85cc00035.mp3,hum/50cb0d29fc769bf7_1_2e44299ad899bca7.wav
50cb0d29fc769bf7,song/50cb0d29fc769bf7_1_582749a85cc00035.mp3,hum/50cb0d29fc769bf7_1_988726e3ac5af83f.wav
50cb0d29fc769bf7,song/50cb0d29fc769bf7_1_582749a85cc00035.mp3,hum/50cb0d29fc769bf7_1_2cffa5d80c2df561.wav
50cb0d29fc769bf7,song/50cb0d29fc769bf7_1_582749a85cc00035.mp3,hum/50cb0d29fc769bf7_1_fd9f31470411f826.wav
516f270b0bae7964,song/516f270b0bae7964_1_7f56f72f2119c006.mp3,hum/516f270b0bae7964_1_42c71b1723cd356f.wav
516f270b0bae7964,song/516f270b0bae7964_1_7f56f72f2119c006.mp3,hum/516f270b0bae7964_1_496237a471a63b75.wav
516f270b0bae7964,song/516f270b0bae7964_1_7f56f72f2119c006.mp3,hum/516f270b0bae7964_1_055af3ed69513e5b.wav
516f270b0bae7964,song/516f270b0bae7964_1_7f56f72f2119c006.mp3,hum/516f270b0bae7964_1_5f800dc72057c726.wav
516f270b0bae7964,song/516f270b0bae7964_1_7f56f72f2119c006.mp3,hum/516f270b0bae7964_1_574472bb9bbc47d1.wav
516f270b0bae7964,song/516f270b0bae7964_2_49ef226a983acab8.mp3,hum/516f270b0bae7964_2_c8f9f1c8a3a28702.wav
516f270b0bae7964,song/516f270b0bae7964_2_49ef226a983acab8.mp3,hum/516f270b0bae7964_2_e7ad7bdf8a6acc25.wav
516f270b0bae7964,song/516f270b0bae7964_2_49ef226a983acab8.mp3,hum/516f270b0bae7964_2_64bfcc5a8f4ee841.wav
516f270b0bae7964,song/516f270b0bae7964_2_49ef226a983acab8.mp3,hum/516f270b0bae7964_2_ef16a223d538b625.wav
516f270b0bae7964,song/516f270b0bae7964_2_49ef226a983acab8.mp3,hum/516f270b0bae7964_2_97367c6a2a53eb3c.wav
51d65555c2020542,song/51d65555c2020542_2_8bd185d1653a005c.mp3,hum/51d65555c2020542_2_6cbcc968f024294e.wav
51d65555c2020542,song/51d65555c2020542_2_8bd185d1653a005c.mp3,hum/51d65555c2020542_2_e76bbe6305765dd2.wav
51d65555c2020542,song/51d65555c2020542_2_8bd185d1653a005c.mp3,hum/51d65555c2020542_2_8c9df11c077028e8.wav
51d65555c2020542,song/51d65555c2020542_2_8bd185d1653a005c.mp3,hum/51d65555c2020542_2_fb7a3ed7bff16c5e.wav
51d65555c2020542,song/51d65555c2020542_2_8bd185d1653a005c.mp3,hum/51d65555c2020542_2_faa033bb8823d0aa.wav
5342a857ef70a424,song/5342a857ef70a424_1_e20f09945175e4c4.mp3,hum/5342a857ef70a424_1_50805c5e17e378fc.wav
5342a857ef70a424,song/5342a857ef70a424_1_e20f09945175e4c4.mp3,hum/5342a857ef70a424_1_ecf791adecaf4877.wav
5342a857ef70a424,song/5342a857ef70a424_1_e20f09945175e4c4.mp3,hum/5342a857ef70a424_1_2ace67125e71bf5f.wav
5342a857ef70a424,song/5342a857ef70a424_1_e20f09945175e4c4.mp3,hum/5342a857ef70a424_1_9e15e008841be795.wav
5342a857ef70a424,song/5342a857ef70a424_1_e20f09945175e4c4.mp3,hum/5342a857ef70a424_1_7e214801fee6372a.wav
5342a857ef70a424,song/5342a857ef70a424_1_e20f09945175e4c4.mp3,hum/5342a857ef70a424_1_bd7aa946a32c126c.wav
5342a857ef70a424,song/5342a857ef70a424_2_50064530b3d0a0e1.mp3,hum/5342a857ef70a424_2_1e442ce7a55f76da.wav
5342a857ef70a424,song/5342a857ef70a424_2_50064530b3d0a0e1.mp3,hum/5342a857ef70a424_2_c1483f2013cd8778.wav
5342a857ef70a424,song/5342a857ef70a424_2_50064530b3d0a0e1.mp3,hum/5342a857ef70a424_2_29e177239a2cd83c.wav
5342a857ef70a424,song/5342a857ef70a424_2_50064530b3d0a0e1.mp3,hum/5342a857ef70a424_2_999a18fd07c719eb.wav
5342a857ef70a424,song/5342a857ef70a424_2_50064530b3d0a0e1.mp3,hum/5342a857ef70a424_2_bb8148662bdb893c.wav
5342a857ef70a424,song/5342a857ef70a424_3_f58e719f369352c2.mp3,hum/5342a857ef70a424_3_98231bdfa84a533b.wav
5342a857ef70a424,song/5342a857ef70a424_3_f58e719f369352c2.mp3,hum/5342a857ef70a424_3_66f6e63ddc74eb20.wav
5342a857ef70a424,song/5342a857ef70a424_3_f58e719f369352c2.mp3,hum/5342a857ef70a424_3_10f6e86fdb9d37b5.wav
5342a857ef70a424,song/5342a857ef70a424_3_f58e719f369352c2.mp3,hum/5342a857ef70a424_3_27d7723fb734328f.wav
5342a857ef70a424,song/5342a857ef70a424_3_f58e719f369352c2.mp3,hum/5342a857ef70a424_3_b0cfd88f00dfc16c.wav
548b99b819a474eb,song/548b99b819a474eb_1_d3d8d72f991d1935.mp3,hum/548b99b819a474eb_1_15dac15322180c04.wav
548b99b819a474eb,song/548b99b819a474eb_1_d3d8d72f991d1935.mp3,hum/548b99b819a474eb_1_db407a14d1a2d8b2.wav
548b99b819a474eb,song/548b99b819a474eb_1_d3d8d72f991d1935.mp3,hum/548b99b819a474eb_1_13af5d3b49cf15f3.wav
548b99b819a474eb,song/548b99b819a474eb_1_d3d8d72f991d1935.mp3,hum/548b99b819a474eb_1_3da30be2d56253d3.wav
548b99b819a474eb,song/548b99b819a474eb_1_d3d8d72f991d1935.mp3,hum/548b99b819a474eb_1_76c97196374574ef.wav
548b99b819a474eb,song/548b99b819a474eb_2_98924b0718f017b2.mp3,hum/548b99b819a474eb_2_314d40e7b7272084.wav
548b99b819a474eb,song/548b99b819a474eb_2_98924b0718f017b2.mp3,hum/548b99b819a474eb_2_6afffc9487849199.wav
548b99b819a474eb,song/548b99b819a474eb_2_98924b0718f017b2.mp3,hum/548b99b819a474eb_2_1f2f9863f975a0f8.wav
548b99b819a474eb,song/548b99b819a474eb_2_98924b0718f017b2.mp3,hum/548b99b819a474eb_2_d311352882fca6d5.wav
548b99b819a474eb,song/548b99b819a474eb_2_98924b0718f017b2.mp3,hum/548b99b819a474eb_2_f8de45fd01999caf.wav
548b99b819a474eb,song/548b99b819a474eb_3_a3c7c67a014e077b.mp3,hum/548b99b819a474eb_3_15a5372811fd8a99.wav
548b99b819a474eb,song/548b99b819a474eb_3_a3c7c67a014e077b.mp3,hum/548b99b819a474eb_3_9eaf4c4e23db9deb.wav
548b99b819a474eb,song/548b99b819a474eb_3_a3c7c67a014e077b.mp3,hum/548b99b819a474eb_3_c5ff49a8ac27eed2.wav
548b99b819a474eb,song/548b99b819a474eb_3_a3c7c67a014e077b.mp3,hum/548b99b819a474eb_3_053668d05063bfe7.wav
548b99b819a474eb,song/548b99b819a474eb_3_a3c7c67a014e077b.mp3,hum/548b99b819a474eb_3_dc6abe7abe732be6.wav
549d6e8ae9c89370,song/549d6e8ae9c89370_1_9e53a7b3f80f9988.mp3,hum/549d6e8ae9c89370_1_22d5a678bd6e0676.wav
549d6e8ae9c89370,song/549d6e8ae9c89370_1_9e53a7b3f80f9988.mp3,hum/549d6e8ae9c89370_1_6e41beed205fa455.wav
549d6e8ae9c89370,song/549d6e8ae9c89370_1_9e53a7b3f80f9988.mp3,hum/549d6e8ae9c89370_1_923e926e629eab83.wav
549d6e8ae9c89370,song/549d6e8ae9c89370_1_9e53a7b3f80f9988.mp3,hum/549d6e8ae9c89370_1_315aad117f3e652c.wav
57b4063672b0d576,song/57b4063672b0d576_1_67e6a93440b4c773.mp3,hum/57b4063672b0d576_1_243f291eb6b9f86a.wav
57b4063672b0d576,song/57b4063672b0d576_1_67e6a93440b4c773.mp3,hum/57b4063672b0d576_1_f4cbc818277090a9.wav
57b4063672b0d576,song/57b4063672b0d576_1_67e6a93440b4c773.mp3,hum/57b4063672b0d576_1_e35833119b96e4a0.wav
57b4063672b0d576,song/57b4063672b0d576_1_67e6a93440b4c773.mp3,hum/57b4063672b0d576_1_53b45c6241995e6a.wav
57b4063672b0d576,song/57b4063672b0d576_1_67e6a93440b4c773.mp3,hum/57b4063672b0d576_1_5aafced7a806659d.wav
57b4063672b0d576,song/57b4063672b0d576_1_67e6a93440b4c773.mp3,hum/57b4063672b0d576_1_4fc476cbc67a8b11.wav
57b4063672b0d576,song/57b4063672b0d576_1_67e6a93440b4c773.mp3,hum/57b4063672b0d576_1_79ef8f58b1cfae47.wav
57b4063672b0d576,song/57b4063672b0d576_1_67e6a93440b4c773.mp3,hum/57b4063672b0d576_1_320d77fadd075746.wav
57b4063672b0d576,song/57b4063672b0d576_1_67e6a93440b4c773.mp3,hum/57b4063672b0d576_1_26b41c9f20ebe928.wav
57b4063672b0d576,song/57b4063672b0d576_1_67e6a93440b4c773.mp3,hum/57b4063672b0d576_1_cdfc1afc610753f4.wav
57b4063672b0d576,song/57b4063672b0d576_1_67e6a93440b4c773.mp3,hum/57b4063672b0d576_1_e05f39164a571fa6.wav
57b4063672b0d576,song/57b4063672b0d576_1_67e6a93440b4c773.mp3,hum/57b4063672b0d576_1_d5f5c127c0ba6e69.wav
57b4063672b0d576,song/57b4063672b0d576_1_67e6a93440b4c773.mp3,hum/57b4063672b0d576_1_8a1beecba8d9fb80.wav
57b4063672b0d576,song/57b4063672b0d576_1_67e6a93440b4c773.mp3,hum/57b4063672b0d576_1_ed92d5a5f1aa518d.wav
57b4063672b0d576,song/57b4063672b0d576_2_cf516afbd9b44dde.mp3,hum/57b4063672b0d576_2_3d237b36432ef848.wav
57b4063672b0d576,song/57b4063672b0d576_2_cf516afbd9b44dde.mp3,hum/57b4063672b0d576_2_456beed5dad80340.wav
57b4063672b0d576,song/57b4063672b0d576_2_cf516afbd9b44dde.mp3,hum/57b4063672b0d576_2_1da4af762be25dae.wav
57b4063672b0d576,song/57b4063672b0d576_2_cf516afbd9b44dde.mp3,hum/57b4063672b0d576_2_407c223e80edb08b.wav
57b4063672b0d576,song/57b4063672b0d576_2_cf516afbd9b44dde.mp3,hum/57b4063672b0d576_2_d9a317ed0a247b3a.wav
57b4063672b0d576,song/57b4063672b0d576_2_cf516afbd9b44dde.mp3,hum/57b4063672b0d576_2_3a5e662524805844.wav
57b4063672b0d576,song/57b4063672b0d576_2_cf516afbd9b44dde.mp3,hum/57b4063672b0d576_2_c791c025693cad9b.wav
57b4063672b0d576,song/57b4063672b0d576_2_cf516afbd9b44dde.mp3,hum/57b4063672b0d576_2_9c6e43584a7b5e6e.wav
58f43f2ef44f4885,song/58f43f2ef44f4885_1_37c865c2ae621386.mp3,hum/58f43f2ef44f4885_1_72d11af6acbbefad.wav
58f43f2ef44f4885,song/58f43f2ef44f4885_1_37c865c2ae621386.mp3,hum/58f43f2ef44f4885_1_a40c269b4e1693c1.wav
58f43f2ef44f4885,song/58f43f2ef44f4885_1_37c865c2ae621386.mp3,hum/58f43f2ef44f4885_1_68f2dfd1565fa3c9.wav
58f43f2ef44f4885,song/58f43f2ef44f4885_1_37c865c2ae621386.mp3,hum/58f43f2ef44f4885_1_7a5d7814b9efbe7c.wav
58f43f2ef44f4885,song/58f43f2ef44f4885_1_37c865c2ae621386.mp3,hum/58f43f2ef44f4885_1_28ab3c7063c508d9.wav
58f43f2ef44f4885,song/58f43f2ef44f4885_1_37c865c2ae621386.mp3,hum/58f43f2ef44f4885_1_c7d72e94ff555178.wav
58f43f2ef44f4885,song/58f43f2ef44f4885_1_37c865c2ae621386.mp3,hum/58f43f2ef44f4885_1_88b903420b9f13e7.wav
58f43f2ef44f4885,song/58f43f2ef44f4885_1_37c865c2ae621386.mp3,hum/58f43f2ef44f4885_1_0bd60da09126157a.wav
58f43f2ef44f4885,song/58f43f2ef44f4885_1_37c865c2ae621386.mp3,hum/58f43f2ef44f4885_1_b31f643d9d27f638.wav
58f43f2ef44f4885,song/58f43f2ef44f4885_1_37c865c2ae621386.mp3,hum/58f43f2ef44f4885_1_3a31fb485be6e31a.wav
58f43f2ef44f4885,song/58f43f2ef44f4885_1_37c865c2ae621386.mp3,hum/58f43f2ef44f4885_1_ad81735925b9fb62.wav
58f43f2ef44f4885,song/58f43f2ef44f4885_1_37c865c2ae621386.mp3,hum/58f43f2ef44f4885_1_e126fccdab0186be.wav
58f43f2ef44f4885,song/58f43f2ef44f4885_1_37c865c2ae621386.mp3,hum/58f43f2ef44f4885_1_8c1f3260a582c27e.wav
58f43f2ef44f4885,song/58f43f2ef44f4885_1_37c865c2ae621386.mp3,hum/58f43f2ef44f4885_1_d8e96ac49b0a3e0d.wav
58f43f2ef44f4885,song/58f43f2ef44f4885_2_6338676d99215185.mp3,hum/58f43f2ef44f4885_2_d9bf305c35af79d3.wav
58f43f2ef44f4885,song/58f43f2ef44f4885_2_6338676d99215185.mp3,hum/58f43f2ef44f4885_2_997f31beacfbe701.wav
58f43f2ef44f4885,song/58f43f2ef44f4885_2_6338676d99215185.mp3,hum/58f43f2ef44f4885_2_044fcefe9b82cdf6.wav
58f43f2ef44f4885,song/58f43f2ef44f4885_2_6338676d99215185.mp3,hum/58f43f2ef44f4885_2_4327d345fc6432c4.wav
58f43f2ef44f4885,song/58f43f2ef44f4885_2_6338676d99215185.mp3,hum/58f43f2ef44f4885_2_40d57670f3d5ccef.wav
58f43f2ef44f4885,song/58f43f2ef44f4885_2_6338676d99215185.mp3,hum/58f43f2ef44f4885_2_2ca1f98f60486f9e.wav
58f43f2ef44f4885,song/58f43f2ef44f4885_2_6338676d99215185.mp3,hum/58f43f2ef44f4885_2_980f69eb1307e204.wav
58f43f2ef44f4885,song/58f43f2ef44f4885_2_6338676d99215185.mp3,hum/58f43f2ef44f4885_2_de84a3426b236c96.wav
58f43f2ef44f4885,song/58f43f2ef44f4885_2_6338676d99215185.mp3,hum/58f43f2ef44f4885_2_92b13856e2fa48c1.wav
58f43f2ef44f4885,song/58f43f2ef44f4885_2_6338676d99215185.mp3,hum/58f43f2ef44f4885_2_b587601001e1f98d.wav
58f43f2ef44f4885,song/58f43f2ef44f4885_2_6338676d99215185.mp3,hum/58f43f2ef44f4885_2_6693018f3e795b85.wav
58f43f2ef44f4885,song/58f43f2ef44f4885_2_6338676d99215185.mp3,hum/58f43f2ef44f4885_2_32c0d8b9902f8b8b.wav
58f43f2ef44f4885,song/58f43f2ef44f4885_2_6338676d99215185.mp3,hum/58f43f2ef44f4885_2_aecc79025fc4fbbe.wav
58f43f2ef44f4885,song/58f43f2ef44f4885_2_6338676d99215185.mp3,hum/58f43f2ef44f4885_2_f1975a4bc057b0e5.wav
5ad9159c3d83b2c6,song/5ad9159c3d83b2c6_1_dcfbb9c4eec9b1c9.mp3,hum/5ad9159c3d83b2c6_1_d92bec234aa92822.wav
5ad9159c3d83b2c6,song/5ad9159c3d83b2c6_1_dcfbb9c4eec9b1c9.mp3,hum/5ad9159c3d83b2c6_1_fbb5432f4ac69ff1.wav
5ad9159c3d83b2c6,song/5ad9159c3d83b2c6_1_dcfbb9c4eec9b1c9.mp3,hum/5ad9159c3d83b2c6_1_f3799b686d4cda36.wav
5ad9159c3d83b2c6,song/5ad9159c3d83b2c6_1_dcfbb9c4eec9b1c9.mp3,hum/5ad9159c3d83b2c6_1_b64b54822d1065fc.wav
5ad9159c3d83b2c6,song/5ad9159c3d83b2c6_1_dcfbb9c4eec9b1c9.mp3,hum/5ad9159c3d83b2c6_1_fd8fa2af60843e1f.wav
5ad9159c3d83b2c6,song/5ad9159c3d83b2c6_2_605883e1f4817b55.mp3,hum/5ad9159c3d83b2c6_2_ea0e5315771c7049.wav
5ad9159c3d83b2c6,song/5ad9159c3d83b2c6_2_605883e1f4817b55.mp3,hum/5ad9159c3d83b2c6_2_a774b06679d75e01.wav
5ad9159c3d83b2c6,song/5ad9159c3d83b2c6_2_605883e1f4817b55.mp3,hum/5ad9159c3d83b2c6_2_514eb5d7dcf54b46.wav
5ad9159c3d83b2c6,song/5ad9159c3d83b2c6_2_605883e1f4817b55.mp3,hum/5ad9159c3d83b2c6_2_773fb19e51140c44.wav
5ad9159c3d83b2c6,song/5ad9159c3d83b2c6_2_605883e1f4817b55.mp3,hum/5ad9159c3d83b2c6_2_7f96d9286ed0e856.wav
5b4708a7b0d7cb22,song/5b4708a7b0d7cb22_1_a3690d54b5942796.mp3,hum/5b4708a7b0d7cb22_1_dfd1e51cc9cd9df0.wav
5b4708a7b0d7cb22,song/5b4708a7b0d7cb22_1_a3690d54b5942796.mp3,hum/5b4708a7b0d7cb22_1_6deaf047f5ca80ba.wav
5b4708a7b0d7cb22,song/5b4708a7b0d7cb22_1_a3690d54b5942796.mp3,hum/5b4708a7b0d7cb22_1_6ea922f458a11db9.wav
5b4708a7b0d7cb22,song/5b4708a7b0d7cb22_1_a3690d54b5942796.mp3,hum/5b4708a7b0d7cb22_1_52514cba7889c1d4.wav
5b4708a7b0d7cb22,song/5b4708a7b0d7cb22_1_a3690d54b5942796.mp3,hum/5b4708a7b0d7cb22_1_02fa7985100d7a1b.wav
5b4708a7b0d7cb22,song/5b4708a7b0d7cb22_1_a3690d54b5942796.mp3,hum/5b4708a7b0d7cb22_1_7e3b72df19556701.wav
5b4708a7b0d7cb22,song/5b4708a7b0d7cb22_1_a3690d54b5942796.mp3,hum/5b4708a7b0d7cb22_1_76a6d92927182fca.wav
5b4708a7b0d7cb22,song/5b4708a7b0d7cb22_1_a3690d54b5942796.mp3,hum/5b4708a7b0d7cb22_1_c982f1f0a2b20286.wav
5b4708a7b0d7cb22,song/5b4708a7b0d7cb22_1_a3690d54b5942796.mp3,hum/5b4708a7b0d7cb22_1_c3dac1fe1df0fd05.wav
5b4708a7b0d7cb22,song/5b4708a7b0d7cb22_1_a3690d54b5942796.mp3,hum/5b4708a7b0d7cb22_1_83677e3eb00c3431.wav
5b4708a7b0d7cb22,song/5b4708a7b0d7cb22_1_a3690d54b5942796.mp3,hum/5b4708a7b0d7cb22_1_924385a3a70fcbf2.wav
5b4708a7b0d7cb22,song/5b4708a7b0d7cb22_1_a3690d54b5942796.mp3,hum/5b4708a7b0d7cb22_1_de1a88926267d294.wav
5b4708a7b0d7cb22,song/5b4708a7b0d7cb22_1_a3690d54b5942796.mp3,hum/5b4708a7b0d7cb22_1_ea5724616fb4c90b.wav
5b4708a7b0d7cb22,song/5b4708a7b0d7cb22_1_a3690d54b5942796.mp3,hum/5b4708a7b0d7cb22_1_130863c0aca243c5.wav
5b4708a7b0d7cb22,song/5b4708a7b0d7cb22_1_a3690d54b5942796.mp3,hum/5b4708a7b0d7cb22_1_5fa8be137340e1d7.wav
5b4708a7b0d7cb22,song/5b4708a7b0d7cb22_1_a3690d54b5942796.mp3,hum/5b4708a7b0d7cb22_1_f3ade777449deeb2.wav
5b4708a7b0d7cb22,song/5b4708a7b0d7cb22_1_a3690d54b5942796.mp3,hum/5b4708a7b0d7cb22_1_dbd039d340f6643a.wav
5b4708a7b0d7cb22,song/5b4708a7b0d7cb22_1_a3690d54b5942796.mp3,hum/5b4708a7b0d7cb22_1_6af3001bf65d284d.wav
5b4708a7b0d7cb22,song/5b4708a7b0d7cb22_2_e7fd2e1e0483c907.mp3,hum/5b4708a7b0d7cb22_2_de73a84c034967fe.wav
5b4708a7b0d7cb22,song/5b4708a7b0d7cb22_2_e7fd2e1e0483c907.mp3,hum/5b4708a7b0d7cb22_2_60a67b0181876970.wav
5b4708a7b0d7cb22,song/5b4708a7b0d7cb22_2_e7fd2e1e0483c907.mp3,hum/5b4708a7b0d7cb22_2_21962b94ea3c41e9.wav
5b4708a7b0d7cb22,song/5b4708a7b0d7cb22_2_e7fd2e1e0483c907.mp3,hum/5b4708a7b0d7cb22_2_5b9f5d12036a7481.wav
5b4708a7b0d7cb22,song/5b4708a7b0d7cb22_2_e7fd2e1e0483c907.mp3,hum/5b4708a7b0d7cb22_2_0b6f595dd5d25290.wav
5b4708a7b0d7cb22,song/5b4708a7b0d7cb22_2_e7fd2e1e0483c907.mp3,hum/5b4708a7b0d7cb22_2_428001820f63fec7.wav
5b4708a7b0d7cb22,song/5b4708a7b0d7cb22_2_e7fd2e1e0483c907.mp3,hum/5b4708a7b0d7cb22_2_3cf0f36b1d087dd2.wav
5b4708a7b0d7cb22,song/5b4708a7b0d7cb22_2_e7fd2e1e0483c907.mp3,hum/5b4708a7b0d7cb22_2_d791aed6703124ea.wav
5b4708a7b0d7cb22,song/5b4708a7b0d7cb22_2_e7fd2e1e0483c907.mp3,hum/5b4708a7b0d7cb22_2_83b5fe815630c5b0.wav
5b4708a7b0d7cb22,song/5b4708a7b0d7cb22_2_e7fd2e1e0483c907.mp3,hum/5b4708a7b0d7cb22_2_cc6c7410983fa141.wav
5b4708a7b0d7cb22,song/5b4708a7b0d7cb22_2_e7fd2e1e0483c907.mp3,hum/5b4708a7b0d7cb22_2_ebb3b45e1bc66d18.wav
5b4708a7b0d7cb22,song/5b4708a7b0d7cb22_2_e7fd2e1e0483c907.mp3,hum/5b4708a7b0d7cb22_2_7fdf151e37678450.wav
5b4708a7b0d7cb22,song/5b4708a7b0d7cb22_2_e7fd2e1e0483c907.mp3,hum/5b4708a7b0d7cb22_2_665924d62de9f03d.wav
5b4708a7b0d7cb22,song/5b4708a7b0d7cb22_2_e7fd2e1e0483c907.mp3,hum/5b4708a7b0d7cb22_2_a09c4b1089db5afd.wav
5b4708a7b0d7cb22,song/5b4708a7b0d7cb22_2_e7fd2e1e0483c907.mp3,hum/5b4708a7b0d7cb22_2_113bd1a0ff35c87e.wav
5c3de9e4394e9a76,song/5c3de9e4394e9a76_1_ffe4d46064104fb0.mp3,hum/5c3de9e4394e9a76_1_bcd334a73963088f.wav
5c3de9e4394e9a76,song/5c3de9e4394e9a76_1_ffe4d46064104fb0.mp3,hum/5c3de9e4394e9a76_1_d9f155fb08120542.wav
5c3de9e4394e9a76,song/5c3de9e4394e9a76_1_ffe4d46064104fb0.mp3,hum/5c3de9e4394e9a76_1_20bd7753cbd8a934.wav
5c3de9e4394e9a76,song/5c3de9e4394e9a76_1_ffe4d46064104fb0.mp3,hum/5c3de9e4394e9a76_1_081197e5413927c0.wav
5c3de9e4394e9a76,song/5c3de9e4394e9a76_1_ffe4d46064104fb0.mp3,hum/5c3de9e4394e9a76_1_7f94e62c4f8ecc50.wav
5c3de9e4394e9a76,song/5c3de9e4394e9a76_1_ffe4d46064104fb0.mp3,hum/5c3de9e4394e9a76_1_197253d334b7946b.wav
5c3de9e4394e9a76,song/5c3de9e4394e9a76_1_ffe4d46064104fb0.mp3,hum/5c3de9e4394e9a76_1_2948efa92cda55ee.wav
5c3de9e4394e9a76,song/5c3de9e4394e9a76_1_ffe4d46064104fb0.mp3,hum/5c3de9e4394e9a76_1_d68526b954ab1730.wav
5c3de9e4394e9a76,song/5c3de9e4394e9a76_1_ffe4d46064104fb0.mp3,hum/5c3de9e4394e9a76_1_26808ec07feef6ec.wav
5c3de9e4394e9a76,song/5c3de9e4394e9a76_1_ffe4d46064104fb0.mp3,hum/5c3de9e4394e9a76_1_262880eb93d679ba.wav
5c3de9e4394e9a76,song/5c3de9e4394e9a76_1_ffe4d46064104fb0.mp3,hum/5c3de9e4394e9a76_1_082f6daecbb153a6.wav
5c3de9e4394e9a76,song/5c3de9e4394e9a76_1_ffe4d46064104fb0.mp3,hum/5c3de9e4394e9a76_1_4386a457c30e41c1.wav
5c3de9e4394e9a76,song/5c3de9e4394e9a76_1_ffe4d46064104fb0.mp3,hum/5c3de9e4394e9a76_1_6c355c7f0cc9f9e2.wav
5c3de9e4394e9a76,song/5c3de9e4394e9a76_1_ffe4d46064104fb0.mp3,hum/5c3de9e4394e9a76_1_35b4e5a09a65961b.wav
5c3de9e4394e9a76,song/5c3de9e4394e9a76_1_ffe4d46064104fb0.mp3,hum/5c3de9e4394e9a76_1_388dbe889a66528d.wav
5c3de9e4394e9a76,song/5c3de9e4394e9a76_1_ffe4d46064104fb0.mp3,hum/5c3de9e4394e9a76_1_f95b9da762ce715f.wav
5c3de9e4394e9a76,song/5c3de9e4394e9a76_1_ffe4d46064104fb0.mp3,hum/5c3de9e4394e9a76_1_8bade6f00c2f7220.wav
5c3de9e4394e9a76,song/5c3de9e4394e9a76_1_ffe4d46064104fb0.mp3,hum/5c3de9e4394e9a76_1_4046757a4332c38e.wav
5c3de9e4394e9a76,song/5c3de9e4394e9a76_1_ffe4d46064104fb0.mp3,hum/5c3de9e4394e9a76_1_c6419d66b2d2978e.wav
5c3de9e4394e9a76,song/5c3de9e4394e9a76_1_ffe4d46064104fb0.mp3,hum/5c3de9e4394e9a76_1_80a7606cb1e53be0.wav
5c3de9e4394e9a76,song/5c3de9e4394e9a76_1_ffe4d46064104fb0.mp3,hum/5c3de9e4394e9a76_1_3be66a8e33cf228e.wav
5c3de9e4394e9a76,song/5c3de9e4394e9a76_1_ffe4d46064104fb0.mp3,hum/5c3de9e4394e9a76_1_0c5c50a2fdffbc4e.wav
5c3de9e4394e9a76,song/5c3de9e4394e9a76_1_ffe4d46064104fb0.mp3,hum/5c3de9e4394e9a76_1_b6f679bc48eb10ce.wav
5c3de9e4394e9a76,song/5c3de9e4394e9a76_1_ffe4d46064104fb0.mp3,hum/5c3de9e4394e9a76_1_9ffa27ae5530315e.wav
5c3de9e4394e9a76,song/5c3de9e4394e9a76_1_ffe4d46064104fb0.mp3,hum/5c3de9e4394e9a76_1_58c7051bbc247195.wav
5c3de9e4394e9a76,song/5c3de9e4394e9a76_1_ffe4d46064104fb0.mp3,hum/5c3de9e4394e9a76_1_ab764d6df33f26dd.wav
5c3de9e4394e9a76,song/5c3de9e4394e9a76_1_ffe4d46064104fb0.mp3,hum/5c3de9e4394e9a76_1_bc40874fb1171fa0.wav
5c3de9e4394e9a76,song/5c3de9e4394e9a76_1_ffe4d46064104fb0.mp3,hum/5c3de9e4394e9a76_1_885dc3cc3916ffdf.wav
5cf708b68e8a30e5,song/5cf708b68e8a30e5_1_5a223781a4a9b438.mp3,hum/5cf708b68e8a30e5_1_45ccb19c31996c9a.wav
5cf708b68e8a30e5,song/5cf708b68e8a30e5_1_5a223781a4a9b438.mp3,hum/5cf708b68e8a30e5_1_9b5485ae0650fadf.wav
5cf708b68e8a30e5,song/5cf708b68e8a30e5_1_5a223781a4a9b438.mp3,hum/5cf708b68e8a30e5_1_3ede3ea652c6e7ae.wav
5cf708b68e8a30e5,song/5cf708b68e8a30e5_1_5a223781a4a9b438.mp3,hum/5cf708b68e8a30e5_1_624029594cdf43a8.wav
5cf708b68e8a30e5,song/5cf708b68e8a30e5_1_5a223781a4a9b438.mp3,hum/5cf708b68e8a30e5_1_dca0f1739631a5c8.wav
5cf708b68e8a30e5,song/5cf708b68e8a30e5_1_5a223781a4a9b438.mp3,hum/5cf708b68e8a30e5_1_41c4f20163d2aeac.wav
5cf708b68e8a30e5,song/5cf708b68e8a30e5_1_5a223781a4a9b438.mp3,hum/5cf708b68e8a30e5_1_b1ee70a12f5a5606.wav
5cf708b68e8a30e5,song/5cf708b68e8a30e5_1_5a223781a4a9b438.mp3,hum/5cf708b68e8a30e5_1_4a0d8e7ae8a8003e.wav
5cf708b68e8a30e5,song/5cf708b68e8a30e5_1_5a223781a4a9b438.mp3,hum/5cf708b68e8a30e5_1_bf2dbcc965980b2a.wav
5cf708b68e8a30e5,song/5cf708b68e8a30e5_1_5a223781a4a9b438.mp3,hum/5cf708b68e8a30e5_1_d6a47f3b5c7b1bfb.wav
5cf708b68e8a30e5,song/5cf708b68e8a30e5_1_5a223781a4a9b438.mp3,hum/5cf708b68e8a30e5_1_9dc7d010c830795e.wav
5cf708b68e8a30e5,song/5cf708b68e8a30e5_1_5a223781a4a9b438.mp3,hum/5cf708b68e8a30e5_1_8c2e90f41dc852a1.wav
5cf708b68e8a30e5,song/5cf708b68e8a30e5_1_5a223781a4a9b438.mp3,hum/5cf708b68e8a30e5_1_2341e105a751d2cd.wav
5cf708b68e8a30e5,song/5cf708b68e8a30e5_1_5a223781a4a9b438.mp3,hum/5cf708b68e8a30e5_1_fcd95bf3a754b90d.wav
5cf708b68e8a30e5,song/5cf708b68e8a30e5_1_5a223781a4a9b438.mp3,hum/5cf708b68e8a30e5_1_01fc9395f2436ba6.wav
5cf708b68e8a30e5,song/5cf708b68e8a30e5_1_5a223781a4a9b438.mp3,hum/5cf708b68e8a30e5_1_29d7e6730c6789b3.wav
5cf708b68e8a30e5,song/5cf708b68e8a30e5_1_5a223781a4a9b438.mp3,hum/5cf708b68e8a30e5_1_8829aea7630f1064.wav
5cf708b68e8a30e5,song/5cf708b68e8a30e5_1_5a223781a4a9b438.mp3,hum/5cf708b68e8a30e5_1_0237ed9e0fa64011.wav
5cf708b68e8a30e5,song/5cf708b68e8a30e5_1_5a223781a4a9b438.mp3,hum/5cf708b68e8a30e5_1_cb2621581df77928.wav
5cf708b68e8a30e5,song/5cf708b68e8a30e5_1_5a223781a4a9b438.mp3,hum/5cf708b68e8a30e5_1_3bd91c711dbf81d9.wav
5cf708b68e8a30e5,song/5cf708b68e8a30e5_1_5a223781a4a9b438.mp3,hum/5cf708b68e8a30e5_1_14ee4caee9acb3d8.wav
5cf708b68e8a30e5,song/5cf708b68e8a30e5_1_5a223781a4a9b438.mp3,hum/5cf708b68e8a30e5_1_5bc9957f9cbbc1bb.wav
5cf708b68e8a30e5,song/5cf708b68e8a30e5_2_d0978a8cca17188f.mp3,hum/5cf708b68e8a30e5_2_588ae41b80b5939d.wav
5cf708b68e8a30e5,song/5cf708b68e8a30e5_2_d0978a8cca17188f.mp3,hum/5cf708b68e8a30e5_2_57178bd70cdae458.wav
5cf708b68e8a30e5,song/5cf708b68e8a30e5_2_d0978a8cca17188f.mp3,hum/5cf708b68e8a30e5_2_c52a347a74131809.wav
5cf708b68e8a30e5,song/5cf708b68e8a30e5_2_d0978a8cca17188f.mp3,hum/5cf708b68e8a30e5_2_a0f2ad5c0b9ca231.wav
5cf708b68e8a30e5,song/5cf708b68e8a30e5_2_d0978a8cca17188f.mp3,hum/5cf708b68e8a30e5_2_7d8c3c46dbf7c77a.wav
5cf708b68e8a30e5,song/5cf708b68e8a30e5_2_d0978a8cca17188f.mp3,hum/5cf708b68e8a30e5_2_ba6351287ed9fc43.wav
5cf708b68e8a30e5,song/5cf708b68e8a30e5_2_d0978a8cca17188f.mp3,hum/5cf708b68e8a30e5_2_a74d949f8f0942ba.wav
5cf708b68e8a30e5,song/5cf708b68e8a30e5_2_d0978a8cca17188f.mp3,hum/5cf708b68e8a30e5_2_c08610ce01c83767.wav
5cf708b68e8a30e5,song/5cf708b68e8a30e5_2_d0978a8cca17188f.mp3,hum/5cf708b68e8a30e5_2_8f554d2dec393ae5.wav
5cf708b68e8a30e5,song/5cf708b68e8a30e5_2_d0978a8cca17188f.mp3,hum/5cf708b68e8a30e5_2_0b6fa530f526bee4.wav
5cf708b68e8a30e5,song/5cf708b68e8a30e5_3_5f946792daf785fa.mp3,hum/5cf708b68e8a30e5_3_600583f22932d2da.wav
5cf708b68e8a30e5,song/5cf708b68e8a30e5_3_5f946792daf785fa.mp3,hum/5cf708b68e8a30e5_3_a72e187f1132adba.wav
5cf708b68e8a30e5,song/5cf708b68e8a30e5_3_5f946792daf785fa.mp3,hum/5cf708b68e8a30e5_3_927e8e2f6522fb02.wav
5cf708b68e8a30e5,song/5cf708b68e8a30e5_3_5f946792daf785fa.mp3,hum/5cf708b68e8a30e5_3_a12445ded347c1bc.wav
5cf708b68e8a30e5,song/5cf708b68e8a30e5_3_5f946792daf785fa.mp3,hum/5cf708b68e8a30e5_3_999d08aa23f8c2ff.wav
5cf708b68e8a30e5,song/5cf708b68e8a30e5_3_5f946792daf785fa.mp3,hum/5cf708b68e8a30e5_3_be88caf8d997688c.wav
5cf708b68e8a30e5,song/5cf708b68e8a30e5_3_5f946792daf785fa.mp3,hum/5cf708b68e8a30e5_3_094cfae8f4f09abe.wav
5cf708b68e8a30e5,song/5cf708b68e8a30e5_3_5f946792daf785fa.mp3,hum/5cf708b68e8a30e5_3_54d3c22db8bc027d.wav
5cf708b68e8a30e5,song/5cf708b68e8a30e5_3_5f946792daf785fa.mp3,hum/5cf708b68e8a30e5_3_4e17949087daaf24.wav
5cf708b68e8a30e5,song/5cf708b68e8a30e5_3_5f946792daf785fa.mp3,hum/5cf708b68e8a30e5_3_e8c7ca3fead33d84.wav
5cf708b68e8a30e5,song/5cf708b68e8a30e5_3_5f946792daf785fa.mp3,hum/5cf708b68e8a30e5_3_67c4e681e27ec435.wav
5cf708b68e8a30e5,song/5cf708b68e8a30e5_3_5f946792daf785fa.mp3,hum/5cf708b68e8a30e5_3_6254efb4a3b523ee.wav
5cf708b68e8a30e5,song/5cf708b68e8a30e5_3_5f946792daf785fa.mp3,hum/5cf708b68e8a30e5_3_ee6c60a6f5df42cd.wav
5cf708b68e8a30e5,song/5cf708b68e8a30e5_3_5f946792daf785fa.mp3,hum/5cf708b68e8a30e5_3_9ccb909da7f5bac9.wav
5cf708b68e8a30e5,song/5cf708b68e8a30e5_3_5f946792daf785fa.mp3,hum/5cf708b68e8a30e5_3_7236a25cb2d26953.wav
5cf708b68e8a30e5,song/5cf708b68e8a30e5_3_5f946792daf785fa.mp3,hum/5cf708b68e8a30e5_3_7221b2656e432c1f.wav
5cf708b68e8a30e5,song/5cf708b68e8a30e5_3_5f946792daf785fa.mp3,hum/5cf708b68e8a30e5_3_fd8085c650cb273d.wav
5cf708b68e8a30e5,song/5cf708b68e8a30e5_3_5f946792daf785fa.mp3,hum/5cf708b68e8a30e5_3_2dfed343f2a1a893.wav
5cf708b68e8a30e5,song/5cf708b68e8a30e5_3_5f946792daf785fa.mp3,hum/5cf708b68e8a30e5_3_8b38949560ed02f6.wav
5cf708b68e8a30e5,song/5cf708b68e8a30e5_4_f4c47f5fa931b419.mp3,hum/5cf708b68e8a30e5_4_9afa510e60be315e.wav
5cf708b68e8a30e5,song/5cf708b68e8a30e5_4_f4c47f5fa931b419.mp3,hum/5cf708b68e8a30e5_4_28b05c13d8eff0cd.wav
5cf708b68e8a30e5,song/5cf708b68e8a30e5_4_f4c47f5fa931b419.mp3,hum/5cf708b68e8a30e5_4_2ebf54cf00146a42.wav
5cf708b68e8a30e5,song/5cf708b68e8a30e5_4_f4c47f5fa931b419.mp3,hum/5cf708b68e8a30e5_4_d3269eb53061b16e.wav
5cf708b68e8a30e5,song/5cf708b68e8a30e5_4_f4c47f5fa931b419.mp3,hum/5cf708b68e8a30e5_4_e855c60a7fc11f8b.wav
5cf708b68e8a30e5,song/5cf708b68e8a30e5_4_f4c47f5fa931b419.mp3,hum/5cf708b68e8a30e5_4_20c01ea86c5766ca.wav
5cf708b68e8a30e5,song/5cf708b68e8a30e5_4_f4c47f5fa931b419.mp3,hum/5cf708b68e8a30e5_4_8f1d59b6d786eac4.wav
5cf708b68e8a30e5,song/5cf708b68e8a30e5_4_f4c47f5fa931b419.mp3,hum/5cf708b68e8a30e5_4_cd4bb939e9407ac9.wav
5cf708b68e8a30e5,song/5cf708b68e8a30e5_4_f4c47f5fa931b419.mp3,hum/5cf708b68e8a30e5_4_888700dc968a928d.wav
5cf708b68e8a30e5,song/5cf708b68e8a30e5_4_f4c47f5fa931b419.mp3,hum/5cf708b68e8a30e5_4_ca99c264c7f46fac.wav
5cf708b68e8a30e5,song/5cf708b68e8a30e5_4_f4c47f5fa931b419.mp3,hum/5cf708b68e8a30e5_4_7ed6d744e638f167.wav
5cf708b68e8a30e5,song/5cf708b68e8a30e5_4_f4c47f5fa931b419.mp3,hum/5cf708b68e8a30e5_4_b00a13506813cf95.wav
5cf708b68e8a30e5,song/5cf708b68e8a30e5_4_f4c47f5fa931b419.mp3,hum/5cf708b68e8a30e5_4_0bd018c619eb1644.wav
5cf708b68e8a30e5,song/5cf708b68e8a30e5_5_a5c9b3e6f80480bc.mp3,hum/5cf708b68e8a30e5_5_b910d4bceccb4526.wav
5cf708b68e8a30e5,song/5cf708b68e8a30e5_5_a5c9b3e6f80480bc.mp3,hum/5cf708b68e8a30e5_5_58edc2fc5ac2cbe5.wav
5cf708b68e8a30e5,song/5cf708b68e8a30e5_5_a5c9b3e6f80480bc.mp3,hum/5cf708b68e8a30e5_5_57e3f0673a2c676b.wav
5cf708b68e8a30e5,song/5cf708b68e8a30e5_5_a5c9b3e6f80480bc.mp3,hum/5cf708b68e8a30e5_5_b95143516faeb7bd.wav
5cf708b68e8a30e5,song/5cf708b68e8a30e5_5_a5c9b3e6f80480bc.mp3,hum/5cf708b68e8a30e5_5_6c16e5423e3f33b0.wav
5cf708b68e8a30e5,song/5cf708b68e8a30e5_5_a5c9b3e6f80480bc.mp3,hum/5cf708b68e8a30e5_5_cdca1d868a5282e1.wav
5cf708b68e8a30e5,song/5cf708b68e8a30e5_5_a5c9b3e6f80480bc.mp3,hum/5cf708b68e8a30e5_5_1a9166346a3f7292.wav
5cf708b68e8a30e5,song/5cf708b68e8a30e5_5_a5c9b3e6f80480bc.mp3,hum/5cf708b68e8a30e5_5_be2700bfc75537ef.wav
5cf708b68e8a30e5,song/5cf708b68e8a30e5_5_a5c9b3e6f80480bc.mp3,hum/5cf708b68e8a30e5_5_906d9427dc1ea1c2.wav
5cf708b68e8a30e5,song/5cf708b68e8a30e5_5_a5c9b3e6f80480bc.mp3,hum/5cf708b68e8a30e5_5_0da66b3be6c1f797.wav
5cf708b68e8a30e5,song/5cf708b68e8a30e5_5_a5c9b3e6f80480bc.mp3,hum/5cf708b68e8a30e5_5_e356ca7987434f0b.wav
5cf708b68e8a30e5,song/5cf708b68e8a30e5_5_a5c9b3e6f80480bc.mp3,hum/5cf708b68e8a30e5_5_d57d1cdc136ecf24.wav
5f0afe55b9885e83,song/5f0afe55b9885e83_1_49f5b5c9024a00a1.mp3,hum/5f0afe55b9885e83_1_b6061102f9296ebd.wav
5f0afe55b9885e83,song/5f0afe55b9885e83_1_49f5b5c9024a00a1.mp3,hum/5f0afe55b9885e83_1_98618bc20b10f768.wav
5f0afe55b9885e83,song/5f0afe55b9885e83_1_49f5b5c9024a00a1.mp3,hum/5f0afe55b9885e83_1_b5787744800dd952.wav
5f0afe55b9885e83,song/5f0afe55b9885e83_1_49f5b5c9024a00a1.mp3,hum/5f0afe55b9885e83_1_038134400415526b.wav
5f0afe55b9885e83,song/5f0afe55b9885e83_1_49f5b5c9024a00a1.mp3,hum/5f0afe55b9885e83_1_453891056ad67758.wav
5f0afe55b9885e83,song/5f0afe55b9885e83_1_49f5b5c9024a00a1.mp3,hum/5f0afe55b9885e83_1_b937cb971673e5cc.wav
5f0afe55b9885e83,song/5f0afe55b9885e83_2_c1e012e822ea2b46.mp3,hum/5f0afe55b9885e83_2_5f13b9ae3d483d54.wav
5f0afe55b9885e83,song/5f0afe55b9885e83_2_c1e012e822ea2b46.mp3,hum/5f0afe55b9885e83_2_43cd42135b0e3439.wav
5f0afe55b9885e83,song/5f0afe55b9885e83_2_c1e012e822ea2b46.mp3,hum/5f0afe55b9885e83_2_0544df8367bf4ecc.wav
5f0afe55b9885e83,song/5f0afe55b9885e83_2_c1e012e822ea2b46.mp3,hum/5f0afe55b9885e83_2_2ac4dc3f29014f0e.wav
5f0afe55b9885e83,song/5f0afe55b9885e83_2_c1e012e822ea2b46.mp3,hum/5f0afe55b9885e83_2_4fbae8e9defeec77.wav
5f0afe55b9885e83,song/5f0afe55b9885e83_2_c1e012e822ea2b46.mp3,hum/5f0afe55b9885e83_2_040268b3bbfe52da.wav
5f0afe55b9885e83,song/5f0afe55b9885e83_3_b1cadffc2381b195.mp3,hum/5f0afe55b9885e83_3_e78005623f6b53c1.wav
5f0afe55b9885e83,song/5f0afe55b9885e83_3_b1cadffc2381b195.mp3,hum/5f0afe55b9885e83_3_b3a45ff91ab30bd2.wav
5f0afe55b9885e83,song/5f0afe55b9885e83_3_b1cadffc2381b195.mp3,hum/5f0afe55b9885e83_3_84bd1ad4926c9368.wav
5f0afe55b9885e83,song/5f0afe55b9885e83_3_b1cadffc2381b195.mp3,hum/5f0afe55b9885e83_3_472a04cebe814f35.wav
5f0afe55b9885e83,song/5f0afe55b9885e83_3_b1cadffc2381b195.mp3,hum/5f0afe55b9885e83_3_2fc9541ba9ceb67d.wav
5f0afe55b9885e83,song/5f0afe55b9885e83_3_b1cadffc2381b195.mp3,hum/5f0afe55b9885e83_3_e9bae41ab517130b.wav
5fa5464e3f069b46,song/5fa5464e3f069b46_1_62f57a88a8483362.mp3,hum/5fa5464e3f069b46_1_6f41e2d6947f91b8.wav
5fa5464e3f069b46,song/5fa5464e3f069b46_1_62f57a88a8483362.mp3,hum/5fa5464e3f069b46_1_ca490265884b49e7.wav
5fa5464e3f069b46,song/5fa5464e3f069b46_1_62f57a88a8483362.mp3,hum/5fa5464e3f069b46_1_6e15158ebbe28513.wav
5fa5464e3f069b46,song/5fa5464e3f069b46_1_62f57a88a8483362.mp3,hum/5fa5464e3f069b46_1_02a6784b214ca252.wav
5fa5464e3f069b46,song/5fa5464e3f069b46_1_62f57a88a8483362.mp3,hum/5fa5464e3f069b46_1_a9bc35f8c4029354.wav
5fa5464e3f069b46,song/5fa5464e3f069b46_1_62f57a88a8483362.mp3,hum/5fa5464e3f069b46_1_e039782282a5dd02.wav
5ff3f52c51d16bc2,song/5ff3f52c51d16bc2_1_a20bec542b3da36e.mp3,hum/5ff3f52c51d16bc2_1_5b8645abd2ce4b9c.wav
5ff3f52c51d16bc2,song/5ff3f52c51d16bc2_1_a20bec542b3da36e.mp3,hum/5ff3f52c51d16bc2_1_f9e3a8a212787787.wav
5ff3f52c51d16bc2,song/5ff3f52c51d16bc2_1_a20bec542b3da36e.mp3,hum/5ff3f52c51d16bc2_1_7484705fd85ecea0.wav
5ff3f52c51d16bc2,song/5ff3f52c51d16bc2_1_a20bec542b3da36e.mp3,hum/5ff3f52c51d16bc2_1_8d498d0b0c135883.wav
5ff3f52c51d16bc2,song/5ff3f52c51d16bc2_1_a20bec542b3da36e.mp3,hum/5ff3f52c51d16bc2_1_1dc42df6a43fe06a.wav
5ff3f52c51d16bc2,song/5ff3f52c51d16bc2_2_7d28d8fd8ef18fb2.mp3,hum/5ff3f52c51d16bc2_2_d4491de6157fb808.wav
5ff3f52c51d16bc2,song/5ff3f52c51d16bc2_2_7d28d8fd8ef18fb2.mp3,hum/5ff3f52c51d16bc2_2_6651a07ea0dbb1c9.wav
5ff3f52c51d16bc2,song/5ff3f52c51d16bc2_2_7d28d8fd8ef18fb2.mp3,hum/5ff3f52c51d16bc2_2_699deb1c7407983e.wav
5ff3f52c51d16bc2,song/5ff3f52c51d16bc2_2_7d28d8fd8ef18fb2.mp3,hum/5ff3f52c51d16bc2_2_d697609ffe783341.wav
5ff3f52c51d16bc2,song/5ff3f52c51d16bc2_2_7d28d8fd8ef18fb2.mp3,hum/5ff3f52c51d16bc2_2_f0d478f4d16fac74.wav
5ff3f52c51d16bc2,song/5ff3f52c51d16bc2_3_e648219f81e1677a.mp3,hum/5ff3f52c51d16bc2_3_aceed75f771f1d7f.wav
5ff3f52c51d16bc2,song/5ff3f52c51d16bc2_3_e648219f81e1677a.mp3,hum/5ff3f52c51d16bc2_3_5de9723275142e5c.wav
5ff3f52c51d16bc2,song/5ff3f52c51d16bc2_3_e648219f81e1677a.mp3,hum/5ff3f52c51d16bc2_3_6f1a35aa7cdf46c4.wav
5ff3f52c51d16bc2,song/5ff3f52c51d16bc2_3_e648219f81e1677a.mp3,hum/5ff3f52c51d16bc2_3_13d1b2bad2738ae7.wav
5ff3f52c51d16bc2,song/5ff3f52c51d16bc2_3_e648219f81e1677a.mp3,hum/5ff3f52c51d16bc2_3_099ac1d33a240ed1.wav
60e4fdc750eef6db,song/60e4fdc750eef6db_1_d556652deae83644.mp3,hum/60e4fdc750eef6db_1_702394c2c0b5729e.wav
60e4fdc750eef6db,song/60e4fdc750eef6db_1_d556652deae83644.mp3,hum/60e4fdc750eef6db_1_b782482f344730a5.wav
60e4fdc750eef6db,song/60e4fdc750eef6db_1_d556652deae83644.mp3,hum/60e4fdc750eef6db_1_0448acac0af3cef8.wav
60e4fdc750eef6db,song/60e4fdc750eef6db_1_d556652deae83644.mp3,hum/60e4fdc750eef6db_1_5916e10ba00d39b8.wav
60e4fdc750eef6db,song/60e4fdc750eef6db_1_d556652deae83644.mp3,hum/60e4fdc750eef6db_1_428d67e2d87e2465.wav
60e4fdc750eef6db,song/60e4fdc750eef6db_1_d556652deae83644.mp3,hum/60e4fdc750eef6db_1_e685b009ac633fc7.wav
60e4fdc750eef6db,song/60e4fdc750eef6db_1_d556652deae83644.mp3,hum/60e4fdc750eef6db_1_a4f7a87a3b7d5efc.wav
60e4fdc750eef6db,song/60e4fdc750eef6db_1_d556652deae83644.mp3,hum/60e4fdc750eef6db_1_877b6ec6de3048d2.wav
60e4fdc750eef6db,song/60e4fdc750eef6db_1_d556652deae83644.mp3,hum/60e4fdc750eef6db_1_726bcc15412fb202.wav
60e4fdc750eef6db,song/60e4fdc750eef6db_1_d556652deae83644.mp3,hum/60e4fdc750eef6db_1_a8075bbf98d88bb8.wav
60e4fdc750eef6db,song/60e4fdc750eef6db_1_d556652deae83644.mp3,hum/60e4fdc750eef6db_1_a95a6bff41c6e844.wav
60e4fdc750eef6db,song/60e4fdc750eef6db_1_d556652deae83644.mp3,hum/60e4fdc750eef6db_1_60e4ee8f43f10987.wav
60e4fdc750eef6db,song/60e4fdc750eef6db_1_d556652deae83644.mp3,hum/60e4fdc750eef6db_1_18e95aa81a9d5526.wav
60e4fdc750eef6db,song/60e4fdc750eef6db_1_d556652deae83644.mp3,hum/60e4fdc750eef6db_1_bcf741eaa138635d.wav
60e4fdc750eef6db,song/60e4fdc750eef6db_1_d556652deae83644.mp3,hum/60e4fdc750eef6db_1_d06e23488c635e06.wav
60e4fdc750eef6db,song/60e4fdc750eef6db_1_d556652deae83644.mp3,hum/60e4fdc750eef6db_1_5846e54297a90be2.wav
60e4fdc750eef6db,song/60e4fdc750eef6db_1_d556652deae83644.mp3,hum/60e4fdc750eef6db_1_d8bdfdcd8b045a7f.wav
60e4fdc750eef6db,song/60e4fdc750eef6db_1_d556652deae83644.mp3,hum/60e4fdc750eef6db_1_a47a2e52d3582e59.wav
60f7e4e0b4467507,song/60f7e4e0b4467507_1_30393d4d7fbda7c4.mp3,hum/60f7e4e0b4467507_1_43e7cecaa41ffb33.wav
60f7e4e0b4467507,song/60f7e4e0b4467507_1_30393d4d7fbda7c4.mp3,hum/60f7e4e0b4467507_1_68e881f87b9162a0.wav
60f7e4e0b4467507,song/60f7e4e0b4467507_1_30393d4d7fbda7c4.mp3,hum/60f7e4e0b4467507_1_cadd064914b08876.wav
60f7e4e0b4467507,song/60f7e4e0b4467507_1_30393d4d7fbda7c4.mp3,hum/60f7e4e0b4467507_1_e38d3a1e20b1e9e1.wav
60f7e4e0b4467507,song/60f7e4e0b4467507_1_30393d4d7fbda7c4.mp3,hum/60f7e4e0b4467507_1_37b410942b44e8d8.wav
60f7e4e0b4467507,song/60f7e4e0b4467507_2_7dac3285d234c4f8.mp3,hum/60f7e4e0b4467507_2_a595a03298063ed0.wav
60f7e4e0b4467507,song/60f7e4e0b4467507_2_7dac3285d234c4f8.mp3,hum/60f7e4e0b4467507_2_76bea0dafe65b368.wav
60f7e4e0b4467507,song/60f7e4e0b4467507_2_7dac3285d234c4f8.mp3,hum/60f7e4e0b4467507_2_b389b5a3dee5ff94.wav
60f7e4e0b4467507,song/60f7e4e0b4467507_2_7dac3285d234c4f8.mp3,hum/60f7e4e0b4467507_2_94f170e85e085414.wav
60f7e4e0b4467507,song/60f7e4e0b4467507_2_7dac3285d234c4f8.mp3,hum/60f7e4e0b4467507_2_27da2b410d808b7a.wav
61a180ac6d5891d0,song/61a180ac6d5891d0_1_0324e5ba233aaa4d.mp3,hum/61a180ac6d5891d0_1_23228e19913d1775.wav
61a180ac6d5891d0,song/61a180ac6d5891d0_1_0324e5ba233aaa4d.mp3,hum/61a180ac6d5891d0_1_c5b3c573b1fd1e05.wav
61a180ac6d5891d0,song/61a180ac6d5891d0_1_0324e5ba233aaa4d.mp3,hum/61a180ac6d5891d0_1_e7e2ad3c672c71d0.wav
61a180ac6d5891d0,song/61a180ac6d5891d0_1_0324e5ba233aaa4d.mp3,hum/61a180ac6d5891d0_1_ae72b2ca6622571f.wav
61a180ac6d5891d0,song/61a180ac6d5891d0_1_0324e5ba233aaa4d.mp3,hum/61a180ac6d5891d0_1_d12fbf5fab821dbc.wav
61a180ac6d5891d0,song/61a180ac6d5891d0_2_728ff629b94ee7ca.mp3,hum/61a180ac6d5891d0_2_c18f33ec57263633.wav
61a180ac6d5891d0,song/61a180ac6d5891d0_2_728ff629b94ee7ca.mp3,hum/61a180ac6d5891d0_2_12d3a5d79396cf57.wav
61a180ac6d5891d0,song/61a180ac6d5891d0_2_728ff629b94ee7ca.mp3,hum/61a180ac6d5891d0_2_70935703ed571009.wav
61a180ac6d5891d0,song/61a180ac6d5891d0_2_728ff629b94ee7ca.mp3,hum/61a180ac6d5891d0_2_0b6920e6d71e4330.wav
61a180ac6d5891d0,song/61a180ac6d5891d0_2_728ff629b94ee7ca.mp3,hum/61a180ac6d5891d0_2_ce17cec04b08bf17.wav
61a180ac6d5891d0,song/61a180ac6d5891d0_3_14d232e58596402f.mp3,hum/61a180ac6d5891d0_3_87df5638db35fb74.wav
61a180ac6d5891d0,song/61a180ac6d5891d0_3_14d232e58596402f.mp3,hum/61a180ac6d5891d0_3_b8058c556d539632.wav
61a180ac6d5891d0,song/61a180ac6d5891d0_3_14d232e58596402f.mp3,hum/61a180ac6d5891d0_3_afb06477838f8505.wav
61a180ac6d5891d0,song/61a180ac6d5891d0_3_14d232e58596402f.mp3,hum/61a180ac6d5891d0_3_b689ec2b5a45b161.wav
61a180ac6d5891d0,song/61a180ac6d5891d0_3_14d232e58596402f.mp3,hum/61a180ac6d5891d0_3_b347cad5dfa96338.wav
61dcd6f5ea9da1b2,song/61dcd6f5ea9da1b2_1_9f88724e8cf2fdd1.mp3,hum/61dcd6f5ea9da1b2_1_a2a33803f3eff885.wav
61dcd6f5ea9da1b2,song/61dcd6f5ea9da1b2_1_9f88724e8cf2fdd1.mp3,hum/61dcd6f5ea9da1b2_1_36dd78306e106b66.wav
61dcd6f5ea9da1b2,song/61dcd6f5ea9da1b2_1_9f88724e8cf2fdd1.mp3,hum/61dcd6f5ea9da1b2_1_4096db31416a7da5.wav
61dcd6f5ea9da1b2,song/61dcd6f5ea9da1b2_1_9f88724e8cf2fdd1.mp3,hum/61dcd6f5ea9da1b2_1_28021276c0d55983.wav
61dcd6f5ea9da1b2,song/61dcd6f5ea9da1b2_1_9f88724e8cf2fdd1.mp3,hum/61dcd6f5ea9da1b2_1_1a3ed0e01f2b6548.wav
61dcd6f5ea9da1b2,song/61dcd6f5ea9da1b2_1_9f88724e8cf2fdd1.mp3,hum/61dcd6f5ea9da1b2_1_ddf2c3e830cf076d.wav
61dcd6f5ea9da1b2,song/61dcd6f5ea9da1b2_1_9f88724e8cf2fdd1.mp3,hum/61dcd6f5ea9da1b2_1_bcecb16bb93613b9.wav
61dcd6f5ea9da1b2,song/61dcd6f5ea9da1b2_1_9f88724e8cf2fdd1.mp3,hum/61dcd6f5ea9da1b2_1_9102e9fd709801da.wav
61dcd6f5ea9da1b2,song/61dcd6f5ea9da1b2_1_9f88724e8cf2fdd1.mp3,hum/61dcd6f5ea9da1b2_1_c2f76ba8439bc8db.wav
61dcd6f5ea9da1b2,song/61dcd6f5ea9da1b2_1_9f88724e8cf2fdd1.mp3,hum/61dcd6f5ea9da1b2_1_260bb706afb15568.wav
61dcd6f5ea9da1b2,song/61dcd6f5ea9da1b2_1_9f88724e8cf2fdd1.mp3,hum/61dcd6f5ea9da1b2_1_a55941b28190b440.wav
61dcd6f5ea9da1b2,song/61dcd6f5ea9da1b2_1_9f88724e8cf2fdd1.mp3,hum/61dcd6f5ea9da1b2_1_9c603164a9bf5851.wav
61dcd6f5ea9da1b2,song/61dcd6f5ea9da1b2_1_9f88724e8cf2fdd1.mp3,hum/61dcd6f5ea9da1b2_1_f83e699efd1f61ec.wav
61dcd6f5ea9da1b2,song/61dcd6f5ea9da1b2_1_9f88724e8cf2fdd1.mp3,hum/61dcd6f5ea9da1b2_1_97a7d86541971f21.wav
61dcd6f5ea9da1b2,song/61dcd6f5ea9da1b2_1_9f88724e8cf2fdd1.mp3,hum/61dcd6f5ea9da1b2_1_ac5bdd15ff8d7bd5.wav
61dcd6f5ea9da1b2,song/61dcd6f5ea9da1b2_1_9f88724e8cf2fdd1.mp3,hum/61dcd6f5ea9da1b2_1_0c93d3bb8679c148.wav
61dcd6f5ea9da1b2,song/61dcd6f5ea9da1b2_1_9f88724e8cf2fdd1.mp3,hum/61dcd6f5ea9da1b2_1_8feaa4cc54e8d600.wav
61dcd6f5ea9da1b2,song/61dcd6f5ea9da1b2_1_9f88724e8cf2fdd1.mp3,hum/61dcd6f5ea9da1b2_1_9491472f5a02c341.wav
61dcd6f5ea9da1b2,song/61dcd6f5ea9da1b2_1_9f88724e8cf2fdd1.mp3,hum/61dcd6f5ea9da1b2_1_773dcc72365a280a.wav
61dcd6f5ea9da1b2,song/61dcd6f5ea9da1b2_1_9f88724e8cf2fdd1.mp3,hum/61dcd6f5ea9da1b2_1_98b6a3f797975946.wav
636ab88c77a9b0a2,song/636ab88c77a9b0a2_1_9841832ad55f70f6.mp3,hum/636ab88c77a9b0a2_1_43a355f51413fa62.wav
636ab88c77a9b0a2,song/636ab88c77a9b0a2_1_9841832ad55f70f6.mp3,hum/636ab88c77a9b0a2_1_ad89e2294705f36e.wav
636ab88c77a9b0a2,song/636ab88c77a9b0a2_1_9841832ad55f70f6.mp3,hum/636ab88c77a9b0a2_1_fdf3780686ed5391.wav
636ab88c77a9b0a2,song/636ab88c77a9b0a2_1_9841832ad55f70f6.mp3,hum/636ab88c77a9b0a2_1_cc17a64b3aeba62f.wav
636ab88c77a9b0a2,song/636ab88c77a9b0a2_1_9841832ad55f70f6.mp3,hum/636ab88c77a9b0a2_1_87a5f4923f9b0c2d.wav
636ab88c77a9b0a2,song/636ab88c77a9b0a2_1_9841832ad55f70f6.mp3,hum/636ab88c77a9b0a2_1_0b31492b0c723b8d.wav
636ab88c77a9b0a2,song/636ab88c77a9b0a2_1_9841832ad55f70f6.mp3,hum/636ab88c77a9b0a2_1_80cf01a71592f5e4.wav
636ab88c77a9b0a2,song/636ab88c77a9b0a2_1_9841832ad55f70f6.mp3,hum/636ab88c77a9b0a2_1_8ee7d10a09ef6fa6.wav
636ab88c77a9b0a2,song/636ab88c77a9b0a2_1_9841832ad55f70f6.mp3,hum/636ab88c77a9b0a2_1_9ba0a4d98c8cc78a.wav
636ab88c77a9b0a2,song/636ab88c77a9b0a2_1_9841832ad55f70f6.mp3,hum/636ab88c77a9b0a2_1_9966a9108dd8fd77.wav
636ab88c77a9b0a2,song/636ab88c77a9b0a2_2_344c10889de33b3a.mp3,hum/636ab88c77a9b0a2_2_db9d89d67258cc7a.wav
636ab88c77a9b0a2,song/636ab88c77a9b0a2_2_344c10889de33b3a.mp3,hum/636ab88c77a9b0a2_2_f6ee158080c1eb16.wav
636ab88c77a9b0a2,song/636ab88c77a9b0a2_2_344c10889de33b3a.mp3,hum/636ab88c77a9b0a2_2_9ddb4bd41a55e2e1.wav
636ab88c77a9b0a2,song/636ab88c77a9b0a2_2_344c10889de33b3a.mp3,hum/636ab88c77a9b0a2_2_b953a0f5adbb9328.wav
636ab88c77a9b0a2,song/636ab88c77a9b0a2_2_344c10889de33b3a.mp3,hum/636ab88c77a9b0a2_2_7991e4f07c2e6eb7.wav
636ab88c77a9b0a2,song/636ab88c77a9b0a2_2_344c10889de33b3a.mp3,hum/636ab88c77a9b0a2_2_334a99ca3475f5a8.wav
636ab88c77a9b0a2,song/636ab88c77a9b0a2_2_344c10889de33b3a.mp3,hum/636ab88c77a9b0a2_2_eeb5c21c1ca5646f.wav
636ab88c77a9b0a2,song/636ab88c77a9b0a2_2_344c10889de33b3a.mp3,hum/636ab88c77a9b0a2_2_3f87781f26330198.wav
63dd1036bfa2bd40,song/63dd1036bfa2bd40_1_a84a35630bc8d785.mp3,hum/63dd1036bfa2bd40_1_d707143df72836a7.wav
63dd1036bfa2bd40,song/63dd1036bfa2bd40_1_a84a35630bc8d785.mp3,hum/63dd1036bfa2bd40_1_be7be3346406078a.wav
63dd1036bfa2bd40,song/63dd1036bfa2bd40_1_a84a35630bc8d785.mp3,hum/63dd1036bfa2bd40_1_40db406740f962bc.wav
63dd1036bfa2bd40,song/63dd1036bfa2bd40_1_a84a35630bc8d785.mp3,hum/63dd1036bfa2bd40_1_94daa0b5fafbb97a.wav
63dd1036bfa2bd40,song/63dd1036bfa2bd40_1_a84a35630bc8d785.mp3,hum/63dd1036bfa2bd40_1_915467bfb2c33199.wav
63dd1036bfa2bd40,song/63dd1036bfa2bd40_1_a84a35630bc8d785.mp3,hum/63dd1036bfa2bd40_1_1554e2a41ab842f3.wav
63dd1036bfa2bd40,song/63dd1036bfa2bd40_1_a84a35630bc8d785.mp3,hum/63dd1036bfa2bd40_1_945ce4116d98c273.wav
63dd1036bfa2bd40,song/63dd1036bfa2bd40_1_a84a35630bc8d785.mp3,hum/63dd1036bfa2bd40_1_db01504b51ab2bcd.wav
63dd1036bfa2bd40,song/63dd1036bfa2bd40_2_93c04403acb4f55e.mp3,hum/63dd1036bfa2bd40_2_5ebf2417ed3c7eed.wav
63dd1036bfa2bd40,song/63dd1036bfa2bd40_2_93c04403acb4f55e.mp3,hum/63dd1036bfa2bd40_2_ea01832f781180b6.wav
63dd1036bfa2bd40,song/63dd1036bfa2bd40_2_93c04403acb4f55e.mp3,hum/63dd1036bfa2bd40_2_928f4a8e048e3e0f.wav
63dd1036bfa2bd40,song/63dd1036bfa2bd40_2_93c04403acb4f55e.mp3,hum/63dd1036bfa2bd40_2_617b014be0fee8b5.wav
63dd1036bfa2bd40,song/63dd1036bfa2bd40_2_93c04403acb4f55e.mp3,hum/63dd1036bfa2bd40_2_171b26eba467a0f1.wav
63dd1036bfa2bd40,song/63dd1036bfa2bd40_2_93c04403acb4f55e.mp3,hum/63dd1036bfa2bd40_2_56df9b050a033678.wav
63dd1036bfa2bd40,song/63dd1036bfa2bd40_2_93c04403acb4f55e.mp3,hum/63dd1036bfa2bd40_2_d3b3a7532acdf579.wav
63dd1036bfa2bd40,song/63dd1036bfa2bd40_2_93c04403acb4f55e.mp3,hum/63dd1036bfa2bd40_2_720150e5ba2bb302.wav
6729125f31707335,song/6729125f31707335_1_2ed5a257a8a411b3.mp3,hum/6729125f31707335_1_5089b59bddbd995d.wav
6729125f31707335,song/6729125f31707335_1_2ed5a257a8a411b3.mp3,hum/6729125f31707335_1_e4b143c7119adf13.wav
6729125f31707335,song/6729125f31707335_1_2ed5a257a8a411b3.mp3,hum/6729125f31707335_1_ebabfb62f6a9e14f.wav
6729125f31707335,song/6729125f31707335_1_2ed5a257a8a411b3.mp3,hum/6729125f31707335_1_93aefb43cdfdc3e7.wav
6729125f31707335,song/6729125f31707335_1_2ed5a257a8a411b3.mp3,hum/6729125f31707335_1_9208d0885d4e564c.wav
6729125f31707335,song/6729125f31707335_1_2ed5a257a8a411b3.mp3,hum/6729125f31707335_1_e8218f9342199449.wav
6729125f31707335,song/6729125f31707335_1_2ed5a257a8a411b3.mp3,hum/6729125f31707335_1_504f1f7433335a5f.wav
6729125f31707335,song/6729125f31707335_1_2ed5a257a8a411b3.mp3,hum/6729125f31707335_1_9e15f6f326a68f78.wav
6729125f31707335,song/6729125f31707335_1_2ed5a257a8a411b3.mp3,hum/6729125f31707335_1_d8568b87df2b69dc.wav
6729125f31707335,song/6729125f31707335_1_2ed5a257a8a411b3.mp3,hum/6729125f31707335_1_dfa3c1d913ab784d.wav
6729125f31707335,song/6729125f31707335_1_2ed5a257a8a411b3.mp3,hum/6729125f31707335_1_9287ecbd7717673c.wav
6729125f31707335,song/6729125f31707335_1_2ed5a257a8a411b3.mp3,hum/6729125f31707335_1_f49e9895555f62b0.wav
6729125f31707335,song/6729125f31707335_1_2ed5a257a8a411b3.mp3,hum/6729125f31707335_1_115b1dc2f57ecbac.wav
6729125f31707335,song/6729125f31707335_1_2ed5a257a8a411b3.mp3,hum/6729125f31707335_1_bb8bdb9b3a0580eb.wav
6729125f31707335,song/6729125f31707335_1_2ed5a257a8a411b3.mp3,hum/6729125f31707335_1_66229c040a815da5.wav
6729125f31707335,song/6729125f31707335_1_2ed5a257a8a411b3.mp3,hum/6729125f31707335_1_8b0bbc60725c05da.wav
6729125f31707335,song/6729125f31707335_1_2ed5a257a8a411b3.mp3,hum/6729125f31707335_1_e6b365aa89271205.wav
6729125f31707335,song/6729125f31707335_1_2ed5a257a8a411b3.mp3,hum/6729125f31707335_1_5fcb135cc455dc0b.wav
6729125f31707335,song/6729125f31707335_1_2ed5a257a8a411b3.mp3,hum/6729125f31707335_1_19dfc582a77f87b2.wav
6729125f31707335,song/6729125f31707335_1_2ed5a257a8a411b3.mp3,hum/6729125f31707335_1_5aed3d72e3ba9d81.wav
6729125f31707335,song/6729125f31707335_1_2ed5a257a8a411b3.mp3,hum/6729125f31707335_1_6a381c882ee1dda7.wav
6729125f31707335,song/6729125f31707335_1_2ed5a257a8a411b3.mp3,hum/6729125f31707335_1_109fb30f363d6bbb.wav
6729125f31707335,song/6729125f31707335_1_2ed5a257a8a411b3.mp3,hum/6729125f31707335_1_8f80a6e66aa0fc45.wav
6729125f31707335,song/6729125f31707335_1_2ed5a257a8a411b3.mp3,hum/6729125f31707335_1_0505ba8129158b86.wav
6729125f31707335,song/6729125f31707335_1_2ed5a257a8a411b3.mp3,hum/6729125f31707335_1_1164d1f503370927.wav
6729125f31707335,song/6729125f31707335_1_2ed5a257a8a411b3.mp3,hum/6729125f31707335_1_8c57c4acc9979ebb.wav
6729125f31707335,song/6729125f31707335_1_2ed5a257a8a411b3.mp3,hum/6729125f31707335_1_bd56d7dec0936ea0.wav
6729125f31707335,song/6729125f31707335_1_2ed5a257a8a411b3.mp3,hum/6729125f31707335_1_d65718960a0d22b2.wav
6729125f31707335,song/6729125f31707335_1_2ed5a257a8a411b3.mp3,hum/6729125f31707335_1_0293d74dea2b7647.wav
6729125f31707335,song/6729125f31707335_1_2ed5a257a8a411b3.mp3,hum/6729125f31707335_1_a33c6aedecad7768.wav
6729125f31707335,song/6729125f31707335_2_11c26655f26af43f.mp3,hum/6729125f31707335_2_c149b48e8063193c.wav
6729125f31707335,song/6729125f31707335_2_11c26655f26af43f.mp3,hum/6729125f31707335_2_b91e633701a0e110.wav
6729125f31707335,song/6729125f31707335_2_11c26655f26af43f.mp3,hum/6729125f31707335_2_ab52d36c623c5667.wav
6729125f31707335,song/6729125f31707335_2_11c26655f26af43f.mp3,hum/6729125f31707335_2_1215fee412049df1.wav
6729125f31707335,song/6729125f31707335_2_11c26655f26af43f.mp3,hum/6729125f31707335_2_63ceef59592c199e.wav
6729125f31707335,song/6729125f31707335_2_11c26655f26af43f.mp3,hum/6729125f31707335_2_3778fdd74333b92f.wav
6729125f31707335,song/6729125f31707335_2_11c26655f26af43f.mp3,hum/6729125f31707335_2_7095bfb89e22437d.wav
6729125f31707335,song/6729125f31707335_2_11c26655f26af43f.mp3,hum/6729125f31707335_2_7d645a2d9ca5de7d.wav
6729125f31707335,song/6729125f31707335_2_11c26655f26af43f.mp3,hum/6729125f31707335_2_783e56cec486c6e8.wav
6729125f31707335,song/6729125f31707335_2_11c26655f26af43f.mp3,hum/6729125f31707335_2_b90ddcf5e3f9406e.wav
67325541ea97ef8b,song/67325541ea97ef8b_1_7b5439cbae4b3a36.mp3,hum/67325541ea97ef8b_1_adf6eff90f7e6768.wav
67325541ea97ef8b,song/67325541ea97ef8b_1_7b5439cbae4b3a36.mp3,hum/67325541ea97ef8b_1_b24d0879f1cabecb.wav
67325541ea97ef8b,song/67325541ea97ef8b_1_7b5439cbae4b3a36.mp3,hum/67325541ea97ef8b_1_42c69bc4d9826622.wav
67325541ea97ef8b,song/67325541ea97ef8b_1_7b5439cbae4b3a36.mp3,hum/67325541ea97ef8b_1_d6b1e6e7db52a184.wav
67325541ea97ef8b,song/67325541ea97ef8b_1_7b5439cbae4b3a36.mp3,hum/67325541ea97ef8b_1_316ecb6aacc8b5fb.wav
67325541ea97ef8b,song/67325541ea97ef8b_1_7b5439cbae4b3a36.mp3,hum/67325541ea97ef8b_1_ec895825c1681f9e.wav
67325541ea97ef8b,song/67325541ea97ef8b_2_6cf0b178444cf711.mp3,hum/67325541ea97ef8b_2_a915678d1e154d9f.wav
67325541ea97ef8b,song/67325541ea97ef8b_2_6cf0b178444cf711.mp3,hum/67325541ea97ef8b_2_01f52cebad0dccf1.wav
67325541ea97ef8b,song/67325541ea97ef8b_2_6cf0b178444cf711.mp3,hum/67325541ea97ef8b_2_4b399b8529392add.wav
67325541ea97ef8b,song/67325541ea97ef8b_2_6cf0b178444cf711.mp3,hum/67325541ea97ef8b_2_5fd4a73ababd445b.wav
67325541ea97ef8b,song/67325541ea97ef8b_2_6cf0b178444cf711.mp3,hum/67325541ea97ef8b_2_b88e944e7c169783.wav
67325541ea97ef8b,song/67325541ea97ef8b_2_6cf0b178444cf711.mp3,hum/67325541ea97ef8b_2_45a46302731f4984.wav
67325541ea97ef8b,song/67325541ea97ef8b_3_f1bf183116d01e53.mp3,hum/67325541ea97ef8b_3_5cad38d308cf8474.wav
67325541ea97ef8b,song/67325541ea97ef8b_3_f1bf183116d01e53.mp3,hum/67325541ea97ef8b_3_c35738c12fa5af7e.wav
67325541ea97ef8b,song/67325541ea97ef8b_3_f1bf183116d01e53.mp3,hum/67325541ea97ef8b_3_a91091d48e6f37b8.wav
67325541ea97ef8b,song/67325541ea97ef8b_3_f1bf183116d01e53.mp3,hum/67325541ea97ef8b_3_19dd4bf4d1900c84.wav
67325541ea97ef8b,song/67325541ea97ef8b_3_f1bf183116d01e53.mp3,hum/67325541ea97ef8b_3_315d3413a25ed7ec.wav
67325541ea97ef8b,song/67325541ea97ef8b_3_f1bf183116d01e53.mp3,hum/67325541ea97ef8b_3_5ac14867a2feea12.wav
698c1cb84a6a6246,song/698c1cb84a6a6246_1_1088ab77c194dd6b.mp3,hum/698c1cb84a6a6246_1_056681fea7604576.wav
698c1cb84a6a6246,song/698c1cb84a6a6246_1_1088ab77c194dd6b.mp3,hum/698c1cb84a6a6246_1_a32f7325205749d1.wav
698c1cb84a6a6246,song/698c1cb84a6a6246_1_1088ab77c194dd6b.mp3,hum/698c1cb84a6a6246_1_c0f5a102173156e0.wav
698c1cb84a6a6246,song/698c1cb84a6a6246_1_1088ab77c194dd6b.mp3,hum/698c1cb84a6a6246_1_15c66d1e6772b88b.wav
698c1cb84a6a6246,song/698c1cb84a6a6246_1_1088ab77c194dd6b.mp3,hum/698c1cb84a6a6246_1_f22c86e1b66611b6.wav
698c1cb84a6a6246,song/698c1cb84a6a6246_1_1088ab77c194dd6b.mp3,hum/698c1cb84a6a6246_1_c726d1f740a4bea9.wav
698c1cb84a6a6246,song/698c1cb84a6a6246_1_1088ab77c194dd6b.mp3,hum/698c1cb84a6a6246_1_74de88ccb464b6c8.wav
698c1cb84a6a6246,song/698c1cb84a6a6246_1_1088ab77c194dd6b.mp3,hum/698c1cb84a6a6246_1_f618cc9e4fc536a5.wav
698c1cb84a6a6246,song/698c1cb84a6a6246_1_1088ab77c194dd6b.mp3,hum/698c1cb84a6a6246_1_b2ab7598863bf6fe.wav
698c1cb84a6a6246,song/698c1cb84a6a6246_1_1088ab77c194dd6b.mp3,hum/698c1cb84a6a6246_1_277df4814bd932f3.wav
698c1cb84a6a6246,song/698c1cb84a6a6246_1_1088ab77c194dd6b.mp3,hum/698c1cb84a6a6246_1_0c78c6e9e088d5b5.wav
698c1cb84a6a6246,song/698c1cb84a6a6246_1_1088ab77c194dd6b.mp3,hum/698c1cb84a6a6246_1_96393879f1538b96.wav
698c1cb84a6a6246,song/698c1cb84a6a6246_1_1088ab77c194dd6b.mp3,hum/698c1cb84a6a6246_1_12e6ee80019776cb.wav
698c1cb84a6a6246,song/698c1cb84a6a6246_1_1088ab77c194dd6b.mp3,hum/698c1cb84a6a6246_1_051231a7a70122cf.wav
698c1cb84a6a6246,song/698c1cb84a6a6246_1_1088ab77c194dd6b.mp3,hum/698c1cb84a6a6246_1_0e987da6051dc50c.wav
698c1cb84a6a6246,song/698c1cb84a6a6246_1_1088ab77c194dd6b.mp3,hum/698c1cb84a6a6246_1_95a88a4d98b9b1d2.wav
6be8dea479cbf5ca,song/6be8dea479cbf5ca_1_487b43eb5b58ccd4.mp3,hum/6be8dea479cbf5ca_1_a9e2286e83c55d7d.wav
6be8dea479cbf5ca,song/6be8dea479cbf5ca_1_487b43eb5b58ccd4.mp3,hum/6be8dea479cbf5ca_1_fe288a3fe301be10.wav
6be8dea479cbf5ca,song/6be8dea479cbf5ca_1_487b43eb5b58ccd4.mp3,hum/6be8dea479cbf5ca_1_376ee6094f753828.wav
6be8dea479cbf5ca,song/6be8dea479cbf5ca_1_487b43eb5b58ccd4.mp3,hum/6be8dea479cbf5ca_1_272bf5257aaa859c.wav
6be8dea479cbf5ca,song/6be8dea479cbf5ca_1_487b43eb5b58ccd4.mp3,hum/6be8dea479cbf5ca_1_582804caaabf5e65.wav
6be8dea479cbf5ca,song/6be8dea479cbf5ca_1_487b43eb5b58ccd4.mp3,hum/6be8dea479cbf5ca_1_e918961aada981ce.wav
6be8dea479cbf5ca,song/6be8dea479cbf5ca_1_487b43eb5b58ccd4.mp3,hum/6be8dea479cbf5ca_1_5784d54106681a06.wav
6be8dea479cbf5ca,song/6be8dea479cbf5ca_1_487b43eb5b58ccd4.mp3,hum/6be8dea479cbf5ca_1_1374fd02a8823497.wav
6be8dea479cbf5ca,song/6be8dea479cbf5ca_1_487b43eb5b58ccd4.mp3,hum/6be8dea479cbf5ca_1_ce330b85ea231991.wav
6be8dea479cbf5ca,song/6be8dea479cbf5ca_1_487b43eb5b58ccd4.mp3,hum/6be8dea479cbf5ca_1_b7dc554f6f53e00b.wav
6be8dea479cbf5ca,song/6be8dea479cbf5ca_1_487b43eb5b58ccd4.mp3,hum/6be8dea479cbf5ca_1_4a0506a6beb29fcb.wav
6be8dea479cbf5ca,song/6be8dea479cbf5ca_1_487b43eb5b58ccd4.mp3,hum/6be8dea479cbf5ca_1_33304f671cdf928f.wav
6be8dea479cbf5ca,song/6be8dea479cbf5ca_1_487b43eb5b58ccd4.mp3,hum/6be8dea479cbf5ca_1_151447f672b45cfb.wav
6c39a324c2b66cc1,song/6c39a324c2b66cc1_1_c9753c8ba659056f.mp3,hum/6c39a324c2b66cc1_1_9e3df35adad6cebb.wav
6c39a324c2b66cc1,song/6c39a324c2b66cc1_1_c9753c8ba659056f.mp3,hum/6c39a324c2b66cc1_1_3a3b7b33a2ae8974.wav
6c39a324c2b66cc1,song/6c39a324c2b66cc1_1_c9753c8ba659056f.mp3,hum/6c39a324c2b66cc1_1_24dd2737ec093043.wav
6c39a324c2b66cc1,song/6c39a324c2b66cc1_1_c9753c8ba659056f.mp3,hum/6c39a324c2b66cc1_1_da991212f7b20c01.wav
6c39a324c2b66cc1,song/6c39a324c2b66cc1_2_4d35dc807d3a7a53.mp3,hum/6c39a324c2b66cc1_2_5b401a053c6a494c.wav
6c39a324c2b66cc1,song/6c39a324c2b66cc1_2_4d35dc807d3a7a53.mp3,hum/6c39a324c2b66cc1_2_90026019b84a77f2.wav
6c39a324c2b66cc1,song/6c39a324c2b66cc1_2_4d35dc807d3a7a53.mp3,hum/6c39a324c2b66cc1_2_1378d40c662a3c2d.wav
6c39a324c2b66cc1,song/6c39a324c2b66cc1_2_4d35dc807d3a7a53.mp3,hum/6c39a324c2b66cc1_2_fc0eec955b8074ee.wav
6c39a324c2b66cc1,song/6c39a324c2b66cc1_2_4d35dc807d3a7a53.mp3,hum/6c39a324c2b66cc1_2_91d470b849bf1dce.wav
6c39a324c2b66cc1,song/6c39a324c2b66cc1_3_3e86c76df6975aec.mp3,hum/6c39a324c2b66cc1_3_2ad1cfb799964a7c.wav
6c39a324c2b66cc1,song/6c39a324c2b66cc1_3_3e86c76df6975aec.mp3,hum/6c39a324c2b66cc1_3_f21206d96e0c9f34.wav
6c39a324c2b66cc1,song/6c39a324c2b66cc1_3_3e86c76df6975aec.mp3,hum/6c39a324c2b66cc1_3_8c04a20449358edd.wav
6c39a324c2b66cc1,song/6c39a324c2b66cc1_3_3e86c76df6975aec.mp3,hum/6c39a324c2b66cc1_3_9bcef73071bceb89.wav
6e17166ba3348b34,song/6e17166ba3348b34_1_627e2bf7e407c37a.mp3,hum/6e17166ba3348b34_1_c0eea9159ac2de7c.wav
6e17166ba3348b34,song/6e17166ba3348b34_1_627e2bf7e407c37a.mp3,hum/6e17166ba3348b34_1_374e37a13c9dabf6.wav
6e17166ba3348b34,song/6e17166ba3348b34_1_627e2bf7e407c37a.mp3,hum/6e17166ba3348b34_1_1db7c74111210e16.wav
6e17166ba3348b34,song/6e17166ba3348b34_1_627e2bf7e407c37a.mp3,hum/6e17166ba3348b34_1_23e4be4c33e85663.wav
6e17166ba3348b34,song/6e17166ba3348b34_1_627e2bf7e407c37a.mp3,hum/6e17166ba3348b34_1_8a598ec0a89e79f6.wav
6e17166ba3348b34,song/6e17166ba3348b34_2_f57b036f0f86d5e9.mp3,hum/6e17166ba3348b34_2_6728bccbafa3651b.wav
6e17166ba3348b34,song/6e17166ba3348b34_2_f57b036f0f86d5e9.mp3,hum/6e17166ba3348b34_2_d1370a35017f3aa1.wav
6e17166ba3348b34,song/6e17166ba3348b34_2_f57b036f0f86d5e9.mp3,hum/6e17166ba3348b34_2_64037a28eadecfca.wav
6e17166ba3348b34,song/6e17166ba3348b34_2_f57b036f0f86d5e9.mp3,hum/6e17166ba3348b34_2_365e6ff2ed284d72.wav
6e17166ba3348b34,song/6e17166ba3348b34_2_f57b036f0f86d5e9.mp3,hum/6e17166ba3348b34_2_8df3c0cbab3a01f4.wav
714352b916c3d0c4,song/714352b916c3d0c4_1_a0d8cb7657c3d6a2.mp3,hum/714352b916c3d0c4_1_6b77d778e7eafa37.wav
714352b916c3d0c4,song/714352b916c3d0c4_1_a0d8cb7657c3d6a2.mp3,hum/714352b916c3d0c4_1_1b68beb88aa5cb1b.wav
714352b916c3d0c4,song/714352b916c3d0c4_1_a0d8cb7657c3d6a2.mp3,hum/714352b916c3d0c4_1_8ae94c806e8be0d0.wav
714352b916c3d0c4,song/714352b916c3d0c4_1_a0d8cb7657c3d6a2.mp3,hum/714352b916c3d0c4_1_e0a3881c040a7010.wav
714352b916c3d0c4,song/714352b916c3d0c4_1_a0d8cb7657c3d6a2.mp3,hum/714352b916c3d0c4_1_20cfd5ecf707e732.wav
714352b916c3d0c4,song/714352b916c3d0c4_1_a0d8cb7657c3d6a2.mp3,hum/714352b916c3d0c4_1_08ed2d97050d8311.wav
714352b916c3d0c4,song/714352b916c3d0c4_1_a0d8cb7657c3d6a2.mp3,hum/714352b916c3d0c4_1_773ed9958f111623.wav
714352b916c3d0c4,song/714352b916c3d0c4_2_c4f197eab6d61c45.mp3,hum/714352b916c3d0c4_2_519a82cad05d8080.wav
714352b916c3d0c4,song/714352b916c3d0c4_2_c4f197eab6d61c45.mp3,hum/714352b916c3d0c4_2_e0c94cf036f0cfa1.wav
714352b916c3d0c4,song/714352b916c3d0c4_2_c4f197eab6d61c45.mp3,hum/714352b916c3d0c4_2_1ccf0030a5c97f23.wav
714352b916c3d0c4,song/714352b916c3d0c4_2_c4f197eab6d61c45.mp3,hum/714352b916c3d0c4_2_a9231d6deb60dd85.wav
714352b916c3d0c4,song/714352b916c3d0c4_2_c4f197eab6d61c45.mp3,hum/714352b916c3d0c4_2_6a40ef14d47a9a22.wav
714352b916c3d0c4,song/714352b916c3d0c4_2_c4f197eab6d61c45.mp3,hum/714352b916c3d0c4_2_2c2886adf0e42664.wav
714352b916c3d0c4,song/714352b916c3d0c4_2_c4f197eab6d61c45.mp3,hum/714352b916c3d0c4_2_fa9b260531e0495b.wav
7194897d8e94272f,song/7194897d8e94272f_1_02ad05b016fc17fe.mp3,hum/7194897d8e94272f_1_b550f55fdee0bbca.wav
7194897d8e94272f,song/7194897d8e94272f_1_02ad05b016fc17fe.mp3,hum/7194897d8e94272f_1_8bd7a36a6210992a.wav
7194897d8e94272f,song/7194897d8e94272f_1_02ad05b016fc17fe.mp3,hum/7194897d8e94272f_1_08525749509cc89c.wav
7194897d8e94272f,song/7194897d8e94272f_1_02ad05b016fc17fe.mp3,hum/7194897d8e94272f_1_6a52024d1762b813.wav
7194897d8e94272f,song/7194897d8e94272f_1_02ad05b016fc17fe.mp3,hum/7194897d8e94272f_1_1ae51ffe4d4de8dd.wav
7194897d8e94272f,song/7194897d8e94272f_2_e0a9ac53b57fae45.mp3,hum/7194897d8e94272f_2_43438f6423f6f7f1.wav
7194897d8e94272f,song/7194897d8e94272f_2_e0a9ac53b57fae45.mp3,hum/7194897d8e94272f_2_a3c0928213495c45.wav
7194897d8e94272f,song/7194897d8e94272f_2_e0a9ac53b57fae45.mp3,hum/7194897d8e94272f_2_7e3f2ead613e4c7a.wav
7194897d8e94272f,song/7194897d8e94272f_2_e0a9ac53b57fae45.mp3,hum/7194897d8e94272f_2_5f1c0c0dfd819923.wav
7194897d8e94272f,song/7194897d8e94272f_2_e0a9ac53b57fae45.mp3,hum/7194897d8e94272f_2_aa8f916ee2f2a410.wav
7194897d8e94272f,song/7194897d8e94272f_3_866a16973b3a5626.mp3,hum/7194897d8e94272f_3_2065f8eca9de2ed9.wav
7194897d8e94272f,song/7194897d8e94272f_3_866a16973b3a5626.mp3,hum/7194897d8e94272f_3_1e8d02a39da6e8c1.wav
7194897d8e94272f,song/7194897d8e94272f_3_866a16973b3a5626.mp3,hum/7194897d8e94272f_3_cef918dcf24b2674.wav
7194897d8e94272f,song/7194897d8e94272f_3_866a16973b3a5626.mp3,hum/7194897d8e94272f_3_8f02259f5196ca9d.wav
7194897d8e94272f,song/7194897d8e94272f_3_866a16973b3a5626.mp3,hum/7194897d8e94272f_3_d5fa044154c9563a.wav
7209c197c4a4a7d7,song/7209c197c4a4a7d7_1_a756052eabea51f8.mp3,hum/7209c197c4a4a7d7_1_c9284fefb97df79a.wav
7209c197c4a4a7d7,song/7209c197c4a4a7d7_1_a756052eabea51f8.mp3,hum/7209c197c4a4a7d7_1_217dde7266436c93.wav
7209c197c4a4a7d7,song/7209c197c4a4a7d7_1_a756052eabea51f8.mp3,hum/7209c197c4a4a7d7_1_cf1e501cf1cdc21e.wav
7209c197c4a4a7d7,song/7209c197c4a4a7d7_1_a756052eabea51f8.mp3,hum/7209c197c4a4a7d7_1_addd643b741de84b.wav
7209c197c4a4a7d7,song/7209c197c4a4a7d7_2_add1a8742cd1b8bd.mp3,hum/7209c197c4a4a7d7_2_77ea4d4134e2f762.wav
7209c197c4a4a7d7,song/7209c197c4a4a7d7_2_add1a8742cd1b8bd.mp3,hum/7209c197c4a4a7d7_2_cc32b90873108138.wav
7209c197c4a4a7d7,song/7209c197c4a4a7d7_2_add1a8742cd1b8bd.mp3,hum/7209c197c4a4a7d7_2_71b2426c072b365b.wav
7209c197c4a4a7d7,song/7209c197c4a4a7d7_2_add1a8742cd1b8bd.mp3,hum/7209c197c4a4a7d7_2_166a3be79fab50aa.wav
75697103f49b3da0,song/75697103f49b3da0_1_766aef2bfe866a4a.mp3,hum/75697103f49b3da0_1_8dc2a3d35198908a.wav
75697103f49b3da0,song/75697103f49b3da0_1_766aef2bfe866a4a.mp3,hum/75697103f49b3da0_1_929f7aacbd639e8c.wav
75697103f49b3da0,song/75697103f49b3da0_1_766aef2bfe866a4a.mp3,hum/75697103f49b3da0_1_da7f118d31cc4ba8.wav
75697103f49b3da0,song/75697103f49b3da0_1_766aef2bfe866a4a.mp3,hum/75697103f49b3da0_1_78288c438d98e96e.wav
75697103f49b3da0,song/75697103f49b3da0_1_766aef2bfe866a4a.mp3,hum/75697103f49b3da0_1_6a5ac791883593c2.wav
75697103f49b3da0,song/75697103f49b3da0_2_4bfce8f40dccb3b3.mp3,hum/75697103f49b3da0_2_ea8771f739704f4a.wav
75697103f49b3da0,song/75697103f49b3da0_2_4bfce8f40dccb3b3.mp3,hum/75697103f49b3da0_2_e9190ed81f846631.wav
75697103f49b3da0,song/75697103f49b3da0_2_4bfce8f40dccb3b3.mp3,hum/75697103f49b3da0_2_6bcf5c1c619042da.wav
75697103f49b3da0,song/75697103f49b3da0_2_4bfce8f40dccb3b3.mp3,hum/75697103f49b3da0_2_6c7413bcec291ea9.wav
75697103f49b3da0,song/75697103f49b3da0_2_4bfce8f40dccb3b3.mp3,hum/75697103f49b3da0_2_206bc3376eae7a78.wav
77542e08d182cd0c,song/77542e08d182cd0c_1_4d49b3c38dae613e.mp3,hum/77542e08d182cd0c_1_9bb0b61894dd14b6.wav
77542e08d182cd0c,song/77542e08d182cd0c_1_4d49b3c38dae613e.mp3,hum/77542e08d182cd0c_1_352c2bc7f7d59dc5.wav
77542e08d182cd0c,song/77542e08d182cd0c_1_4d49b3c38dae613e.mp3,hum/77542e08d182cd0c_1_4762011a532b1456.wav
77542e08d182cd0c,song/77542e08d182cd0c_1_4d49b3c38dae613e.mp3,hum/77542e08d182cd0c_1_de0dd2fa6dc6c42a.wav
77542e08d182cd0c,song/77542e08d182cd0c_1_4d49b3c38dae613e.mp3,hum/77542e08d182cd0c_1_52aeb40932110091.wav
77542e08d182cd0c,song/77542e08d182cd0c_1_4d49b3c38dae613e.mp3,hum/77542e08d182cd0c_1_c6d3870e9ab4b77c.wav
77542e08d182cd0c,song/77542e08d182cd0c_1_4d49b3c38dae613e.mp3,hum/77542e08d182cd0c_1_8b4216d113385b99.wav
77542e08d182cd0c,song/77542e08d182cd0c_1_4d49b3c38dae613e.mp3,hum/77542e08d182cd0c_1_600273926637866d.wav
77542e08d182cd0c,song/77542e08d182cd0c_1_4d49b3c38dae613e.mp3,hum/77542e08d182cd0c_1_cff88094b15a5277.wav
77542e08d182cd0c,song/77542e08d182cd0c_1_4d49b3c38dae613e.mp3,hum/77542e08d182cd0c_1_4884e70996b42cc8.wav
77542e08d182cd0c,song/77542e08d182cd0c_1_4d49b3c38dae613e.mp3,hum/77542e08d182cd0c_1_29b89c91cf7ccfd1.wav
77542e08d182cd0c,song/77542e08d182cd0c_1_4d49b3c38dae613e.mp3,hum/77542e08d182cd0c_1_cebf82e0e821b6f0.wav
77542e08d182cd0c,song/77542e08d182cd0c_1_4d49b3c38dae613e.mp3,hum/77542e08d182cd0c_1_c68e63c7f5f1c95b.wav
77542e08d182cd0c,song/77542e08d182cd0c_1_4d49b3c38dae613e.mp3,hum/77542e08d182cd0c_1_4e7371ab415230c5.wav
77542e08d182cd0c,song/77542e08d182cd0c_1_4d49b3c38dae613e.mp3,hum/77542e08d182cd0c_1_b956a54effdf1de0.wav
77542e08d182cd0c,song/77542e08d182cd0c_1_4d49b3c38dae613e.mp3,hum/77542e08d182cd0c_1_e199dc2f8d2813f1.wav
77542e08d182cd0c,song/77542e08d182cd0c_1_4d49b3c38dae613e.mp3,hum/77542e08d182cd0c_1_c3c6f5fced35310c.wav
77542e08d182cd0c,song/77542e08d182cd0c_2_248eeffc41601122.mp3,hum/77542e08d182cd0c_2_5161f4efcac6801b.wav
77542e08d182cd0c,song/77542e08d182cd0c_2_248eeffc41601122.mp3,hum/77542e08d182cd0c_2_329dd4c5b93b9a8f.wav
77542e08d182cd0c,song/77542e08d182cd0c_2_248eeffc41601122.mp3,hum/77542e08d182cd0c_2_b26ca9e2ee0efc46.wav
77542e08d182cd0c,song/77542e08d182cd0c_2_248eeffc41601122.mp3,hum/77542e08d182cd0c_2_477ee2acc9eee149.wav
77542e08d182cd0c,song/77542e08d182cd0c_2_248eeffc41601122.mp3,hum/77542e08d182cd0c_2_523c8692e752c201.wav
77542e08d182cd0c,song/77542e08d182cd0c_2_248eeffc41601122.mp3,hum/77542e08d182cd0c_2_20ff5312bd7e89cc.wav
77542e08d182cd0c,song/77542e08d182cd0c_2_248eeffc41601122.mp3,hum/77542e08d182cd0c_2_53f6c14dab6f9493.wav
77542e08d182cd0c,song/77542e08d182cd0c_2_248eeffc41601122.mp3,hum/77542e08d182cd0c_2_1a5bc7b360c9464a.wav
77542e08d182cd0c,song/77542e08d182cd0c_2_248eeffc41601122.mp3,hum/77542e08d182cd0c_2_e55ed0e44fe9baa0.wav
77542e08d182cd0c,song/77542e08d182cd0c_2_248eeffc41601122.mp3,hum/77542e08d182cd0c_2_7c338574a0ac4917.wav
77542e08d182cd0c,song/77542e08d182cd0c_2_248eeffc41601122.mp3,hum/77542e08d182cd0c_2_2ead5800eb1d5392.wav
77542e08d182cd0c,song/77542e08d182cd0c_2_248eeffc41601122.mp3,hum/77542e08d182cd0c_2_2820b8a5a4368512.wav
77542e08d182cd0c,song/77542e08d182cd0c_2_248eeffc41601122.mp3,hum/77542e08d182cd0c_2_18072ce84f0a9ce0.wav
77542e08d182cd0c,song/77542e08d182cd0c_2_248eeffc41601122.mp3,hum/77542e08d182cd0c_2_2cf9ec0516ae3f76.wav
77542e08d182cd0c,song/77542e08d182cd0c_2_248eeffc41601122.mp3,hum/77542e08d182cd0c_2_76891726507363d5.wav
77542e08d182cd0c,song/77542e08d182cd0c_2_248eeffc41601122.mp3,hum/77542e08d182cd0c_2_8e3a39fc56b6abd5.wav
77542e08d182cd0c,song/77542e08d182cd0c_2_248eeffc41601122.mp3,hum/77542e08d182cd0c_2_eebb4960a22cfd9f.wav
77542e08d182cd0c,song/77542e08d182cd0c_3_0d787135beea4696.mp3,hum/77542e08d182cd0c_3_99f621679dd25fdc.wav
77542e08d182cd0c,song/77542e08d182cd0c_3_0d787135beea4696.mp3,hum/77542e08d182cd0c_3_88f1214f15722202.wav
77542e08d182cd0c,song/77542e08d182cd0c_3_0d787135beea4696.mp3,hum/77542e08d182cd0c_3_f2daf2963780c2e5.wav
77542e08d182cd0c,song/77542e08d182cd0c_3_0d787135beea4696.mp3,hum/77542e08d182cd0c_3_8762bfdd20a7824a.wav
77542e08d182cd0c,song/77542e08d182cd0c_3_0d787135beea4696.mp3,hum/77542e08d182cd0c_3_3487f857bbebfd8c.wav
77542e08d182cd0c,song/77542e08d182cd0c_3_0d787135beea4696.mp3,hum/77542e08d182cd0c_3_b22c7e001dc3c73b.wav
77542e08d182cd0c,song/77542e08d182cd0c_3_0d787135beea4696.mp3,hum/77542e08d182cd0c_3_a423d40aa9373a09.wav
777e721176e34e09,song/777e721176e34e09_1_c164fd95b328d4ea.mp3,hum/777e721176e34e09_1_3d6cc0f70b7f72cb.wav
777e721176e34e09,song/777e721176e34e09_1_c164fd95b328d4ea.mp3,hum/777e721176e34e09_1_ecb546aabb0e3515.wav
777e721176e34e09,song/777e721176e34e09_1_c164fd95b328d4ea.mp3,hum/777e721176e34e09_1_dbfd4cba6dfbbd82.wav
777e721176e34e09,song/777e721176e34e09_1_c164fd95b328d4ea.mp3,hum/777e721176e34e09_1_31d2b4ce4eaaf7f0.wav
777e721176e34e09,song/777e721176e34e09_1_c164fd95b328d4ea.mp3,hum/777e721176e34e09_1_f764ef005905e80c.wav
777e721176e34e09,song/777e721176e34e09_1_c164fd95b328d4ea.mp3,hum/777e721176e34e09_1_bafcd9c063e3d5a6.wav
777e721176e34e09,song/777e721176e34e09_1_c164fd95b328d4ea.mp3,hum/777e721176e34e09_1_96538973dbab05fa.wav
777e721176e34e09,song/777e721176e34e09_1_c164fd95b328d4ea.mp3,hum/777e721176e34e09_1_50ad5d06d5b001f3.wav
777e721176e34e09,song/777e721176e34e09_1_c164fd95b328d4ea.mp3,hum/777e721176e34e09_1_8455a49d7c5619e3.wav
777e721176e34e09,song/777e721176e34e09_1_c164fd95b328d4ea.mp3,hum/777e721176e34e09_1_8e843e4898439dcc.wav
777e721176e34e09,song/777e721176e34e09_1_c164fd95b328d4ea.mp3,hum/777e721176e34e09_1_db176c2e547f12dc.wav
777e721176e34e09,song/777e721176e34e09_1_c164fd95b328d4ea.mp3,hum/777e721176e34e09_1_633fa2232f385690.wav
777e721176e34e09,song/777e721176e34e09_1_c164fd95b328d4ea.mp3,hum/777e721176e34e09_1_6dc3d8f5ecff8645.wav
777e721176e34e09,song/777e721176e34e09_2_2208a5e685e0dfbb.mp3,hum/777e721176e34e09_2_bae2e88f41efaff4.wav
777e721176e34e09,song/777e721176e34e09_2_2208a5e685e0dfbb.mp3,hum/777e721176e34e09_2_90c22691a3f174c5.wav
777e721176e34e09,song/777e721176e34e09_2_2208a5e685e0dfbb.mp3,hum/777e721176e34e09_2_0a5c10b9be8cfadc.wav
777e721176e34e09,song/777e721176e34e09_2_2208a5e685e0dfbb.mp3,hum/777e721176e34e09_2_ada6094fcf4780c2.wav
777e721176e34e09,song/777e721176e34e09_2_2208a5e685e0dfbb.mp3,hum/777e721176e34e09_2_c45f9f5a74ab4ec4.wav
777e721176e34e09,song/777e721176e34e09_2_2208a5e685e0dfbb.mp3,hum/777e721176e34e09_2_2f7cfc871cc8da6e.wav
777e721176e34e09,song/777e721176e34e09_2_2208a5e685e0dfbb.mp3,hum/777e721176e34e09_2_4524fd5ea6675f46.wav
777e721176e34e09,song/777e721176e34e09_2_2208a5e685e0dfbb.mp3,hum/777e721176e34e09_2_8e05cd25df154cca.wav
777e721176e34e09,song/777e721176e34e09_2_2208a5e685e0dfbb.mp3,hum/777e721176e34e09_2_79d4a79f10055442.wav
777e721176e34e09,song/777e721176e34e09_2_2208a5e685e0dfbb.mp3,hum/777e721176e34e09_2_d46d7aca1031761e.wav
777e721176e34e09,song/777e721176e34e09_2_2208a5e685e0dfbb.mp3,hum/777e721176e34e09_2_490d152d288238e9.wav
777e721176e34e09,song/777e721176e34e09_2_2208a5e685e0dfbb.mp3,hum/777e721176e34e09_2_5235e91a8a99cc24.wav
777e721176e34e09,song/777e721176e34e09_2_2208a5e685e0dfbb.mp3,hum/777e721176e34e09_2_6a9ce301162cb50f.wav
777e721176e34e09,song/777e721176e34e09_3_9476318b673fbb05.mp3,hum/777e721176e34e09_3_12777492f4c9adb9.wav
777e721176e34e09,song/777e721176e34e09_3_9476318b673fbb05.mp3,hum/777e721176e34e09_3_f6da204719f8c5a3.wav
777e721176e34e09,song/777e721176e34e09_3_9476318b673fbb05.mp3,hum/777e721176e34e09_3_1e0b6ef19c84c8df.wav
777e721176e34e09,song/777e721176e34e09_3_9476318b673fbb05.mp3,hum/777e721176e34e09_3_16e6e36bd58930d3.wav
777e721176e34e09,song/777e721176e34e09_3_9476318b673fbb05.mp3,hum/777e721176e34e09_3_0b5bad2bbe5f67fb.wav
777e721176e34e09,song/777e721176e34e09_3_9476318b673fbb05.mp3,hum/777e721176e34e09_3_25148c817da45bab.wav
777e721176e34e09,song/777e721176e34e09_3_9476318b673fbb05.mp3,hum/777e721176e34e09_3_22544d084a462b58.wav
777e721176e34e09,song/777e721176e34e09_3_9476318b673fbb05.mp3,hum/777e721176e34e09_3_dce471e2919e1a4b.wav
777e721176e34e09,song/777e721176e34e09_3_9476318b673fbb05.mp3,hum/777e721176e34e09_3_a5c4a2ac4395aa43.wav
777e721176e34e09,song/777e721176e34e09_3_9476318b673fbb05.mp3,hum/777e721176e34e09_3_00f8fade9ce8d9f2.wav
777e721176e34e09,song/777e721176e34e09_3_9476318b673fbb05.mp3,hum/777e721176e34e09_3_625b98b16ded51b4.wav
777e721176e34e09,song/777e721176e34e09_3_9476318b673fbb05.mp3,hum/777e721176e34e09_3_451b846328464d65.wav
777e721176e34e09,song/777e721176e34e09_3_9476318b673fbb05.mp3,hum/777e721176e34e09_3_43bf62ccf2822006.wav
777e721176e34e09,song/777e721176e34e09_3_9476318b673fbb05.mp3,hum/777e721176e34e09_3_eac93dbd0972a0c7.wav
777e721176e34e09,song/777e721176e34e09_3_9476318b673fbb05.mp3,hum/777e721176e34e09_3_1efc0bb1a31dc5bc.wav
777e721176e34e09,song/777e721176e34e09_3_9476318b673fbb05.mp3,hum/777e721176e34e09_3_9a05eb5fb005cee2.wav
777e721176e34e09,song/777e721176e34e09_3_9476318b673fbb05.mp3,hum/777e721176e34e09_3_f2a2d3279469a548.wav
777e721176e34e09,song/777e721176e34e09_4_c9873c3220473c23.mp3,hum/777e721176e34e09_4_db381f6e059f102c.wav
777e721176e34e09,song/777e721176e34e09_4_c9873c3220473c23.mp3,hum/777e721176e34e09_4_0d6d4d7a939220ac.wav
777e721176e34e09,song/777e721176e34e09_4_c9873c3220473c23.mp3,hum/777e721176e34e09_4_e2e6cf5aa4f03002.wav
777e721176e34e09,song/777e721176e34e09_4_c9873c3220473c23.mp3,hum/777e721176e34e09_4_2ac76094245d65e1.wav
777e721176e34e09,song/777e721176e34e09_4_c9873c3220473c23.mp3,hum/777e721176e34e09_4_1f9ada8d15d70e9a.wav
777e721176e34e09,song/777e721176e34e09_4_c9873c3220473c23.mp3,hum/777e721176e34e09_4_2bdf06bc36dcc9f8.wav
777e721176e34e09,song/777e721176e34e09_4_c9873c3220473c23.mp3,hum/777e721176e34e09_4_8c3dde58770902c2.wav
777e721176e34e09,song/777e721176e34e09_4_c9873c3220473c23.mp3,hum/777e721176e34e09_4_7728c0a9989a5550.wav
777e721176e34e09,song/777e721176e34e09_4_c9873c3220473c23.mp3,hum/777e721176e34e09_4_7ca12ce53bf01ed3.wav
777e721176e34e09,song/777e721176e34e09_4_c9873c3220473c23.mp3,hum/777e721176e34e09_4_81cd67085c65bf3b.wav
777e721176e34e09,song/777e721176e34e09_4_c9873c3220473c23.mp3,hum/777e721176e34e09_4_7a3bc9dcfa772034.wav
777e721176e34e09,song/777e721176e34e09_4_c9873c3220473c23.mp3,hum/777e721176e34e09_4_66a61c191d7c8d05.wav
777e721176e34e09,song/777e721176e34e09_4_c9873c3220473c23.mp3,hum/777e721176e34e09_4_bc821ec89eea5e57.wav
777e721176e34e09,song/777e721176e34e09_4_c9873c3220473c23.mp3,hum/777e721176e34e09_4_b827d3139d07cb2b.wav
777e721176e34e09,song/777e721176e34e09_4_c9873c3220473c23.mp3,hum/777e721176e34e09_4_975955b55b878b19.wav
777e721176e34e09,song/777e721176e34e09_4_c9873c3220473c23.mp3,hum/777e721176e34e09_4_8a7b608469fbdbec.wav
777e721176e34e09,song/777e721176e34e09_4_c9873c3220473c23.mp3,hum/777e721176e34e09_4_511987c31e7702d4.wav
777e721176e34e09,song/777e721176e34e09_4_c9873c3220473c23.mp3,hum/777e721176e34e09_4_a3b477f6164e158a.wav
777e721176e34e09,song/777e721176e34e09_5_58888c50a53dea79.mp3,hum/777e721176e34e09_5_628590277ef81e45.wav
777e721176e34e09,song/777e721176e34e09_5_58888c50a53dea79.mp3,hum/777e721176e34e09_5_0520f0395879f03a.wav
777e721176e34e09,song/777e721176e34e09_5_58888c50a53dea79.mp3,hum/777e721176e34e09_5_6855f18912f55acf.wav
777e721176e34e09,song/777e721176e34e09_5_58888c50a53dea79.mp3,hum/777e721176e34e09_5_4162ac8c553c3796.wav
777e721176e34e09,song/777e721176e34e09_5_58888c50a53dea79.mp3,hum/777e721176e34e09_5_f6a57fa7d03a922b.wav
777e721176e34e09,song/777e721176e34e09_5_58888c50a53dea79.mp3,hum/777e721176e34e09_5_4520da074c81f06b.wav
777e721176e34e09,song/777e721176e34e09_5_58888c50a53dea79.mp3,hum/777e721176e34e09_5_54a8331cc1466e24.wav
777e721176e34e09,song/777e721176e34e09_5_58888c50a53dea79.mp3,hum/777e721176e34e09_5_d71bebb29eeee9b5.wav
777e721176e34e09,song/777e721176e34e09_5_58888c50a53dea79.mp3,hum/777e721176e34e09_5_f0684d484b56116c.wav
777e721176e34e09,song/777e721176e34e09_5_58888c50a53dea79.mp3,hum/777e721176e34e09_5_21f98541987e4d7f.wav
777e721176e34e09,song/777e721176e34e09_5_58888c50a53dea79.mp3,hum/777e721176e34e09_5_05e48a0f4cb8a741.wav
777e721176e34e09,song/777e721176e34e09_5_58888c50a53dea79.mp3,hum/777e721176e34e09_5_f0bb9ee93cd04ca2.wav
777e721176e34e09,song/777e721176e34e09_5_58888c50a53dea79.mp3,hum/777e721176e34e09_5_5eae51af07ccd4d2.wav
77cc250bd0dc4c2b,song/77cc250bd0dc4c2b_1_e3f6609557e7287d.mp3,hum/77cc250bd0dc4c2b_1_eda3924de4edc9e4.wav
77cc250bd0dc4c2b,song/77cc250bd0dc4c2b_1_e3f6609557e7287d.mp3,hum/77cc250bd0dc4c2b_1_53732ea94cb0a297.wav
77cc250bd0dc4c2b,song/77cc250bd0dc4c2b_1_e3f6609557e7287d.mp3,hum/77cc250bd0dc4c2b_1_cf0c60153f0d7682.wav
77cc250bd0dc4c2b,song/77cc250bd0dc4c2b_1_e3f6609557e7287d.mp3,hum/77cc250bd0dc4c2b_1_307235717efde86f.wav
77cc250bd0dc4c2b,song/77cc250bd0dc4c2b_1_e3f6609557e7287d.mp3,hum/77cc250bd0dc4c2b_1_0e7467bccfd0a015.wav
77cc250bd0dc4c2b,song/77cc250bd0dc4c2b_2_2a9d60e9779fb8ef.mp3,hum/77cc250bd0dc4c2b_2_af937598e7423375.wav
77cc250bd0dc4c2b,song/77cc250bd0dc4c2b_2_2a9d60e9779fb8ef.mp3,hum/77cc250bd0dc4c2b_2_98993ab85aa1aa98.wav
77cc250bd0dc4c2b,song/77cc250bd0dc4c2b_2_2a9d60e9779fb8ef.mp3,hum/77cc250bd0dc4c2b_2_231d2b89fab37020.wav
77cc250bd0dc4c2b,song/77cc250bd0dc4c2b_2_2a9d60e9779fb8ef.mp3,hum/77cc250bd0dc4c2b_2_21b0bfd9672c6873.wav
77cc250bd0dc4c2b,song/77cc250bd0dc4c2b_2_2a9d60e9779fb8ef.mp3,hum/77cc250bd0dc4c2b_2_02078f32de5a6d63.wav
78df443689efe035,song/78df443689efe035_1_77802bd2b012de2a.mp3,hum/78df443689efe035_1_6eff27d09e85c143.wav
78df443689efe035,song/78df443689efe035_1_77802bd2b012de2a.mp3,hum/78df443689efe035_1_a561be371bde3bdc.wav
78df443689efe035,song/78df443689efe035_1_77802bd2b012de2a.mp3,hum/78df443689efe035_1_ec23af70c7709b9f.wav
78df443689efe035,song/78df443689efe035_1_77802bd2b012de2a.mp3,hum/78df443689efe035_1_6dab88cf0415a56a.wav
78df443689efe035,song/78df443689efe035_1_77802bd2b012de2a.mp3,hum/78df443689efe035_1_a78b88f8b13b0509.wav
78df443689efe035,song/78df443689efe035_1_77802bd2b012de2a.mp3,hum/78df443689efe035_1_7cbc1cec27492754.wav
78df443689efe035,song/78df443689efe035_1_77802bd2b012de2a.mp3,hum/78df443689efe035_1_e1df3512ccdc3c52.wav
78df443689efe035,song/78df443689efe035_1_77802bd2b012de2a.mp3,hum/78df443689efe035_1_7a7c6a2130c5f187.wav
78df443689efe035,song/78df443689efe035_1_77802bd2b012de2a.mp3,hum/78df443689efe035_1_7abeec8eb601a26e.wav
78df443689efe035,song/78df443689efe035_1_77802bd2b012de2a.mp3,hum/78df443689efe035_1_285490ddd5fbabe7.wav
78df443689efe035,song/78df443689efe035_1_77802bd2b012de2a.mp3,hum/78df443689efe035_1_9c881fc58642f89b.wav
78df443689efe035,song/78df443689efe035_1_77802bd2b012de2a.mp3,hum/78df443689efe035_1_aeafb2042caded5e.wav
78df443689efe035,song/78df443689efe035_1_77802bd2b012de2a.mp3,hum/78df443689efe035_1_941dea44b345929a.wav
78df443689efe035,song/78df443689efe035_1_77802bd2b012de2a.mp3,hum/78df443689efe035_1_4cfdc780c09cf4ed.wav
78df443689efe035,song/78df443689efe035_1_77802bd2b012de2a.mp3,hum/78df443689efe035_1_ae851f797c2ed216.wav
78df443689efe035,song/78df443689efe035_2_8e1c041b38961ecc.mp3,hum/78df443689efe035_2_5d892b1a91de3d91.wav
78df443689efe035,song/78df443689efe035_2_8e1c041b38961ecc.mp3,hum/78df443689efe035_2_a8a213cec07c143a.wav
78df443689efe035,song/78df443689efe035_2_8e1c041b38961ecc.mp3,hum/78df443689efe035_2_b1497d7075a41c08.wav
78df443689efe035,song/78df443689efe035_2_8e1c041b38961ecc.mp3,hum/78df443689efe035_2_dc243f4fded8d636.wav
78df443689efe035,song/78df443689efe035_2_8e1c041b38961ecc.mp3,hum/78df443689efe035_2_2087dc94b284ce4a.wav
78df443689efe035,song/78df443689efe035_2_8e1c041b38961ecc.mp3,hum/78df443689efe035_2_e73676ed49cc2b7a.wav
78df443689efe035,song/78df443689efe035_2_8e1c041b38961ecc.mp3,hum/78df443689efe035_2_49f8d35dcc3fda47.wav
78df443689efe035,song/78df443689efe035_2_8e1c041b38961ecc.mp3,hum/78df443689efe035_2_f90459212c2b5244.wav
78df443689efe035,song/78df443689efe035_2_8e1c041b38961ecc.mp3,hum/78df443689efe035_2_54ef450c477333d3.wav
78df443689efe035,song/78df443689efe035_2_8e1c041b38961ecc.mp3,hum/78df443689efe035_2_0b57fd5617de67b3.wav
78df443689efe035,song/78df443689efe035_2_8e1c041b38961ecc.mp3,hum/78df443689efe035_2_3025b8ed93ae4754.wav
78df443689efe035,song/78df443689efe035_2_8e1c041b38961ecc.mp3,hum/78df443689efe035_2_236946db6dcf2a2b.wav
78df443689efe035,song/78df443689efe035_2_8e1c041b38961ecc.mp3,hum/78df443689efe035_2_b86cc0d90525a50d.wav
78df443689efe035,song/78df443689efe035_2_8e1c041b38961ecc.mp3,hum/78df443689efe035_2_973ee5da67532105.wav
78df443689efe035,song/78df443689efe035_2_8e1c041b38961ecc.mp3,hum/78df443689efe035_2_56c1b730cea5bad9.wav
78df443689efe035,song/78df443689efe035_2_8e1c041b38961ecc.mp3,hum/78df443689efe035_2_dcee33825bb4615f.wav
78df443689efe035,song/78df443689efe035_2_8e1c041b38961ecc.mp3,hum/78df443689efe035_2_7628e520fa131b6f.wav
78df443689efe035,song/78df443689efe035_2_8e1c041b38961ecc.mp3,hum/78df443689efe035_2_7c97b4220e7bf325.wav
78df443689efe035,song/78df443689efe035_2_8e1c041b38961ecc.mp3,hum/78df443689efe035_2_a6108316cec1ecdd.wav
78df443689efe035,song/78df443689efe035_2_8e1c041b38961ecc.mp3,hum/78df443689efe035_2_9c58e58382f436ac.wav
78df443689efe035,song/78df443689efe035_2_8e1c041b38961ecc.mp3,hum/78df443689efe035_2_c3fa7b002c01fc8b.wav
78df443689efe035,song/78df443689efe035_2_8e1c041b38961ecc.mp3,hum/78df443689efe035_2_1e033f0037dad081.wav
78df443689efe035,song/78df443689efe035_3_b1deacbbe21cfbec.mp3,hum/78df443689efe035_3_666935388218b0e6.wav
78df443689efe035,song/78df443689efe035_3_b1deacbbe21cfbec.mp3,hum/78df443689efe035_3_b716c5ff17dee01c.wav
78df443689efe035,song/78df443689efe035_3_b1deacbbe21cfbec.mp3,hum/78df443689efe035_3_d540804856f9301a.wav
78df443689efe035,song/78df443689efe035_3_b1deacbbe21cfbec.mp3,hum/78df443689efe035_3_ec89c254f63eaf0f.wav
78df443689efe035,song/78df443689efe035_3_b1deacbbe21cfbec.mp3,hum/78df443689efe035_3_fea87f2a8f4fd793.wav
78df443689efe035,song/78df443689efe035_3_b1deacbbe21cfbec.mp3,hum/78df443689efe035_3_44b12da610a916dd.wav
78df443689efe035,song/78df443689efe035_3_b1deacbbe21cfbec.mp3,hum/78df443689efe035_3_53f56cc3a2ef9879.wav
78df443689efe035,song/78df443689efe035_3_b1deacbbe21cfbec.mp3,hum/78df443689efe035_3_3fcdd9c18e543206.wav
78df443689efe035,song/78df443689efe035_3_b1deacbbe21cfbec.mp3,hum/78df443689efe035_3_027555b743ce57d0.wav
78df443689efe035,song/78df443689efe035_3_b1deacbbe21cfbec.mp3,hum/78df443689efe035_3_22a4a2856e434c51.wav
78df443689efe035,song/78df443689efe035_3_b1deacbbe21cfbec.mp3,hum/78df443689efe035_3_93727011f3839c7f.wav
78df443689efe035,song/78df443689efe035_3_b1deacbbe21cfbec.mp3,hum/78df443689efe035_3_0695899f9baf90d7.wav
78df443689efe035,song/78df443689efe035_3_b1deacbbe21cfbec.mp3,hum/78df443689efe035_3_ad47d199cb3b7cf8.wav
78df443689efe035,song/78df443689efe035_3_b1deacbbe21cfbec.mp3,hum/78df443689efe035_3_baf5c59be15501ee.wav
78df443689efe035,song/78df443689efe035_3_b1deacbbe21cfbec.mp3,hum/78df443689efe035_3_a585cc90dfea4a0e.wav
790cbbf731c8ff67,song/790cbbf731c8ff67_1_0c88b45c9ad1f2e6.mp3,hum/790cbbf731c8ff67_1_4d6f71afca201349.wav
790cbbf731c8ff67,song/790cbbf731c8ff67_1_0c88b45c9ad1f2e6.mp3,hum/790cbbf731c8ff67_1_7a5dc39187504b86.wav
790cbbf731c8ff67,song/790cbbf731c8ff67_1_0c88b45c9ad1f2e6.mp3,hum/790cbbf731c8ff67_1_ef10c47ac01f2f36.wav
790cbbf731c8ff67,song/790cbbf731c8ff67_1_0c88b45c9ad1f2e6.mp3,hum/790cbbf731c8ff67_1_b9ac3665d804d36e.wav
790cbbf731c8ff67,song/790cbbf731c8ff67_1_0c88b45c9ad1f2e6.mp3,hum/790cbbf731c8ff67_1_5e9b90e817465fce.wav
790cbbf731c8ff67,song/790cbbf731c8ff67_2_e6a7bb16a2cf5569.mp3,hum/790cbbf731c8ff67_2_22d28e660113f8e5.wav
790cbbf731c8ff67,song/790cbbf731c8ff67_2_e6a7bb16a2cf5569.mp3,hum/790cbbf731c8ff67_2_d0c24d62d0513b78.wav
790cbbf731c8ff67,song/790cbbf731c8ff67_2_e6a7bb16a2cf5569.mp3,hum/790cbbf731c8ff67_2_27da7f4df41bca31.wav
790cbbf731c8ff67,song/790cbbf731c8ff67_2_e6a7bb16a2cf5569.mp3,hum/790cbbf731c8ff67_2_3b85596fc6f98512.wav
790cbbf731c8ff67,song/790cbbf731c8ff67_2_e6a7bb16a2cf5569.mp3,hum/790cbbf731c8ff67_2_abbd65e83deaf01d.wav
790cbbf731c8ff67,song/790cbbf731c8ff67_3_4a9fd43a379f7d76.mp3,hum/790cbbf731c8ff67_3_510556f5f71de21a.wav
790cbbf731c8ff67,song/790cbbf731c8ff67_3_4a9fd43a379f7d76.mp3,hum/790cbbf731c8ff67_3_5bfc46d10d493936.wav
790cbbf731c8ff67,song/790cbbf731c8ff67_3_4a9fd43a379f7d76.mp3,hum/790cbbf731c8ff67_3_88886531488b0ef7.wav
790cbbf731c8ff67,song/790cbbf731c8ff67_3_4a9fd43a379f7d76.mp3,hum/790cbbf731c8ff67_3_20f7e3a130260a38.wav
790cbbf731c8ff67,song/790cbbf731c8ff67_3_4a9fd43a379f7d76.mp3,hum/790cbbf731c8ff67_3_e7022d018618c225.wav
790cbbf731c8ff67,song/790cbbf731c8ff67_4_d4754298acd01a49.mp3,hum/790cbbf731c8ff67_4_3cafc42c840db758.wav
790cbbf731c8ff67,song/790cbbf731c8ff67_4_d4754298acd01a49.mp3,hum/790cbbf731c8ff67_4_42202e149cbf378e.wav
790cbbf731c8ff67,song/790cbbf731c8ff67_4_d4754298acd01a49.mp3,hum/790cbbf731c8ff67_4_d4b5d6d554150baa.wav
790cbbf731c8ff67,song/790cbbf731c8ff67_4_d4754298acd01a49.mp3,hum/790cbbf731c8ff67_4_bbff931b4292737c.wav
790cbbf731c8ff67,song/790cbbf731c8ff67_4_d4754298acd01a49.mp3,hum/790cbbf731c8ff67_4_c45b7b10f244349a.wav
79ebb41cdb81b350,song/79ebb41cdb81b350_1_d9c14508db045442.mp3,hum/79ebb41cdb81b350_1_5297d260a08af64c.wav
79ebb41cdb81b350,song/79ebb41cdb81b350_1_d9c14508db045442.mp3,hum/79ebb41cdb81b350_1_191c1e6937a4390e.wav
79ebb41cdb81b350,song/79ebb41cdb81b350_1_d9c14508db045442.mp3,hum/79ebb41cdb81b350_1_873bf8882a7bbb73.wav
79ebb41cdb81b350,song/79ebb41cdb81b350_1_d9c14508db045442.mp3,hum/79ebb41cdb81b350_1_943cdc68060135eb.wav
79ebb41cdb81b350,song/79ebb41cdb81b350_1_d9c14508db045442.mp3,hum/79ebb41cdb81b350_1_08994369217e8581.wav
79ebb41cdb81b350,song/79ebb41cdb81b350_1_d9c14508db045442.mp3,hum/79ebb41cdb81b350_1_8f4ea9a8e30be584.wav
79ebb41cdb81b350,song/79ebb41cdb81b350_1_d9c14508db045442.mp3,hum/79ebb41cdb81b350_1_0635e0f6b40d846e.wav
79ebb41cdb81b350,song/79ebb41cdb81b350_1_d9c14508db045442.mp3,hum/79ebb41cdb81b350_1_9862354231e60316.wav
79ebb41cdb81b350,song/79ebb41cdb81b350_1_d9c14508db045442.mp3,hum/79ebb41cdb81b350_1_74852cf4bd59366e.wav
79ebb41cdb81b350,song/79ebb41cdb81b350_1_d9c14508db045442.mp3,hum/79ebb41cdb81b350_1_c849a7efa929fe34.wav
79ebb41cdb81b350,song/79ebb41cdb81b350_1_d9c14508db045442.mp3,hum/79ebb41cdb81b350_1_8cded5576d0387d1.wav
79ebb41cdb81b350,song/79ebb41cdb81b350_1_d9c14508db045442.mp3,hum/79ebb41cdb81b350_1_139c4e8df8bd81b3.wav
79ebb41cdb81b350,song/79ebb41cdb81b350_1_d9c14508db045442.mp3,hum/79ebb41cdb81b350_1_6bada9f7739edf59.wav
79ebb41cdb81b350,song/79ebb41cdb81b350_1_d9c14508db045442.mp3,hum/79ebb41cdb81b350_1_8430c650097fd9de.wav
79ebb41cdb81b350,song/79ebb41cdb81b350_1_d9c14508db045442.mp3,hum/79ebb41cdb81b350_1_e415387da01636ee.wav
79ebb41cdb81b350,song/79ebb41cdb81b350_1_d9c14508db045442.mp3,hum/79ebb41cdb81b350_1_82c2d94cf3c12da8.wav
79ebb41cdb81b350,song/79ebb41cdb81b350_1_d9c14508db045442.mp3,hum/79ebb41cdb81b350_1_64fcb9f2606ab612.wav
79ebb41cdb81b350,song/79ebb41cdb81b350_1_d9c14508db045442.mp3,hum/79ebb41cdb81b350_1_961e1a9711c06b47.wav
79ebb41cdb81b350,song/79ebb41cdb81b350_1_d9c14508db045442.mp3,hum/79ebb41cdb81b350_1_93367c60e263eea7.wav
79ebb41cdb81b350,song/79ebb41cdb81b350_1_d9c14508db045442.mp3,hum/79ebb41cdb81b350_1_b98e51f7c1c2096c.wav
79ebb41cdb81b350,song/79ebb41cdb81b350_1_d9c14508db045442.mp3,hum/79ebb41cdb81b350_1_5d7c9ed378ba6f4a.wav
7ab7766c4a85ad50,song/7ab7766c4a85ad50_1_2a0ae787f35ed253.mp3,hum/7ab7766c4a85ad50_1_7e4e907f3a65a821.wav
7ab7766c4a85ad50,song/7ab7766c4a85ad50_1_2a0ae787f35ed253.mp3,hum/7ab7766c4a85ad50_1_2747e4381562c1ad.wav
7ab7766c4a85ad50,song/7ab7766c4a85ad50_1_2a0ae787f35ed253.mp3,hum/7ab7766c4a85ad50_1_9b733f6bdffd21cf.wav
7ab7766c4a85ad50,song/7ab7766c4a85ad50_1_2a0ae787f35ed253.mp3,hum/7ab7766c4a85ad50_1_be54c62cedc9591b.wav
7ab7766c4a85ad50,song/7ab7766c4a85ad50_1_2a0ae787f35ed253.mp3,hum/7ab7766c4a85ad50_1_c8f211bf97d38ddb.wav
7ab7766c4a85ad50,song/7ab7766c4a85ad50_1_2a0ae787f35ed253.mp3,hum/7ab7766c4a85ad50_1_23d5d4704a1b447d.wav
7ab7766c4a85ad50,song/7ab7766c4a85ad50_1_2a0ae787f35ed253.mp3,hum/7ab7766c4a85ad50_1_e68a1a2841100190.wav
7ab7766c4a85ad50,song/7ab7766c4a85ad50_1_2a0ae787f35ed253.mp3,hum/7ab7766c4a85ad50_1_692fec9197d0a2e9.wav
7ab7766c4a85ad50,song/7ab7766c4a85ad50_1_2a0ae787f35ed253.mp3,hum/7ab7766c4a85ad50_1_c246ba03669c2474.wav
7ab7766c4a85ad50,song/7ab7766c4a85ad50_1_2a0ae787f35ed253.mp3,hum/7ab7766c4a85ad50_1_998ce45610e3e433.wav
7ab7766c4a85ad50,song/7ab7766c4a85ad50_1_2a0ae787f35ed253.mp3,hum/7ab7766c4a85ad50_1_4a1dfbd69c170c32.wav
7aca09a7d0af1a98,song/7aca09a7d0af1a98_1_84ffae19e19e71ff.mp3,hum/7aca09a7d0af1a98_1_34717c6ad2f80c8d.wav
7aca09a7d0af1a98,song/7aca09a7d0af1a98_1_84ffae19e19e71ff.mp3,hum/7aca09a7d0af1a98_1_6f61f24027ff808c.wav
7aca09a7d0af1a98,song/7aca09a7d0af1a98_1_84ffae19e19e71ff.mp3,hum/7aca09a7d0af1a98_1_e31a5988d6d53c0e.wav
7aca09a7d0af1a98,song/7aca09a7d0af1a98_1_84ffae19e19e71ff.mp3,hum/7aca09a7d0af1a98_1_547f1399be542d09.wav
7aca09a7d0af1a98,song/7aca09a7d0af1a98_2_d3666dca539c2c3b.mp3,hum/7aca09a7d0af1a98_2_ccccbd4ab3dcabe5.wav
7aca09a7d0af1a98,song/7aca09a7d0af1a98_2_d3666dca539c2c3b.mp3,hum/7aca09a7d0af1a98_2_84c126589d7997df.wav
7aca09a7d0af1a98,song/7aca09a7d0af1a98_2_d3666dca539c2c3b.mp3,hum/7aca09a7d0af1a98_2_72657f86ebfa245d.wav
7aca09a7d0af1a98,song/7aca09a7d0af1a98_2_d3666dca539c2c3b.mp3,hum/7aca09a7d0af1a98_2_1f265a4c6ed461bc.wav
7aca09a7d0af1a98,song/7aca09a7d0af1a98_3_df1a893670728ac4.mp3,hum/7aca09a7d0af1a98_3_1e1f36e90dded105.wav
7aca09a7d0af1a98,song/7aca09a7d0af1a98_3_df1a893670728ac4.mp3,hum/7aca09a7d0af1a98_3_248c0eb7fd7e4ccf.wav
7aca09a7d0af1a98,song/7aca09a7d0af1a98_3_df1a893670728ac4.mp3,hum/7aca09a7d0af1a98_3_35cfd8eb876ac6f8.wav
7aca09a7d0af1a98,song/7aca09a7d0af1a98_3_df1a893670728ac4.mp3,hum/7aca09a7d0af1a98_3_3c932066cc3e2ccd.wav
7b53db016956f66a,song/7b53db016956f66a_1_a179a8d8b9f7424f.mp3,hum/7b53db016956f66a_1_175e256a2a6ec675.wav
7b53db016956f66a,song/7b53db016956f66a_1_a179a8d8b9f7424f.mp3,hum/7b53db016956f66a_1_1193f460c44511ea.wav
7b53db016956f66a,song/7b53db016956f66a_1_a179a8d8b9f7424f.mp3,hum/7b53db016956f66a_1_1fdbd9da6bc74586.wav
7b53db016956f66a,song/7b53db016956f66a_1_a179a8d8b9f7424f.mp3,hum/7b53db016956f66a_1_0cfa48148847691d.wav
7b53db016956f66a,song/7b53db016956f66a_1_a179a8d8b9f7424f.mp3,hum/7b53db016956f66a_1_95d53ba33eac8d67.wav
7b53db016956f66a,song/7b53db016956f66a_2_cc59b504c298cb42.mp3,hum/7b53db016956f66a_2_83ccd1c14d00c745.wav
7b53db016956f66a,song/7b53db016956f66a_2_cc59b504c298cb42.mp3,hum/7b53db016956f66a_2_5ed797835dcb800c.wav
7b53db016956f66a,song/7b53db016956f66a_2_cc59b504c298cb42.mp3,hum/7b53db016956f66a_2_c0f6ca5fbb2c6318.wav
7b53db016956f66a,song/7b53db016956f66a_2_cc59b504c298cb42.mp3,hum/7b53db016956f66a_2_d48170c3e510e26f.wav
7b53db016956f66a,song/7b53db016956f66a_2_cc59b504c298cb42.mp3,hum/7b53db016956f66a_2_a975da25bfeb5bb8.wav
7bc11238e392d0fe,song/7bc11238e392d0fe_1_41c71322973528bc.mp3,hum/7bc11238e392d0fe_1_914037e707610c61.wav
7bc11238e392d0fe,song/7bc11238e392d0fe_1_41c71322973528bc.mp3,hum/7bc11238e392d0fe_1_dd6cfbe315938658.wav
7bc11238e392d0fe,song/7bc11238e392d0fe_1_41c71322973528bc.mp3,hum/7bc11238e392d0fe_1_01f2293183b6eaa8.wav
7bc11238e392d0fe,song/7bc11238e392d0fe_1_41c71322973528bc.mp3,hum/7bc11238e392d0fe_1_abd5a1f0e208cc1d.wav
7bc11238e392d0fe,song/7bc11238e392d0fe_1_41c71322973528bc.mp3,hum/7bc11238e392d0fe_1_e53da23ffcc8a0be.wav
7bc11238e392d0fe,song/7bc11238e392d0fe_2_51bb6158165740d9.mp3,hum/7bc11238e392d0fe_2_1a1b7c8cfedb89ba.wav
7bc11238e392d0fe,song/7bc11238e392d0fe_2_51bb6158165740d9.mp3,hum/7bc11238e392d0fe_2_e2f6de650e62983e.wav
7bc11238e392d0fe,song/7bc11238e392d0fe_2_51bb6158165740d9.mp3,hum/7bc11238e392d0fe_2_8271f89bae7c6a9b.wav
7bc11238e392d0fe,song/7bc11238e392d0fe_2_51bb6158165740d9.mp3,hum/7bc11238e392d0fe_2_918c4907723435ec.wav
7bc11238e392d0fe,song/7bc11238e392d0fe_2_51bb6158165740d9.mp3,hum/7bc11238e392d0fe_2_4cb25866b9d17873.wav
7bdc893e4b33962c,song/7bdc893e4b33962c_1_9e30290886d24b52.mp3,hum/7bdc893e4b33962c_1_5566fa050b31e84d.wav
7bdc893e4b33962c,song/7bdc893e4b33962c_1_9e30290886d24b52.mp3,hum/7bdc893e4b33962c_1_baef4662d96d8a66.wav
7bdc893e4b33962c,song/7bdc893e4b33962c_1_9e30290886d24b52.mp3,hum/7bdc893e4b33962c_1_d4670528d06e1004.wav
7bdc893e4b33962c,song/7bdc893e4b33962c_1_9e30290886d24b52.mp3,hum/7bdc893e4b33962c_1_5418e9f48dc45ea8.wav
7bdc893e4b33962c,song/7bdc893e4b33962c_1_9e30290886d24b52.mp3,hum/7bdc893e4b33962c_1_bf1a2f5606dc494e.wav
7bdc893e4b33962c,song/7bdc893e4b33962c_1_9e30290886d24b52.mp3,hum/7bdc893e4b33962c_1_b187d4a1461c7dbc.wav
7bdc893e4b33962c,song/7bdc893e4b33962c_1_9e30290886d24b52.mp3,hum/7bdc893e4b33962c_1_113a2cf58c5487a4.wav
7bdc893e4b33962c,song/7bdc893e4b33962c_1_9e30290886d24b52.mp3,hum/7bdc893e4b33962c_1_59c60b9ed1b220a6.wav
7bdc893e4b33962c,song/7bdc893e4b33962c_1_9e30290886d24b52.mp3,hum/7bdc893e4b33962c_1_56a1f0cea8639329.wav
7bdc893e4b33962c,song/7bdc893e4b33962c_1_9e30290886d24b52.mp3,hum/7bdc893e4b33962c_1_9b0ab9a8da6fa7a5.wav
7bdc893e4b33962c,song/7bdc893e4b33962c_1_9e30290886d24b52.mp3,hum/7bdc893e4b33962c_1_2b6b58600a2babec.wav
7bdc893e4b33962c,song/7bdc893e4b33962c_1_9e30290886d24b52.mp3,hum/7bdc893e4b33962c_1_55947d5876db2b67.wav
7bdc893e4b33962c,song/7bdc893e4b33962c_1_9e30290886d24b52.mp3,hum/7bdc893e4b33962c_1_f1377b7ca17a7573.wav
7bdc893e4b33962c,song/7bdc893e4b33962c_1_9e30290886d24b52.mp3,hum/7bdc893e4b33962c_1_fea7329fccf0a3c7.wav
7bdc893e4b33962c,song/7bdc893e4b33962c_1_9e30290886d24b52.mp3,hum/7bdc893e4b33962c_1_8786afb98145bc97.wav
7bdc893e4b33962c,song/7bdc893e4b33962c_1_9e30290886d24b52.mp3,hum/7bdc893e4b33962c_1_67577cf0627a586d.wav
7bdc893e4b33962c,song/7bdc893e4b33962c_1_9e30290886d24b52.mp3,hum/7bdc893e4b33962c_1_bacb4d95f61bcd2f.wav
7bf1a849de4fc963,song/7bf1a849de4fc963_1_f8683fe01147b7b9.mp3,hum/7bf1a849de4fc963_1_35ea7ae760ea7c0f.wav
7bf1a849de4fc963,song/7bf1a849de4fc963_1_f8683fe01147b7b9.mp3,hum/7bf1a849de4fc963_1_7fb85a361eb6d8b3.wav
7bf1a849de4fc963,song/7bf1a849de4fc963_1_f8683fe01147b7b9.mp3,hum/7bf1a849de4fc963_1_d55c95560fb3f1b6.wav
7bf1a849de4fc963,song/7bf1a849de4fc963_1_f8683fe01147b7b9.mp3,hum/7bf1a849de4fc963_1_bf7190b5a438d0c6.wav
7bf1a849de4fc963,song/7bf1a849de4fc963_1_f8683fe01147b7b9.mp3,hum/7bf1a849de4fc963_1_c09a0b045fb90814.wav
7bf1a849de4fc963,song/7bf1a849de4fc963_1_f8683fe01147b7b9.mp3,hum/7bf1a849de4fc963_1_d3dfc0a27d46b7ec.wav
7bf1a849de4fc963,song/7bf1a849de4fc963_1_f8683fe01147b7b9.mp3,hum/7bf1a849de4fc963_1_a0b13456c8292a21.wav
7bf1a849de4fc963,song/7bf1a849de4fc963_1_f8683fe01147b7b9.mp3,hum/7bf1a849de4fc963_1_b13ec58c0320ab47.wav
7bf1a849de4fc963,song/7bf1a849de4fc963_1_f8683fe01147b7b9.mp3,hum/7bf1a849de4fc963_1_4ed01e5bbfd1d1bd.wav
7bf1a849de4fc963,song/7bf1a849de4fc963_1_f8683fe01147b7b9.mp3,hum/7bf1a849de4fc963_1_d3e881a79d439e22.wav
7bf1a849de4fc963,song/7bf1a849de4fc963_1_f8683fe01147b7b9.mp3,hum/7bf1a849de4fc963_1_7fb53a30cfebed23.wav
7bf1a849de4fc963,song/7bf1a849de4fc963_2_aef93d3a20592d53.mp3,hum/7bf1a849de4fc963_2_f0575a4105e2a510.wav
7bf1a849de4fc963,song/7bf1a849de4fc963_2_aef93d3a20592d53.mp3,hum/7bf1a849de4fc963_2_cf6901de37074bc5.wav
7bf1a849de4fc963,song/7bf1a849de4fc963_2_aef93d3a20592d53.mp3,hum/7bf1a849de4fc963_2_3bab87dd00f0facb.wav
7bf1a849de4fc963,song/7bf1a849de4fc963_2_aef93d3a20592d53.mp3,hum/7bf1a849de4fc963_2_e8c2b07a7f55571c.wav
7bf1a849de4fc963,song/7bf1a849de4fc963_2_aef93d3a20592d53.mp3,hum/7bf1a849de4fc963_2_4aaf1b5baa73a327.wav
7bf1a849de4fc963,song/7bf1a849de4fc963_2_aef93d3a20592d53.mp3,hum/7bf1a849de4fc963_2_f39ecf7da26aa31b.wav
7bf1a849de4fc963,song/7bf1a849de4fc963_2_aef93d3a20592d53.mp3,hum/7bf1a849de4fc963_2_99caf9fd522c9a0a.wav
7bf1a849de4fc963,song/7bf1a849de4fc963_2_aef93d3a20592d53.mp3,hum/7bf1a849de4fc963_2_e96085cbbed12220.wav
7cdec4d651d13e21,song/7cdec4d651d13e21_1_61fe732d5a36a949.mp3,hum/7cdec4d651d13e21_1_b582b45d5c628d2d.wav
7cdec4d651d13e21,song/7cdec4d651d13e21_1_61fe732d5a36a949.mp3,hum/7cdec4d651d13e21_1_ed107b320d33fb10.wav
7cdec4d651d13e21,song/7cdec4d651d13e21_1_61fe732d5a36a949.mp3,hum/7cdec4d651d13e21_1_9e45baa80453a5b7.wav
7cdec4d651d13e21,song/7cdec4d651d13e21_1_61fe732d5a36a949.mp3,hum/7cdec4d651d13e21_1_14920866cd73d247.wav
7cdec4d651d13e21,song/7cdec4d651d13e21_1_61fe732d5a36a949.mp3,hum/7cdec4d651d13e21_1_7307a4567cfb4080.wav
7cdec4d651d13e21,song/7cdec4d651d13e21_2_80487a7af8303a08.mp3,hum/7cdec4d651d13e21_2_8c57906f153d1563.wav
7cdec4d651d13e21,song/7cdec4d651d13e21_2_80487a7af8303a08.mp3,hum/7cdec4d651d13e21_2_6f63e876c3fc9cb9.wav
7cdec4d651d13e21,song/7cdec4d651d13e21_2_80487a7af8303a08.mp3,hum/7cdec4d651d13e21_2_b6078478c9eafb79.wav
7cdec4d651d13e21,song/7cdec4d651d13e21_2_80487a7af8303a08.mp3,hum/7cdec4d651d13e21_2_0e72f13566d6bf05.wav
7cdec4d651d13e21,song/7cdec4d651d13e21_2_80487a7af8303a08.mp3,hum/7cdec4d651d13e21_2_91317fe882be6a88.wav
7d8f79ef3f478a5d,song/7d8f79ef3f478a5d_1_c2f06bc56f341890.mp3,hum/7d8f79ef3f478a5d_1_0bb7f6a8760d0e3a.wav
7d8f79ef3f478a5d,song/7d8f79ef3f478a5d_1_c2f06bc56f341890.mp3,hum/7d8f79ef3f478a5d_1_040796419b76cf41.wav
7d8f79ef3f478a5d,song/7d8f79ef3f478a5d_1_c2f06bc56f341890.mp3,hum/7d8f79ef3f478a5d_1_b05bff74205aa5a5.wav
7d8f79ef3f478a5d,song/7d8f79ef3f478a5d_1_c2f06bc56f341890.mp3,hum/7d8f79ef3f478a5d_1_c3ca16c8279365e8.wav
7d8f79ef3f478a5d,song/7d8f79ef3f478a5d_1_c2f06bc56f341890.mp3,hum/7d8f79ef3f478a5d_1_7c2870aaeaa629be.wav
7d8f79ef3f478a5d,song/7d8f79ef3f478a5d_2_ef1ac7b3dafcd626.mp3,hum/7d8f79ef3f478a5d_2_d09beaeadc29e73d.wav
7d8f79ef3f478a5d,song/7d8f79ef3f478a5d_2_ef1ac7b3dafcd626.mp3,hum/7d8f79ef3f478a5d_2_cadd881897355ff6.wav
7d8f79ef3f478a5d,song/7d8f79ef3f478a5d_2_ef1ac7b3dafcd626.mp3,hum/7d8f79ef3f478a5d_2_d06d498a01dbecd7.wav
7d8f79ef3f478a5d,song/7d8f79ef3f478a5d_2_ef1ac7b3dafcd626.mp3,hum/7d8f79ef3f478a5d_2_eaf998f00fd6aff5.wav
7d8f79ef3f478a5d,song/7d8f79ef3f478a5d_2_ef1ac7b3dafcd626.mp3,hum/7d8f79ef3f478a5d_2_a4a1ec111f9c4b68.wav
7d8f79ef3f478a5d,song/7d8f79ef3f478a5d_3_26e11ff4a3d00fee.mp3,hum/7d8f79ef3f478a5d_3_d7c362a5d9da861e.wav
7d8f79ef3f478a5d,song/7d8f79ef3f478a5d_3_26e11ff4a3d00fee.mp3,hum/7d8f79ef3f478a5d_3_86a909911aa3d07e.wav
7d8f79ef3f478a5d,song/7d8f79ef3f478a5d_3_26e11ff4a3d00fee.mp3,hum/7d8f79ef3f478a5d_3_db00dd3e1ca733ad.wav
7d8f79ef3f478a5d,song/7d8f79ef3f478a5d_3_26e11ff4a3d00fee.mp3,hum/7d8f79ef3f478a5d_3_7bc0184e3f61c3a3.wav
7d8f79ef3f478a5d,song/7d8f79ef3f478a5d_3_26e11ff4a3d00fee.mp3,hum/7d8f79ef3f478a5d_3_f07d3bc4987dfac7.wav
7ee465491784aad7,song/7ee465491784aad7_1_8adc7ec3a89c1a2f.mp3,hum/7ee465491784aad7_1_8880edc1ed7adac4.wav
7ee465491784aad7,song/7ee465491784aad7_1_8adc7ec3a89c1a2f.mp3,hum/7ee465491784aad7_1_e7eae64eb0e33c75.wav
7ee465491784aad7,song/7ee465491784aad7_1_8adc7ec3a89c1a2f.mp3,hum/7ee465491784aad7_1_87362fe4c9ed4e2f.wav
7ee465491784aad7,song/7ee465491784aad7_1_8adc7ec3a89c1a2f.mp3,hum/7ee465491784aad7_1_9266d713bdb6b79e.wav
7ee465491784aad7,song/7ee465491784aad7_1_8adc7ec3a89c1a2f.mp3,hum/7ee465491784aad7_1_7ef0dbed9d140538.wav
7ee465491784aad7,song/7ee465491784aad7_1_8adc7ec3a89c1a2f.mp3,hum/7ee465491784aad7_1_055fc853c64c7161.wav
7ee465491784aad7,song/7ee465491784aad7_1_8adc7ec3a89c1a2f.mp3,hum/7ee465491784aad7_1_9af876dda2b8020d.wav
7ee465491784aad7,song/7ee465491784aad7_1_8adc7ec3a89c1a2f.mp3,hum/7ee465491784aad7_1_6b278cd0b3371a97.wav
7ee465491784aad7,song/7ee465491784aad7_1_8adc7ec3a89c1a2f.mp3,hum/7ee465491784aad7_1_79410888d297babb.wav
7ee465491784aad7,song/7ee465491784aad7_1_8adc7ec3a89c1a2f.mp3,hum/7ee465491784aad7_1_0b27cdd3e3bf78b2.wav
7ee465491784aad7,song/7ee465491784aad7_1_8adc7ec3a89c1a2f.mp3,hum/7ee465491784aad7_1_af9e4e7458845450.wav
7ee465491784aad7,song/7ee465491784aad7_2_9e3bdb6ef5dfa1d7.mp3,hum/7ee465491784aad7_2_3bb46d087010f2e8.wav
7ee465491784aad7,song/7ee465491784aad7_2_9e3bdb6ef5dfa1d7.mp3,hum/7ee465491784aad7_2_9750410eec6cb126.wav
7ee465491784aad7,song/7ee465491784aad7_2_9e3bdb6ef5dfa1d7.mp3,hum/7ee465491784aad7_2_b6b95893c2dc8e50.wav
7ee465491784aad7,song/7ee465491784aad7_2_9e3bdb6ef5dfa1d7.mp3,hum/7ee465491784aad7_2_9145eb4f588944ff.wav
7ee465491784aad7,song/7ee465491784aad7_2_9e3bdb6ef5dfa1d7.mp3,hum/7ee465491784aad7_2_7497565ee22929eb.wav
7ee465491784aad7,song/7ee465491784aad7_2_9e3bdb6ef5dfa1d7.mp3,hum/7ee465491784aad7_2_8f8080438d534586.wav
7ee465491784aad7,song/7ee465491784aad7_2_9e3bdb6ef5dfa1d7.mp3,hum/7ee465491784aad7_2_e275ae4563b6022c.wav
7ee465491784aad7,song/7ee465491784aad7_2_9e3bdb6ef5dfa1d7.mp3,hum/7ee465491784aad7_2_2e484ce7f182c098.wav
7ee465491784aad7,song/7ee465491784aad7_2_9e3bdb6ef5dfa1d7.mp3,hum/7ee465491784aad7_2_f8d87987492693fe.wav
805f72ddf49d6b18,song/805f72ddf49d6b18_1_d20aeb265cda35f8.mp3,hum/805f72ddf49d6b18_1_7d0f1f7e8b0c15e3.wav
805f72ddf49d6b18,song/805f72ddf49d6b18_1_d20aeb265cda35f8.mp3,hum/805f72ddf49d6b18_1_4267354689ab70c3.wav
805f72ddf49d6b18,song/805f72ddf49d6b18_1_d20aeb265cda35f8.mp3,hum/805f72ddf49d6b18_1_af3a552dff1ae783.wav
805f72ddf49d6b18,song/805f72ddf49d6b18_1_d20aeb265cda35f8.mp3,hum/805f72ddf49d6b18_1_cfddbbb3ea76b8ce.wav
805f72ddf49d6b18,song/805f72ddf49d6b18_1_d20aeb265cda35f8.mp3,hum/805f72ddf49d6b18_1_224b6b5a6ba10371.wav
805f72ddf49d6b18,song/805f72ddf49d6b18_1_d20aeb265cda35f8.mp3,hum/805f72ddf49d6b18_1_b0cda1384bcacf7d.wav
805f72ddf49d6b18,song/805f72ddf49d6b18_1_d20aeb265cda35f8.mp3,hum/805f72ddf49d6b18_1_3e7f7533ef8ffab7.wav
805f72ddf49d6b18,song/805f72ddf49d6b18_1_d20aeb265cda35f8.mp3,hum/805f72ddf49d6b18_1_4b48293d9ca92cbd.wav
805f72ddf49d6b18,song/805f72ddf49d6b18_1_d20aeb265cda35f8.mp3,hum/805f72ddf49d6b18_1_110b47b6f32abde7.wav
805f72ddf49d6b18,song/805f72ddf49d6b18_1_d20aeb265cda35f8.mp3,hum/805f72ddf49d6b18_1_28b10c6e5e787ab8.wav
805f72ddf49d6b18,song/805f72ddf49d6b18_1_d20aeb265cda35f8.mp3,hum/805f72ddf49d6b18_1_55379126d132f299.wav
805f72ddf49d6b18,song/805f72ddf49d6b18_1_d20aeb265cda35f8.mp3,hum/805f72ddf49d6b18_1_a9a6338fc8aa9092.wav
805f72ddf49d6b18,song/805f72ddf49d6b18_1_d20aeb265cda35f8.mp3,hum/805f72ddf49d6b18_1_ee846d116211fcf0.wav
805f72ddf49d6b18,song/805f72ddf49d6b18_1_d20aeb265cda35f8.mp3,hum/805f72ddf49d6b18_1_0b760b8c419bc8ff.wav
805f72ddf49d6b18,song/805f72ddf49d6b18_1_d20aeb265cda35f8.mp3,hum/805f72ddf49d6b18_1_23d884129b0ab74d.wav
805f72ddf49d6b18,song/805f72ddf49d6b18_1_d20aeb265cda35f8.mp3,hum/805f72ddf49d6b18_1_d8f7933adc887179.wav
805f72ddf49d6b18,song/805f72ddf49d6b18_2_04f67e045519bcc7.mp3,hum/805f72ddf49d6b18_2_9e465d5ae5da54f4.wav
805f72ddf49d6b18,song/805f72ddf49d6b18_2_04f67e045519bcc7.mp3,hum/805f72ddf49d6b18_2_656a0735dca23808.wav
805f72ddf49d6b18,song/805f72ddf49d6b18_2_04f67e045519bcc7.mp3,hum/805f72ddf49d6b18_2_7af02ce22096ede7.wav
805f72ddf49d6b18,song/805f72ddf49d6b18_2_04f67e045519bcc7.mp3,hum/805f72ddf49d6b18_2_44f612b8fda8ecb3.wav
805f72ddf49d6b18,song/805f72ddf49d6b18_2_04f67e045519bcc7.mp3,hum/805f72ddf49d6b18_2_611a0a53f5fb70da.wav
805f72ddf49d6b18,song/805f72ddf49d6b18_2_04f67e045519bcc7.mp3,hum/805f72ddf49d6b18_2_2d5074ee520773c8.wav
805f72ddf49d6b18,song/805f72ddf49d6b18_2_04f67e045519bcc7.mp3,hum/805f72ddf49d6b18_2_546d433034994beb.wav
805f72ddf49d6b18,song/805f72ddf49d6b18_2_04f67e045519bcc7.mp3,hum/805f72ddf49d6b18_2_d9a9d308fe37277d.wav
805f72ddf49d6b18,song/805f72ddf49d6b18_2_04f67e045519bcc7.mp3,hum/805f72ddf49d6b18_2_8891060f49eaa5ac.wav
805f72ddf49d6b18,song/805f72ddf49d6b18_2_04f67e045519bcc7.mp3,hum/805f72ddf49d6b18_2_cfb9729017a87871.wav
805f72ddf49d6b18,song/805f72ddf49d6b18_2_04f67e045519bcc7.mp3,hum/805f72ddf49d6b18_2_6947b0fe13963e5d.wav
805f72ddf49d6b18,song/805f72ddf49d6b18_2_04f67e045519bcc7.mp3,hum/805f72ddf49d6b18_2_e306f1f8b6e9f236.wav
805f72ddf49d6b18,song/805f72ddf49d6b18_2_04f67e045519bcc7.mp3,hum/805f72ddf49d6b18_2_58902daaba93de41.wav
805f72ddf49d6b18,song/805f72ddf49d6b18_2_04f67e045519bcc7.mp3,hum/805f72ddf49d6b18_2_65012c392a582a45.wav
805f72ddf49d6b18,song/805f72ddf49d6b18_2_04f67e045519bcc7.mp3,hum/805f72ddf49d6b18_2_2d064293761a8f3a.wav
81a90bde4ba56415,song/81a90bde4ba56415_3_e3b5daf1534e7792.mp3,hum/81a90bde4ba56415_3_30c7d26d987e9d10.wav
81a90bde4ba56415,song/81a90bde4ba56415_3_e3b5daf1534e7792.mp3,hum/81a90bde4ba56415_3_42cf7124aae8d634.wav
81a90bde4ba56415,song/81a90bde4ba56415_3_e3b5daf1534e7792.mp3,hum/81a90bde4ba56415_3_3441370356390b2b.wav
81a90bde4ba56415,song/81a90bde4ba56415_3_e3b5daf1534e7792.mp3,hum/81a90bde4ba56415_3_4f7af5f40e3f725b.wav
81a90bde4ba56415,song/81a90bde4ba56415_3_e3b5daf1534e7792.mp3,hum/81a90bde4ba56415_3_9b5814e16a273874.wav
81a90bde4ba56415,song/81a90bde4ba56415_4_54792fc66c34fae2.mp3,hum/81a90bde4ba56415_4_d5f5d5cc16ca8cee.wav
81a90bde4ba56415,song/81a90bde4ba56415_4_54792fc66c34fae2.mp3,hum/81a90bde4ba56415_4_b616681a828ecbf0.wav
81a90bde4ba56415,song/81a90bde4ba56415_4_54792fc66c34fae2.mp3,hum/81a90bde4ba56415_4_215c89081c9b931a.wav
81a90bde4ba56415,song/81a90bde4ba56415_4_54792fc66c34fae2.mp3,hum/81a90bde4ba56415_4_ba86f062976377b9.wav
82771a30fa5b2b2c,song/82771a30fa5b2b2c_1_a9c9454a3e795248.mp3,hum/82771a30fa5b2b2c_1_33ea989a163e67b5.wav
82771a30fa5b2b2c,song/82771a30fa5b2b2c_1_a9c9454a3e795248.mp3,hum/82771a30fa5b2b2c_1_58a2c2614174ebe6.wav
82771a30fa5b2b2c,song/82771a30fa5b2b2c_1_a9c9454a3e795248.mp3,hum/82771a30fa5b2b2c_1_dec54fd278de3e6a.wav
82771a30fa5b2b2c,song/82771a30fa5b2b2c_1_a9c9454a3e795248.mp3,hum/82771a30fa5b2b2c_1_ade334d41ab45497.wav
82771a30fa5b2b2c,song/82771a30fa5b2b2c_1_a9c9454a3e795248.mp3,hum/82771a30fa5b2b2c_1_19c8a8eb42b28293.wav
82771a30fa5b2b2c,song/82771a30fa5b2b2c_2_cc46688c68c042f6.mp3,hum/82771a30fa5b2b2c_2_1faef094dafdf7ee.wav
82771a30fa5b2b2c,song/82771a30fa5b2b2c_2_cc46688c68c042f6.mp3,hum/82771a30fa5b2b2c_2_d4ff91b09c3d1216.wav
82771a30fa5b2b2c,song/82771a30fa5b2b2c_2_cc46688c68c042f6.mp3,hum/82771a30fa5b2b2c_2_1f060cf805de32d6.wav
82771a30fa5b2b2c,song/82771a30fa5b2b2c_2_cc46688c68c042f6.mp3,hum/82771a30fa5b2b2c_2_18ee95472f143ed2.wav
82771a30fa5b2b2c,song/82771a30fa5b2b2c_2_cc46688c68c042f6.mp3,hum/82771a30fa5b2b2c_2_e20bd08fbbaf1025.wav
82771a30fa5b2b2c,song/82771a30fa5b2b2c_3_a8693ee897044c36.mp3,hum/82771a30fa5b2b2c_3_5e3b5caab7fcdc54.wav
82771a30fa5b2b2c,song/82771a30fa5b2b2c_3_a8693ee897044c36.mp3,hum/82771a30fa5b2b2c_3_af55d950f6954cac.wav
82771a30fa5b2b2c,song/82771a30fa5b2b2c_3_a8693ee897044c36.mp3,hum/82771a30fa5b2b2c_3_1ed1db658a7aa067.wav
82771a30fa5b2b2c,song/82771a30fa5b2b2c_3_a8693ee897044c36.mp3,hum/82771a30fa5b2b2c_3_28a4aafa1544cc42.wav
82771a30fa5b2b2c,song/82771a30fa5b2b2c_3_a8693ee897044c36.mp3,hum/82771a30fa5b2b2c_3_a76e4cd493170a85.wav
839804b444bb2488,song/839804b444bb2488_1_d866be352ed781b5.mp3,hum/839804b444bb2488_1_e1ea6d30e82d7393.wav
839804b444bb2488,song/839804b444bb2488_1_d866be352ed781b5.mp3,hum/839804b444bb2488_1_91396a7a5c511295.wav
839804b444bb2488,song/839804b444bb2488_1_d866be352ed781b5.mp3,hum/839804b444bb2488_1_cfa7b08a5a30f703.wav
839804b444bb2488,song/839804b444bb2488_1_d866be352ed781b5.mp3,hum/839804b444bb2488_1_34ce1b5cbd6002e3.wav
839804b444bb2488,song/839804b444bb2488_2_2a1e0b3665329934.mp3,hum/839804b444bb2488_2_5f2e382950972286.wav
839804b444bb2488,song/839804b444bb2488_2_2a1e0b3665329934.mp3,hum/839804b444bb2488_2_23d7b99811d1fea0.wav
839804b444bb2488,song/839804b444bb2488_2_2a1e0b3665329934.mp3,hum/839804b444bb2488_2_ae7c7fe1e5aa79ad.wav
839804b444bb2488,song/839804b444bb2488_2_2a1e0b3665329934.mp3,hum/839804b444bb2488_2_3c90474b41153f5a.wav
839804b444bb2488,song/839804b444bb2488_3_c829958352d7bb30.mp3,hum/839804b444bb2488_3_4da5c51b95ac165b.wav
839804b444bb2488,song/839804b444bb2488_3_c829958352d7bb30.mp3,hum/839804b444bb2488_3_e1a00996cf4229de.wav
839804b444bb2488,song/839804b444bb2488_3_c829958352d7bb30.mp3,hum/839804b444bb2488_3_8f869469103410d0.wav
839804b444bb2488,song/839804b444bb2488_3_c829958352d7bb30.mp3,hum/839804b444bb2488_3_3a9d7112c7ee592c.wav
849aca4541d0a4cc,song/849aca4541d0a4cc_1_6e13ee2191b40722.mp3,hum/849aca4541d0a4cc_1_06ed4c2bf9355aa3.wav
849aca4541d0a4cc,song/849aca4541d0a4cc_1_6e13ee2191b40722.mp3,hum/849aca4541d0a4cc_1_c654e78f35d586c1.wav
849aca4541d0a4cc,song/849aca4541d0a4cc_1_6e13ee2191b40722.mp3,hum/849aca4541d0a4cc_1_d30b008ccdee864b.wav
849aca4541d0a4cc,song/849aca4541d0a4cc_1_6e13ee2191b40722.mp3,hum/849aca4541d0a4cc_1_883dcb6088dd0500.wav
849aca4541d0a4cc,song/849aca4541d0a4cc_1_6e13ee2191b40722.mp3,hum/849aca4541d0a4cc_1_d67f298fe930a8ac.wav
849aca4541d0a4cc,song/849aca4541d0a4cc_2_1b6d068c59e9b516.mp3,hum/849aca4541d0a4cc_2_03360eb2a0496ff6.wav
849aca4541d0a4cc,song/849aca4541d0a4cc_2_1b6d068c59e9b516.mp3,hum/849aca4541d0a4cc_2_53df176c58696a03.wav
849aca4541d0a4cc,song/849aca4541d0a4cc_2_1b6d068c59e9b516.mp3,hum/849aca4541d0a4cc_2_fd7bba643e995fe8.wav
849aca4541d0a4cc,song/849aca4541d0a4cc_2_1b6d068c59e9b516.mp3,hum/849aca4541d0a4cc_2_d9d801811d75c646.wav
849aca4541d0a4cc,song/849aca4541d0a4cc_2_1b6d068c59e9b516.mp3,hum/849aca4541d0a4cc_2_5cf1090af64af4e0.wav
856a0c42335336cb,song/856a0c42335336cb_1_f1b0d6937a06a5fb.mp3,hum/856a0c42335336cb_1_fe0867bb30aa3bc9.wav
856a0c42335336cb,song/856a0c42335336cb_1_f1b0d6937a06a5fb.mp3,hum/856a0c42335336cb_1_379c90c31e0368bf.wav
856a0c42335336cb,song/856a0c42335336cb_1_f1b0d6937a06a5fb.mp3,hum/856a0c42335336cb_1_05f39da414c32cb4.wav
856a0c42335336cb,song/856a0c42335336cb_1_f1b0d6937a06a5fb.mp3,hum/856a0c42335336cb_1_a2a205f0664c905c.wav
856a0c42335336cb,song/856a0c42335336cb_1_f1b0d6937a06a5fb.mp3,hum/856a0c42335336cb_1_f4a908a45ab45e8e.wav
856a0c42335336cb,song/856a0c42335336cb_1_f1b0d6937a06a5fb.mp3,hum/856a0c42335336cb_1_5d61b5afcfd1b661.wav
856a0c42335336cb,song/856a0c42335336cb_1_f1b0d6937a06a5fb.mp3,hum/856a0c42335336cb_1_6a56db0a054b72f2.wav
856a0c42335336cb,song/856a0c42335336cb_2_41035f5d9a373866.mp3,hum/856a0c42335336cb_2_8833b56aa38507f9.wav
856a0c42335336cb,song/856a0c42335336cb_2_41035f5d9a373866.mp3,hum/856a0c42335336cb_2_2443f3418c58d70f.wav
856a0c42335336cb,song/856a0c42335336cb_2_41035f5d9a373866.mp3,hum/856a0c42335336cb_2_fcdba6d3bc62d947.wav
856a0c42335336cb,song/856a0c42335336cb_2_41035f5d9a373866.mp3,hum/856a0c42335336cb_2_6b3c8d801ba72c5f.wav
856a0c42335336cb,song/856a0c42335336cb_2_41035f5d9a373866.mp3,hum/856a0c42335336cb_2_7201bda3564204d7.wav
856a0c42335336cb,song/856a0c42335336cb_3_a52bed519a93a587.mp3,hum/856a0c42335336cb_3_fd025477cd9951f5.wav
856a0c42335336cb,song/856a0c42335336cb_3_a52bed519a93a587.mp3,hum/856a0c42335336cb_3_d2d363f36fbf2be0.wav
856a0c42335336cb,song/856a0c42335336cb_3_a52bed519a93a587.mp3,hum/856a0c42335336cb_3_2b6df30e980a0b6c.wav
856a0c42335336cb,song/856a0c42335336cb_3_a52bed519a93a587.mp3,hum/856a0c42335336cb_3_28c9ff5135a16981.wav
856a0c42335336cb,song/856a0c42335336cb_3_a52bed519a93a587.mp3,hum/856a0c42335336cb_3_1fb689de0160f7a8.wav
856a0c42335336cb,song/856a0c42335336cb_4_18cb531c4021b388.mp3,hum/856a0c42335336cb_4_ac12a8a3e6fd46cd.wav
856a0c42335336cb,song/856a0c42335336cb_4_18cb531c4021b388.mp3,hum/856a0c42335336cb_4_b3932a12e0ff8eab.wav
856a0c42335336cb,song/856a0c42335336cb_4_18cb531c4021b388.mp3,hum/856a0c42335336cb_4_930de95d8fbc5ac5.wav
856a0c42335336cb,song/856a0c42335336cb_4_18cb531c4021b388.mp3,hum/856a0c42335336cb_4_53e2848f4ebbadee.wav
856a0c42335336cb,song/856a0c42335336cb_4_18cb531c4021b388.mp3,hum/856a0c42335336cb_4_1f364fb93d940e80.wav
85ba345284db94e4,song/85ba345284db94e4_1_18a0b0079a7705d3.mp3,hum/85ba345284db94e4_1_96eebffc86d9ee93.wav
85ba345284db94e4,song/85ba345284db94e4_1_18a0b0079a7705d3.mp3,hum/85ba345284db94e4_1_a8a97bb51cd5564a.wav
85ba345284db94e4,song/85ba345284db94e4_1_18a0b0079a7705d3.mp3,hum/85ba345284db94e4_1_d0662cdea4be8566.wav
85ba345284db94e4,song/85ba345284db94e4_1_18a0b0079a7705d3.mp3,hum/85ba345284db94e4_1_2dc757237a69d451.wav
85ba345284db94e4,song/85ba345284db94e4_1_18a0b0079a7705d3.mp3,hum/85ba345284db94e4_1_d7a3242007730eeb.wav
85ba345284db94e4,song/85ba345284db94e4_2_6270bd0f5f74feeb.mp3,hum/85ba345284db94e4_2_1e83c27f1ad3fad5.wav
85ba345284db94e4,song/85ba345284db94e4_2_6270bd0f5f74feeb.mp3,hum/85ba345284db94e4_2_02709cd1cd35a54f.wav
85ba345284db94e4,song/85ba345284db94e4_2_6270bd0f5f74feeb.mp3,hum/85ba345284db94e4_2_3aecf3eb88d665b7.wav
85ba345284db94e4,song/85ba345284db94e4_2_6270bd0f5f74feeb.mp3,hum/85ba345284db94e4_2_df9475b6870bab45.wav
85ba345284db94e4,song/85ba345284db94e4_2_6270bd0f5f74feeb.mp3,hum/85ba345284db94e4_2_b560ad153d4256c9.wav
85d3367e3623f426,song/85d3367e3623f426_1_3f14f0acb0a5e094.mp3,hum/85d3367e3623f426_1_7f12f1852982f550.wav
85d3367e3623f426,song/85d3367e3623f426_1_3f14f0acb0a5e094.mp3,hum/85d3367e3623f426_1_98a7ba39729b204e.wav
85d3367e3623f426,song/85d3367e3623f426_1_3f14f0acb0a5e094.mp3,hum/85d3367e3623f426_1_4edf7f629ac2b929.wav
85d3367e3623f426,song/85d3367e3623f426_1_3f14f0acb0a5e094.mp3,hum/85d3367e3623f426_1_52e0c2bd3c4ccddf.wav
85d3367e3623f426,song/85d3367e3623f426_1_3f14f0acb0a5e094.mp3,hum/85d3367e3623f426_1_d6bf74bb7bdeeb50.wav
85d3367e3623f426,song/85d3367e3623f426_2_ba6e170170396633.mp3,hum/85d3367e3623f426_2_6026864c10835e57.wav
85d3367e3623f426,song/85d3367e3623f426_2_ba6e170170396633.mp3,hum/85d3367e3623f426_2_6dc8d05af9173e64.wav
85d3367e3623f426,song/85d3367e3623f426_2_ba6e170170396633.mp3,hum/85d3367e3623f426_2_1130a74f04ac0814.wav
85d3367e3623f426,song/85d3367e3623f426_2_ba6e170170396633.mp3,hum/85d3367e3623f426_2_3495108423f397af.wav
85d3367e3623f426,song/85d3367e3623f426_2_ba6e170170396633.mp3,hum/85d3367e3623f426_2_0aa6b4383c8a477b.wav
8687427897dd7a69,song/8687427897dd7a69_1_2a374de178ec1c61.mp3,hum/8687427897dd7a69_1_453c24d35b3e4e71.wav
8687427897dd7a69,song/8687427897dd7a69_1_2a374de178ec1c61.mp3,hum/8687427897dd7a69_1_0b7be008b4ca41ce.wav
8687427897dd7a69,song/8687427897dd7a69_1_2a374de178ec1c61.mp3,hum/8687427897dd7a69_1_88e543c642f7ca3c.wav
8687427897dd7a69,song/8687427897dd7a69_1_2a374de178ec1c61.mp3,hum/8687427897dd7a69_1_562d05c7a8921690.wav
8687427897dd7a69,song/8687427897dd7a69_1_2a374de178ec1c61.mp3,hum/8687427897dd7a69_1_fb2629d86205a3ec.wav
8687427897dd7a69,song/8687427897dd7a69_2_26642a66be005d35.mp3,hum/8687427897dd7a69_2_af6276ba00043bce.wav
8687427897dd7a69,song/8687427897dd7a69_2_26642a66be005d35.mp3,hum/8687427897dd7a69_2_531b81c94575f99b.wav
8687427897dd7a69,song/8687427897dd7a69_2_26642a66be005d35.mp3,hum/8687427897dd7a69_2_aa10e2498620501d.wav
8687427897dd7a69,song/8687427897dd7a69_2_26642a66be005d35.mp3,hum/8687427897dd7a69_2_f5304c8f36d5d5a1.wav
8687427897dd7a69,song/8687427897dd7a69_2_26642a66be005d35.mp3,hum/8687427897dd7a69_2_5ee15e8e89c8292e.wav
8687427897dd7a69,song/8687427897dd7a69_3_ec0057b9c7a0a7ac.mp3,hum/8687427897dd7a69_3_b3705ade479c280f.wav
8687427897dd7a69,song/8687427897dd7a69_3_ec0057b9c7a0a7ac.mp3,hum/8687427897dd7a69_3_c594d0605bdfed67.wav
8687427897dd7a69,song/8687427897dd7a69_3_ec0057b9c7a0a7ac.mp3,hum/8687427897dd7a69_3_bfd607a6c0290667.wav
8687427897dd7a69,song/8687427897dd7a69_3_ec0057b9c7a0a7ac.mp3,hum/8687427897dd7a69_3_7309d09a49c75643.wav
8687427897dd7a69,song/8687427897dd7a69_3_ec0057b9c7a0a7ac.mp3,hum/8687427897dd7a69_3_d13eaa2045fef824.wav
87e764030e38fff6,song/87e764030e38fff6_1_1e28febf4de665d8.mp3,hum/87e764030e38fff6_1_e8318260772e74fa.wav
87e764030e38fff6,song/87e764030e38fff6_1_1e28febf4de665d8.mp3,hum/87e764030e38fff6_1_657b4f83259b83a7.wav
87e764030e38fff6,song/87e764030e38fff6_1_1e28febf4de665d8.mp3,hum/87e764030e38fff6_1_5cf9686f0dcc119d.wav
87e764030e38fff6,song/87e764030e38fff6_1_1e28febf4de665d8.mp3,hum/87e764030e38fff6_1_4f61c90251f30759.wav
87e764030e38fff6,song/87e764030e38fff6_1_1e28febf4de665d8.mp3,hum/87e764030e38fff6_1_67044b0b8ea7a003.wav
87e764030e38fff6,song/87e764030e38fff6_2_fd30fd9cc5af3e83.mp3,hum/87e764030e38fff6_2_c6ffcadd49f2c762.wav
87e764030e38fff6,song/87e764030e38fff6_2_fd30fd9cc5af3e83.mp3,hum/87e764030e38fff6_2_8633866a259df3bf.wav
87e764030e38fff6,song/87e764030e38fff6_2_fd30fd9cc5af3e83.mp3,hum/87e764030e38fff6_2_a0fbbdf675f9a567.wav
87e764030e38fff6,song/87e764030e38fff6_2_fd30fd9cc5af3e83.mp3,hum/87e764030e38fff6_2_af96ea547382dc76.wav
87e764030e38fff6,song/87e764030e38fff6_2_fd30fd9cc5af3e83.mp3,hum/87e764030e38fff6_2_7138249ffbaac7cc.wav
87e764030e38fff6,song/87e764030e38fff6_3_4ee208c143943b5e.mp3,hum/87e764030e38fff6_3_d2b1376323b24f11.wav
87e764030e38fff6,song/87e764030e38fff6_3_4ee208c143943b5e.mp3,hum/87e764030e38fff6_3_fec87e4d3d2b97ed.wav
87e764030e38fff6,song/87e764030e38fff6_3_4ee208c143943b5e.mp3,hum/87e764030e38fff6_3_e52c26a24d478a77.wav
87e764030e38fff6,song/87e764030e38fff6_3_4ee208c143943b5e.mp3,hum/87e764030e38fff6_3_2ccdf73caf7efbfb.wav
87e764030e38fff6,song/87e764030e38fff6_3_4ee208c143943b5e.mp3,hum/87e764030e38fff6_3_3e62c7e798db47f0.wav
891211286e4f02f7,song/891211286e4f02f7_1_90ebe44eef866e6e.mp3,hum/891211286e4f02f7_1_a729ba71e5ec5166.wav
891211286e4f02f7,song/891211286e4f02f7_1_90ebe44eef866e6e.mp3,hum/891211286e4f02f7_1_e520583b975e4523.wav
891211286e4f02f7,song/891211286e4f02f7_1_90ebe44eef866e6e.mp3,hum/891211286e4f02f7_1_05a3dd192d52fbc9.wav
891211286e4f02f7,song/891211286e4f02f7_1_90ebe44eef866e6e.mp3,hum/891211286e4f02f7_1_82b813a73249baf9.wav
891211286e4f02f7,song/891211286e4f02f7_1_90ebe44eef866e6e.mp3,hum/891211286e4f02f7_1_1fe3bdbe77424e70.wav
891211286e4f02f7,song/891211286e4f02f7_2_58890b49ba62e203.mp3,hum/891211286e4f02f7_2_2cc9c3652f31c9be.wav
891211286e4f02f7,song/891211286e4f02f7_2_58890b49ba62e203.mp3,hum/891211286e4f02f7_2_9cf34b16bd74841d.wav
891211286e4f02f7,song/891211286e4f02f7_2_58890b49ba62e203.mp3,hum/891211286e4f02f7_2_eb6cff08b1c0266d.wav
891211286e4f02f7,song/891211286e4f02f7_2_58890b49ba62e203.mp3,hum/891211286e4f02f7_2_6843dce478ff1071.wav
891211286e4f02f7,song/891211286e4f02f7_2_58890b49ba62e203.mp3,hum/891211286e4f02f7_2_b617cde56651d71c.wav
89cf9b29900af042,song/89cf9b29900af042_4_33c8fe16b7049a57.mp3,hum/89cf9b29900af042_4_1621bf60bea5572a.wav
89cf9b29900af042,song/89cf9b29900af042_4_33c8fe16b7049a57.mp3,hum/89cf9b29900af042_4_72a82e9e994344cc.wav
89cf9b29900af042,song/89cf9b29900af042_4_33c8fe16b7049a57.mp3,hum/89cf9b29900af042_4_def038faa368e7d3.wav
89cf9b29900af042,song/89cf9b29900af042_4_33c8fe16b7049a57.mp3,hum/89cf9b29900af042_4_a108f044874d2c3d.wav
89cf9b29900af042,song/89cf9b29900af042_4_33c8fe16b7049a57.mp3,hum/89cf9b29900af042_4_d862415b442a0c91.wav
89cf9b29900af042,song/89cf9b29900af042_5_0bf5cc8a09553385.mp3,hum/89cf9b29900af042_5_0f193510925d111c.wav
89cf9b29900af042,song/89cf9b29900af042_5_0bf5cc8a09553385.mp3,hum/89cf9b29900af042_5_fd6eb94fafed39b7.wav
89cf9b29900af042,song/89cf9b29900af042_5_0bf5cc8a09553385.mp3,hum/89cf9b29900af042_5_090ddff35444e038.wav
89cf9b29900af042,song/89cf9b29900af042_5_0bf5cc8a09553385.mp3,hum/89cf9b29900af042_5_d93230e5b79fe771.wav
89cf9b29900af042,song/89cf9b29900af042_5_0bf5cc8a09553385.mp3,hum/89cf9b29900af042_5_cf08282eaa7b219c.wav
8da26c7bee72d22c,song/8da26c7bee72d22c_1_8ec0b16a18cfedee.mp3,hum/8da26c7bee72d22c_1_a369c01468ee92bb.wav
8da26c7bee72d22c,song/8da26c7bee72d22c_1_8ec0b16a18cfedee.mp3,hum/8da26c7bee72d22c_1_ddbd83275f1b0d79.wav
8da26c7bee72d22c,song/8da26c7bee72d22c_1_8ec0b16a18cfedee.mp3,hum/8da26c7bee72d22c_1_7fe8e501c07b89bf.wav
8da26c7bee72d22c,song/8da26c7bee72d22c_1_8ec0b16a18cfedee.mp3,hum/8da26c7bee72d22c_1_a2215845fe363106.wav
8da26c7bee72d22c,song/8da26c7bee72d22c_1_8ec0b16a18cfedee.mp3,hum/8da26c7bee72d22c_1_1e40f01316ad8b72.wav
8da26c7bee72d22c,song/8da26c7bee72d22c_1_8ec0b16a18cfedee.mp3,hum/8da26c7bee72d22c_1_857ec75f5c8091f5.wav
8da26c7bee72d22c,song/8da26c7bee72d22c_1_8ec0b16a18cfedee.mp3,hum/8da26c7bee72d22c_1_bab41f078b2cb644.wav
8da26c7bee72d22c,song/8da26c7bee72d22c_1_8ec0b16a18cfedee.mp3,hum/8da26c7bee72d22c_1_029d941d49b4469e.wav
8da26c7bee72d22c,song/8da26c7bee72d22c_1_8ec0b16a18cfedee.mp3,hum/8da26c7bee72d22c_1_be2322b0c720f4c4.wav
8da26c7bee72d22c,song/8da26c7bee72d22c_1_8ec0b16a18cfedee.mp3,hum/8da26c7bee72d22c_1_345a1be33f066eac.wav
8da26c7bee72d22c,song/8da26c7bee72d22c_1_8ec0b16a18cfedee.mp3,hum/8da26c7bee72d22c_1_d1e9ff9753f78078.wav
8da26c7bee72d22c,song/8da26c7bee72d22c_1_8ec0b16a18cfedee.mp3,hum/8da26c7bee72d22c_1_16a41e0d04b290a1.wav
8da26c7bee72d22c,song/8da26c7bee72d22c_1_8ec0b16a18cfedee.mp3,hum/8da26c7bee72d22c_1_b868f38e8d590649.wav
8da26c7bee72d22c,song/8da26c7bee72d22c_1_8ec0b16a18cfedee.mp3,hum/8da26c7bee72d22c_1_4a07485e402f8a00.wav
8da26c7bee72d22c,song/8da26c7bee72d22c_2_b13120619711c57d.mp3,hum/8da26c7bee72d22c_2_43d7b732fde6f8a6.wav
8da26c7bee72d22c,song/8da26c7bee72d22c_2_b13120619711c57d.mp3,hum/8da26c7bee72d22c_2_415836bab14293fb.wav
8da26c7bee72d22c,song/8da26c7bee72d22c_2_b13120619711c57d.mp3,hum/8da26c7bee72d22c_2_09a8555b5cba70a8.wav
8da26c7bee72d22c,song/8da26c7bee72d22c_2_b13120619711c57d.mp3,hum/8da26c7bee72d22c_2_a09962cdb65ea021.wav
8da26c7bee72d22c,song/8da26c7bee72d22c_2_b13120619711c57d.mp3,hum/8da26c7bee72d22c_2_56776693d9e65404.wav
8da26c7bee72d22c,song/8da26c7bee72d22c_2_b13120619711c57d.mp3,hum/8da26c7bee72d22c_2_3cb0a363a38be7e6.wav
8da26c7bee72d22c,song/8da26c7bee72d22c_2_b13120619711c57d.mp3,hum/8da26c7bee72d22c_2_abaa3ce01c6e2e97.wav
8da26c7bee72d22c,song/8da26c7bee72d22c_2_b13120619711c57d.mp3,hum/8da26c7bee72d22c_2_4e7c01adbd6a6517.wav
8da26c7bee72d22c,song/8da26c7bee72d22c_2_b13120619711c57d.mp3,hum/8da26c7bee72d22c_2_c7d914b50dd99a45.wav
8da26c7bee72d22c,song/8da26c7bee72d22c_2_b13120619711c57d.mp3,hum/8da26c7bee72d22c_2_7ed644ae998e8613.wav
8da26c7bee72d22c,song/8da26c7bee72d22c_2_b13120619711c57d.mp3,hum/8da26c7bee72d22c_2_399de38d2ae3a63d.wav
8da26c7bee72d22c,song/8da26c7bee72d22c_2_b13120619711c57d.mp3,hum/8da26c7bee72d22c_2_d169d251026b673a.wav
8da26c7bee72d22c,song/8da26c7bee72d22c_2_b13120619711c57d.mp3,hum/8da26c7bee72d22c_2_cf32324890fdab46.wav
8da26c7bee72d22c,song/8da26c7bee72d22c_2_b13120619711c57d.mp3,hum/8da26c7bee72d22c_2_50643b5dd5fbf8a0.wav
8da26c7bee72d22c,song/8da26c7bee72d22c_2_b13120619711c57d.mp3,hum/8da26c7bee72d22c_2_ca5ca01aeddb07d4.wav
8da26c7bee72d22c,song/8da26c7bee72d22c_2_b13120619711c57d.mp3,hum/8da26c7bee72d22c_2_def6221edc0528c8.wav
8da26c7bee72d22c,song/8da26c7bee72d22c_2_b13120619711c57d.mp3,hum/8da26c7bee72d22c_2_dd129ae9e32170d0.wav
8da26c7bee72d22c,song/8da26c7bee72d22c_2_b13120619711c57d.mp3,hum/8da26c7bee72d22c_2_613ad73028f88d03.wav
8da26c7bee72d22c,song/8da26c7bee72d22c_2_b13120619711c57d.mp3,hum/8da26c7bee72d22c_2_b02f81726547fed8.wav
8da26c7bee72d22c,song/8da26c7bee72d22c_2_b13120619711c57d.mp3,hum/8da26c7bee72d22c_2_6671f38b751dea73.wav
8da26c7bee72d22c,song/8da26c7bee72d22c_2_b13120619711c57d.mp3,hum/8da26c7bee72d22c_2_b7ecc4a2236cc80e.wav
8da26c7bee72d22c,song/8da26c7bee72d22c_2_b13120619711c57d.mp3,hum/8da26c7bee72d22c_2_c7d57e13d2e98c7f.wav
8da26c7bee72d22c,song/8da26c7bee72d22c_3_3eb211ce27cccaba.mp3,hum/8da26c7bee72d22c_3_95073a7f712835ec.wav
8da26c7bee72d22c,song/8da26c7bee72d22c_3_3eb211ce27cccaba.mp3,hum/8da26c7bee72d22c_3_4a1607e0b999d2cf.wav
8da26c7bee72d22c,song/8da26c7bee72d22c_3_3eb211ce27cccaba.mp3,hum/8da26c7bee72d22c_3_82cbc4919bd92c86.wav
8da26c7bee72d22c,song/8da26c7bee72d22c_3_3eb211ce27cccaba.mp3,hum/8da26c7bee72d22c_3_2cbd17fb7b0fcce2.wav
8da26c7bee72d22c,song/8da26c7bee72d22c_3_3eb211ce27cccaba.mp3,hum/8da26c7bee72d22c_3_935f7dabebd0f8e8.wav
8da26c7bee72d22c,song/8da26c7bee72d22c_3_3eb211ce27cccaba.mp3,hum/8da26c7bee72d22c_3_2483c1006ba9d52e.wav
8da26c7bee72d22c,song/8da26c7bee72d22c_3_3eb211ce27cccaba.mp3,hum/8da26c7bee72d22c_3_74343c0554c6233b.wav
8da26c7bee72d22c,song/8da26c7bee72d22c_3_3eb211ce27cccaba.mp3,hum/8da26c7bee72d22c_3_22f63a8fe389bcd9.wav
8da26c7bee72d22c,song/8da26c7bee72d22c_3_3eb211ce27cccaba.mp3,hum/8da26c7bee72d22c_3_0b4bb55821b96965.wav
8da26c7bee72d22c,song/8da26c7bee72d22c_3_3eb211ce27cccaba.mp3,hum/8da26c7bee72d22c_3_7bd2e8ae23f5a234.wav
8da26c7bee72d22c,song/8da26c7bee72d22c_3_3eb211ce27cccaba.mp3,hum/8da26c7bee72d22c_3_6322be1f0b687a80.wav
8da26c7bee72d22c,song/8da26c7bee72d22c_3_3eb211ce27cccaba.mp3,hum/8da26c7bee72d22c_3_df2803e66d4d9e46.wav
8da26c7bee72d22c,song/8da26c7bee72d22c_3_3eb211ce27cccaba.mp3,hum/8da26c7bee72d22c_3_c9c09a8ba5cef3cc.wav
8da26c7bee72d22c,song/8da26c7bee72d22c_3_3eb211ce27cccaba.mp3,hum/8da26c7bee72d22c_3_0d2bf02ba90dffc7.wav
8da26c7bee72d22c,song/8da26c7bee72d22c_3_3eb211ce27cccaba.mp3,hum/8da26c7bee72d22c_3_28add4559f4c1113.wav
8da26c7bee72d22c,song/8da26c7bee72d22c_3_3eb211ce27cccaba.mp3,hum/8da26c7bee72d22c_3_13ac34337c2d7d6e.wav
8da26c7bee72d22c,song/8da26c7bee72d22c_3_3eb211ce27cccaba.mp3,hum/8da26c7bee72d22c_3_77fe6464730a798b.wav
8e4d21edd92965e7,song/8e4d21edd92965e7_1_9eb50f81cbcb3d0d.mp3,hum/8e4d21edd92965e7_1_7fa4907c905a1aae.wav
8e4d21edd92965e7,song/8e4d21edd92965e7_1_9eb50f81cbcb3d0d.mp3,hum/8e4d21edd92965e7_1_2d204d9ddddcf5c5.wav
8e4d21edd92965e7,song/8e4d21edd92965e7_1_9eb50f81cbcb3d0d.mp3,hum/8e4d21edd92965e7_1_75204a3607b4937e.wav
8e4d21edd92965e7,song/8e4d21edd92965e7_1_9eb50f81cbcb3d0d.mp3,hum/8e4d21edd92965e7_1_d40d6918fe9c8ebf.wav
8e4d21edd92965e7,song/8e4d21edd92965e7_1_9eb50f81cbcb3d0d.mp3,hum/8e4d21edd92965e7_1_11958079085d454b.wav
8e4d21edd92965e7,song/8e4d21edd92965e7_1_9eb50f81cbcb3d0d.mp3,hum/8e4d21edd92965e7_1_080c71e014689922.wav
8e4d21edd92965e7,song/8e4d21edd92965e7_2_7fcd304c8b84682f.mp3,hum/8e4d21edd92965e7_2_41bbdbbdd8960dc3.wav
8e4d21edd92965e7,song/8e4d21edd92965e7_2_7fcd304c8b84682f.mp3,hum/8e4d21edd92965e7_2_8aec2e98c64b51ac.wav
8e4d21edd92965e7,song/8e4d21edd92965e7_2_7fcd304c8b84682f.mp3,hum/8e4d21edd92965e7_2_5f0fad8048fabb72.wav
8e4d21edd92965e7,song/8e4d21edd92965e7_2_7fcd304c8b84682f.mp3,hum/8e4d21edd92965e7_2_5fa2b71322d6db6e.wav
8e4d21edd92965e7,song/8e4d21edd92965e7_2_7fcd304c8b84682f.mp3,hum/8e4d21edd92965e7_2_cecf9a2b42ae1c0c.wav
8e4d21edd92965e7,song/8e4d21edd92965e7_2_7fcd304c8b84682f.mp3,hum/8e4d21edd92965e7_2_77145381b2a6f4fe.wav
8e4d21edd92965e7,song/8e4d21edd92965e7_3_06f57666db8068ff.mp3,hum/8e4d21edd92965e7_3_76a69ee412ee45db.wav
8e4d21edd92965e7,song/8e4d21edd92965e7_3_06f57666db8068ff.mp3,hum/8e4d21edd92965e7_3_b4eeb337470a3b9a.wav
8e4d21edd92965e7,song/8e4d21edd92965e7_3_06f57666db8068ff.mp3,hum/8e4d21edd92965e7_3_36dd05beea534a43.wav
8e4d21edd92965e7,song/8e4d21edd92965e7_3_06f57666db8068ff.mp3,hum/8e4d21edd92965e7_3_45cc6316a39a9587.wav
8e4d21edd92965e7,song/8e4d21edd92965e7_3_06f57666db8068ff.mp3,hum/8e4d21edd92965e7_3_a83077aa711bce16.wav
8e4d21edd92965e7,song/8e4d21edd92965e7_4_bbe4e7380d9e43dd.mp3,hum/8e4d21edd92965e7_4_8d8f82df80f5c4e1.wav
8e4d21edd92965e7,song/8e4d21edd92965e7_4_bbe4e7380d9e43dd.mp3,hum/8e4d21edd92965e7_4_69a03816756beb77.wav
8e4d21edd92965e7,song/8e4d21edd92965e7_4_bbe4e7380d9e43dd.mp3,hum/8e4d21edd92965e7_4_30707a352c64f2be.wav
8e4d21edd92965e7,song/8e4d21edd92965e7_4_bbe4e7380d9e43dd.mp3,hum/8e4d21edd92965e7_4_40a26e9a62210023.wav
8e4d21edd92965e7,song/8e4d21edd92965e7_4_bbe4e7380d9e43dd.mp3,hum/8e4d21edd92965e7_4_1d00d8403edc6390.wav
8e4d21edd92965e7,song/8e4d21edd92965e7_5_4565a4fcb172c967.mp3,hum/8e4d21edd92965e7_5_023a69404ea85f82.wav
8e4d21edd92965e7,song/8e4d21edd92965e7_5_4565a4fcb172c967.mp3,hum/8e4d21edd92965e7_5_60249f9a8352aa75.wav
8e4d21edd92965e7,song/8e4d21edd92965e7_5_4565a4fcb172c967.mp3,hum/8e4d21edd92965e7_5_0d06b68e302fc9ec.wav
8e4d21edd92965e7,song/8e4d21edd92965e7_5_4565a4fcb172c967.mp3,hum/8e4d21edd92965e7_5_7ff0bf52d56ba464.wav
8e4d21edd92965e7,song/8e4d21edd92965e7_5_4565a4fcb172c967.mp3,hum/8e4d21edd92965e7_5_956223df9acedbba.wav
8e4d21edd92965e7,song/8e4d21edd92965e7_6_e98abefdf857c715.mp3,hum/8e4d21edd92965e7_6_b80afc97ec740e35.wav
8e4d21edd92965e7,song/8e4d21edd92965e7_6_e98abefdf857c715.mp3,hum/8e4d21edd92965e7_6_d4bab72a40639de3.wav
8e4d21edd92965e7,song/8e4d21edd92965e7_6_e98abefdf857c715.mp3,hum/8e4d21edd92965e7_6_471546373b134b2e.wav
8e4d21edd92965e7,song/8e4d21edd92965e7_6_e98abefdf857c715.mp3,hum/8e4d21edd92965e7_6_9ee54d54c8d44e0b.wav
8e4d21edd92965e7,song/8e4d21edd92965e7_6_e98abefdf857c715.mp3,hum/8e4d21edd92965e7_6_538851b8f961cc08.wav
8e4d21edd92965e7,song/8e4d21edd92965e7_7_62a612cf94f34ed3.mp3,hum/8e4d21edd92965e7_7_cb546a7cbc89bceb.wav
8e4d21edd92965e7,song/8e4d21edd92965e7_7_62a612cf94f34ed3.mp3,hum/8e4d21edd92965e7_7_41d61b227e579868.wav
8e4d21edd92965e7,song/8e4d21edd92965e7_7_62a612cf94f34ed3.mp3,hum/8e4d21edd92965e7_7_95c3ae05f0f74e03.wav
8e4d21edd92965e7,song/8e4d21edd92965e7_7_62a612cf94f34ed3.mp3,hum/8e4d21edd92965e7_7_e9f8cdffa7032b7b.wav
8e4d21edd92965e7,song/8e4d21edd92965e7_7_62a612cf94f34ed3.mp3,hum/8e4d21edd92965e7_7_a4c3d32ca00fedb1.wav
905900891b254491,song/905900891b254491_1_33565f361684894f.mp3,hum/905900891b254491_1_048134833c6fda44.wav
905900891b254491,song/905900891b254491_1_33565f361684894f.mp3,hum/905900891b254491_1_89ece87ac9d0c09f.wav
905900891b254491,song/905900891b254491_1_33565f361684894f.mp3,hum/905900891b254491_1_80d37f7fe800902e.wav
905900891b254491,song/905900891b254491_1_33565f361684894f.mp3,hum/905900891b254491_1_bc3713687d220f68.wav
905900891b254491,song/905900891b254491_1_33565f361684894f.mp3,hum/905900891b254491_1_b1b8509c7a139628.wav
905900891b254491,song/905900891b254491_2_3e846323fdc00df1.mp3,hum/905900891b254491_2_6927b3014db7689e.wav
905900891b254491,song/905900891b254491_2_3e846323fdc00df1.mp3,hum/905900891b254491_2_4087fbd4647485aa.wav
905900891b254491,song/905900891b254491_2_3e846323fdc00df1.mp3,hum/905900891b254491_2_24c35042ba9ec5ca.wav
905900891b254491,song/905900891b254491_2_3e846323fdc00df1.mp3,hum/905900891b254491_2_b774f6e09ce6f678.wav
905900891b254491,song/905900891b254491_2_3e846323fdc00df1.mp3,hum/905900891b254491_2_5c088598e5f280ce.wav
905900891b254491,song/905900891b254491_3_408aec7876ee5a2d.mp3,hum/905900891b254491_3_0ed0ab305226e96d.wav
905900891b254491,song/905900891b254491_3_408aec7876ee5a2d.mp3,hum/905900891b254491_3_05ab466e39d5628e.wav
905900891b254491,song/905900891b254491_3_408aec7876ee5a2d.mp3,hum/905900891b254491_3_8d286dfde70212dd.wav
905900891b254491,song/905900891b254491_3_408aec7876ee5a2d.mp3,hum/905900891b254491_3_0a60a84e38393365.wav
905900891b254491,song/905900891b254491_3_408aec7876ee5a2d.mp3,hum/905900891b254491_3_ce69f199ab4ae783.wav
905900891b254491,song/905900891b254491_4_e8308ec2acbc40ef.mp3,hum/905900891b254491_4_6a90f8e0556b7335.wav
905900891b254491,song/905900891b254491_4_e8308ec2acbc40ef.mp3,hum/905900891b254491_4_ebd1cde875ec24ce.wav
905900891b254491,song/905900891b254491_4_e8308ec2acbc40ef.mp3,hum/905900891b254491_4_79d1ba21bf0277d2.wav
905900891b254491,song/905900891b254491_4_e8308ec2acbc40ef.mp3,hum/905900891b254491_4_cce5fcc0ad9affee.wav
905900891b254491,song/905900891b254491_4_e8308ec2acbc40ef.mp3,hum/905900891b254491_4_988869217017c03e.wav
905b79b155ba2248,song/905b79b155ba2248_1_64ab617fdf51461e.mp3,hum/905b79b155ba2248_1_075f16c77f2b52d4.wav
905b79b155ba2248,song/905b79b155ba2248_1_64ab617fdf51461e.mp3,hum/905b79b155ba2248_1_9e0c6cadb7e037d7.wav
905b79b155ba2248,song/905b79b155ba2248_1_64ab617fdf51461e.mp3,hum/905b79b155ba2248_1_082431a0f776bff1.wav
905b79b155ba2248,song/905b79b155ba2248_1_64ab617fdf51461e.mp3,hum/905b79b155ba2248_1_dfc0aadb7620423a.wav
905b79b155ba2248,song/905b79b155ba2248_1_64ab617fdf51461e.mp3,hum/905b79b155ba2248_1_52d955cbe2bee013.wav
905b79b155ba2248,song/905b79b155ba2248_2_7f01d15879e21c0b.mp3,hum/905b79b155ba2248_2_e4f698ecb4e9ab70.wav
905b79b155ba2248,song/905b79b155ba2248_2_7f01d15879e21c0b.mp3,hum/905b79b155ba2248_2_69f47875b4997257.wav
905b79b155ba2248,song/905b79b155ba2248_2_7f01d15879e21c0b.mp3,hum/905b79b155ba2248_2_b6f9fe4a8b619231.wav
905b79b155ba2248,song/905b79b155ba2248_2_7f01d15879e21c0b.mp3,hum/905b79b155ba2248_2_f256bcfb72152946.wav
905b79b155ba2248,song/905b79b155ba2248_2_7f01d15879e21c0b.mp3,hum/905b79b155ba2248_2_c243cacdbafa7b5f.wav
905b79b155ba2248,song/905b79b155ba2248_2_7f01d15879e21c0b.mp3,hum/905b79b155ba2248_2_026f1eadfff0f472.wav
905b79b155ba2248,song/905b79b155ba2248_2_7f01d15879e21c0b.mp3,hum/905b79b155ba2248_2_890fbd938230c83f.wav
905b79b155ba2248,song/905b79b155ba2248_3_0992f8ed73e82862.mp3,hum/905b79b155ba2248_3_679afe3f963deabd.wav
905b79b155ba2248,song/905b79b155ba2248_3_0992f8ed73e82862.mp3,hum/905b79b155ba2248_3_50949481a3eb8d9b.wav
905b79b155ba2248,song/905b79b155ba2248_3_0992f8ed73e82862.mp3,hum/905b79b155ba2248_3_8fefad3619e6cf86.wav
905b79b155ba2248,song/905b79b155ba2248_3_0992f8ed73e82862.mp3,hum/905b79b155ba2248_3_71dbc38c570b1b6e.wav
905b79b155ba2248,song/905b79b155ba2248_3_0992f8ed73e82862.mp3,hum/905b79b155ba2248_3_29e1cf87dfbf57da.wav
905b79b155ba2248,song/905b79b155ba2248_3_0992f8ed73e82862.mp3,hum/905b79b155ba2248_3_ca56d226845baea9.wav
905b79b155ba2248,song/905b79b155ba2248_3_0992f8ed73e82862.mp3,hum/905b79b155ba2248_3_633d779d3754d7d1.wav
91fcc61b6155d117,song/91fcc61b6155d117_1_dc86ac598f3c4286.mp3,hum/91fcc61b6155d117_1_25d110f42ac6f74d.wav
91fcc61b6155d117,song/91fcc61b6155d117_1_dc86ac598f3c4286.mp3,hum/91fcc61b6155d117_1_39b628b3f7b10fd1.wav
91fcc61b6155d117,song/91fcc61b6155d117_1_dc86ac598f3c4286.mp3,hum/91fcc61b6155d117_1_036947dbaca07b23.wav
91fcc61b6155d117,song/91fcc61b6155d117_1_dc86ac598f3c4286.mp3,hum/91fcc61b6155d117_1_46f7e3ee6924831b.wav
91fcc61b6155d117,song/91fcc61b6155d117_1_dc86ac598f3c4286.mp3,hum/91fcc61b6155d117_1_3810796d6719136e.wav
91fcc61b6155d117,song/91fcc61b6155d117_1_dc86ac598f3c4286.mp3,hum/91fcc61b6155d117_1_1eee140c3d261b50.wav
91fcc61b6155d117,song/91fcc61b6155d117_2_92ffa72efb3a5ded.mp3,hum/91fcc61b6155d117_2_92b23ee3a62fa57f.wav
91fcc61b6155d117,song/91fcc61b6155d117_2_92ffa72efb3a5ded.mp3,hum/91fcc61b6155d117_2_4c8c01e43f76cd72.wav
91fcc61b6155d117,song/91fcc61b6155d117_2_92ffa72efb3a5ded.mp3,hum/91fcc61b6155d117_2_c88cc6a0f971a598.wav
91fcc61b6155d117,song/91fcc61b6155d117_2_92ffa72efb3a5ded.mp3,hum/91fcc61b6155d117_2_93fc0cc70088c3cd.wav
9208d15658afce44,song/9208d15658afce44_1_c7a32082ad721740.mp3,hum/9208d15658afce44_1_ed755806894e45dd.wav
9208d15658afce44,song/9208d15658afce44_1_c7a32082ad721740.mp3,hum/9208d15658afce44_1_675702180700d724.wav
9208d15658afce44,song/9208d15658afce44_1_c7a32082ad721740.mp3,hum/9208d15658afce44_1_060c5a1cebde0993.wav
9208d15658afce44,song/9208d15658afce44_1_c7a32082ad721740.mp3,hum/9208d15658afce44_1_8d26296df1c24f11.wav
9208d15658afce44,song/9208d15658afce44_1_c7a32082ad721740.mp3,hum/9208d15658afce44_1_07a60b4b70965cd0.wav
9208d15658afce44,song/9208d15658afce44_2_cca74333512c1371.mp3,hum/9208d15658afce44_2_3804fa04bdd76bf7.wav
9208d15658afce44,song/9208d15658afce44_2_cca74333512c1371.mp3,hum/9208d15658afce44_2_f2b805694ccb875c.wav
9208d15658afce44,song/9208d15658afce44_2_cca74333512c1371.mp3,hum/9208d15658afce44_2_837720db9b8620b4.wav
9208d15658afce44,song/9208d15658afce44_2_cca74333512c1371.mp3,hum/9208d15658afce44_2_d832f879b94d9092.wav
9208d15658afce44,song/9208d15658afce44_2_cca74333512c1371.mp3,hum/9208d15658afce44_2_8a4a6e20ad1ffe25.wav
9208d15658afce44,song/9208d15658afce44_3_904e083ef3ce04c9.mp3,hum/9208d15658afce44_3_8bfe56e8419a2c0c.wav
9208d15658afce44,song/9208d15658afce44_3_904e083ef3ce04c9.mp3,hum/9208d15658afce44_3_8a251ac8f4deb233.wav
9208d15658afce44,song/9208d15658afce44_3_904e083ef3ce04c9.mp3,hum/9208d15658afce44_3_a139633322627f46.wav
9208d15658afce44,song/9208d15658afce44_3_904e083ef3ce04c9.mp3,hum/9208d15658afce44_3_251eb79713b30654.wav
9208d15658afce44,song/9208d15658afce44_3_904e083ef3ce04c9.mp3,hum/9208d15658afce44_3_b5fe335027ee0fd2.wav
927cb57224703fbe,song/927cb57224703fbe_1_da9d3c9d874ffd65.mp3,hum/927cb57224703fbe_1_a0cd6dbbbe2c471f.wav
927cb57224703fbe,song/927cb57224703fbe_1_da9d3c9d874ffd65.mp3,hum/927cb57224703fbe_1_4780cd54c3c53107.wav
927cb57224703fbe,song/927cb57224703fbe_1_da9d3c9d874ffd65.mp3,hum/927cb57224703fbe_1_9070ecc627c0c5fe.wav
927cb57224703fbe,song/927cb57224703fbe_1_da9d3c9d874ffd65.mp3,hum/927cb57224703fbe_1_c90f7a2faaac84d9.wav
927cb57224703fbe,song/927cb57224703fbe_1_da9d3c9d874ffd65.mp3,hum/927cb57224703fbe_1_a2dd91ef2bd451f3.wav
927cb57224703fbe,song/927cb57224703fbe_2_f5f0aefe3d8ec2ea.mp3,hum/927cb57224703fbe_2_f7b77bdc56891dfd.wav
927cb57224703fbe,song/927cb57224703fbe_2_f5f0aefe3d8ec2ea.mp3,hum/927cb57224703fbe_2_1a865fa427c52c79.wav
927cb57224703fbe,song/927cb57224703fbe_2_f5f0aefe3d8ec2ea.mp3,hum/927cb57224703fbe_2_e27ec48f3653d505.wav
927cb57224703fbe,song/927cb57224703fbe_2_f5f0aefe3d8ec2ea.mp3,hum/927cb57224703fbe_2_e2e06fe7f3e67620.wav
927cb57224703fbe,song/927cb57224703fbe_2_f5f0aefe3d8ec2ea.mp3,hum/927cb57224703fbe_2_f79a34bd6cc945a1.wav
927cb57224703fbe,song/927cb57224703fbe_3_b2bfc72bd1517974.mp3,hum/927cb57224703fbe_3_adb9745843520fa9.wav
927cb57224703fbe,song/927cb57224703fbe_3_b2bfc72bd1517974.mp3,hum/927cb57224703fbe_3_43b3b45d8fed7a6f.wav
927cb57224703fbe,song/927cb57224703fbe_3_b2bfc72bd1517974.mp3,hum/927cb57224703fbe_3_c42ff3839ec4e8a4.wav
927cb57224703fbe,song/927cb57224703fbe_3_b2bfc72bd1517974.mp3,hum/927cb57224703fbe_3_8a67b8f693d2e3d5.wav
927cb57224703fbe,song/927cb57224703fbe_3_b2bfc72bd1517974.mp3,hum/927cb57224703fbe_3_3182786a0d56eef2.wav
93b9672fb73bc0df,song/93b9672fb73bc0df_1_c17a86e305f3d662.mp3,hum/93b9672fb73bc0df_1_1ea854562538ed17.wav
93b9672fb73bc0df,song/93b9672fb73bc0df_1_c17a86e305f3d662.mp3,hum/93b9672fb73bc0df_1_f8ecd3f85841cc31.wav
93b9672fb73bc0df,song/93b9672fb73bc0df_1_c17a86e305f3d662.mp3,hum/93b9672fb73bc0df_1_1f6957e2d0fc8a11.wav
93b9672fb73bc0df,song/93b9672fb73bc0df_1_c17a86e305f3d662.mp3,hum/93b9672fb73bc0df_1_60da318ca354ae9f.wav
93b9672fb73bc0df,song/93b9672fb73bc0df_1_c17a86e305f3d662.mp3,hum/93b9672fb73bc0df_1_047d2282c2869d44.wav
93b9672fb73bc0df,song/93b9672fb73bc0df_1_c17a86e305f3d662.mp3,hum/93b9672fb73bc0df_1_0de9d22e1648c66b.wav
93b9672fb73bc0df,song/93b9672fb73bc0df_1_c17a86e305f3d662.mp3,hum/93b9672fb73bc0df_1_73eb2e2474e5b4ad.wav
93b9672fb73bc0df,song/93b9672fb73bc0df_1_c17a86e305f3d662.mp3,hum/93b9672fb73bc0df_1_f7aac5c1abd8e78d.wav
93b9672fb73bc0df,song/93b9672fb73bc0df_1_c17a86e305f3d662.mp3,hum/93b9672fb73bc0df_1_86c264c5bb983f70.wav
93b9672fb73bc0df,song/93b9672fb73bc0df_1_c17a86e305f3d662.mp3,hum/93b9672fb73bc0df_1_4c7a71afff642ec2.wav
93b9672fb73bc0df,song/93b9672fb73bc0df_1_c17a86e305f3d662.mp3,hum/93b9672fb73bc0df_1_c64eb758cba22d20.wav
93b9672fb73bc0df,song/93b9672fb73bc0df_2_566a7b16896a6ce1.mp3,hum/93b9672fb73bc0df_2_16c4f420078ba6aa.wav
93b9672fb73bc0df,song/93b9672fb73bc0df_2_566a7b16896a6ce1.mp3,hum/93b9672fb73bc0df_2_5f7781184f86d64c.wav
93b9672fb73bc0df,song/93b9672fb73bc0df_2_566a7b16896a6ce1.mp3,hum/93b9672fb73bc0df_2_32563b620ae43c78.wav
93b9672fb73bc0df,song/93b9672fb73bc0df_2_566a7b16896a6ce1.mp3,hum/93b9672fb73bc0df_2_a4c7209beb9bd45e.wav
93b9672fb73bc0df,song/93b9672fb73bc0df_2_566a7b16896a6ce1.mp3,hum/93b9672fb73bc0df_2_ec4cd92825cc6dcd.wav
93b9672fb73bc0df,song/93b9672fb73bc0df_2_566a7b16896a6ce1.mp3,hum/93b9672fb73bc0df_2_8d66e78c519331f1.wav
93b9672fb73bc0df,song/93b9672fb73bc0df_2_566a7b16896a6ce1.mp3,hum/93b9672fb73bc0df_2_3ca822fcc740a858.wav
93b9672fb73bc0df,song/93b9672fb73bc0df_2_566a7b16896a6ce1.mp3,hum/93b9672fb73bc0df_2_5e52da9a3000809f.wav
95e3fe9d08fbb5a0,song/95e3fe9d08fbb5a0_1_9bbc7ced21c7f993.mp3,hum/95e3fe9d08fbb5a0_1_ce4d5ed9a3196d9a.wav
95e3fe9d08fbb5a0,song/95e3fe9d08fbb5a0_1_9bbc7ced21c7f993.mp3,hum/95e3fe9d08fbb5a0_1_0a0b050839b58b15.wav
95e3fe9d08fbb5a0,song/95e3fe9d08fbb5a0_1_9bbc7ced21c7f993.mp3,hum/95e3fe9d08fbb5a0_1_8ddba8c95e89ef61.wav
95e3fe9d08fbb5a0,song/95e3fe9d08fbb5a0_1_9bbc7ced21c7f993.mp3,hum/95e3fe9d08fbb5a0_1_18b60c72c0636722.wav
95e3fe9d08fbb5a0,song/95e3fe9d08fbb5a0_1_9bbc7ced21c7f993.mp3,hum/95e3fe9d08fbb5a0_1_c88671b9a7eba1a2.wav
95e3fe9d08fbb5a0,song/95e3fe9d08fbb5a0_2_4c03cd20e2fb21d9.mp3,hum/95e3fe9d08fbb5a0_2_f8cebd9e95864602.wav
95e3fe9d08fbb5a0,song/95e3fe9d08fbb5a0_2_4c03cd20e2fb21d9.mp3,hum/95e3fe9d08fbb5a0_2_fe719161f1adfe21.wav
95e3fe9d08fbb5a0,song/95e3fe9d08fbb5a0_2_4c03cd20e2fb21d9.mp3,hum/95e3fe9d08fbb5a0_2_1358659ce4c6e4e2.wav
95e3fe9d08fbb5a0,song/95e3fe9d08fbb5a0_2_4c03cd20e2fb21d9.mp3,hum/95e3fe9d08fbb5a0_2_648c5f568a2e7db7.wav
95e3fe9d08fbb5a0,song/95e3fe9d08fbb5a0_2_4c03cd20e2fb21d9.mp3,hum/95e3fe9d08fbb5a0_2_d93bcc4445ada1a6.wav
95e3fe9d08fbb5a0,song/95e3fe9d08fbb5a0_3_9cf8895fe95ea11e.mp3,hum/95e3fe9d08fbb5a0_3_108f0349769f09c4.wav
95e3fe9d08fbb5a0,song/95e3fe9d08fbb5a0_3_9cf8895fe95ea11e.mp3,hum/95e3fe9d08fbb5a0_3_bc57ba53b3c11f6f.wav
95e3fe9d08fbb5a0,song/95e3fe9d08fbb5a0_3_9cf8895fe95ea11e.mp3,hum/95e3fe9d08fbb5a0_3_e6a0abe425367c5a.wav
95e3fe9d08fbb5a0,song/95e3fe9d08fbb5a0_3_9cf8895fe95ea11e.mp3,hum/95e3fe9d08fbb5a0_3_2a164c86b77ce9f1.wav
95e3fe9d08fbb5a0,song/95e3fe9d08fbb5a0_3_9cf8895fe95ea11e.mp3,hum/95e3fe9d08fbb5a0_3_6f505a761553009e.wav
96561f6abe7a7f6a,song/96561f6abe7a7f6a_1_c278ccb419a8133b.mp3,hum/96561f6abe7a7f6a_1_76b65eb376ea9fa2.wav
96561f6abe7a7f6a,song/96561f6abe7a7f6a_1_c278ccb419a8133b.mp3,hum/96561f6abe7a7f6a_1_ddbfc6ec6772cfb1.wav
96561f6abe7a7f6a,song/96561f6abe7a7f6a_1_c278ccb419a8133b.mp3,hum/96561f6abe7a7f6a_1_83463e14243f1b2d.wav
96561f6abe7a7f6a,song/96561f6abe7a7f6a_1_c278ccb419a8133b.mp3,hum/96561f6abe7a7f6a_1_87e3f0dbe691b5d2.wav
96561f6abe7a7f6a,song/96561f6abe7a7f6a_1_c278ccb419a8133b.mp3,hum/96561f6abe7a7f6a_1_93d5fc06ff8346f7.wav
96561f6abe7a7f6a,song/96561f6abe7a7f6a_1_c278ccb419a8133b.mp3,hum/96561f6abe7a7f6a_1_ede57c4fc416178a.wav
96561f6abe7a7f6a,song/96561f6abe7a7f6a_1_c278ccb419a8133b.mp3,hum/96561f6abe7a7f6a_1_dfda0110723a7630.wav
98cb9a73905bccda,song/98cb9a73905bccda_1_4fb6f6ef26f3158c.mp3,hum/98cb9a73905bccda_1_169d5cf6c1d5d84a.wav
98cb9a73905bccda,song/98cb9a73905bccda_1_4fb6f6ef26f3158c.mp3,hum/98cb9a73905bccda_1_5e1557e2473cbf67.wav
98cb9a73905bccda,song/98cb9a73905bccda_1_4fb6f6ef26f3158c.mp3,hum/98cb9a73905bccda_1_ca3a4371e4ad29d6.wav
98cb9a73905bccda,song/98cb9a73905bccda_1_4fb6f6ef26f3158c.mp3,hum/98cb9a73905bccda_1_ef68f0e0bee22b0d.wav
98cb9a73905bccda,song/98cb9a73905bccda_1_4fb6f6ef26f3158c.mp3,hum/98cb9a73905bccda_1_c1424d454a70d600.wav
98cb9a73905bccda,song/98cb9a73905bccda_1_4fb6f6ef26f3158c.mp3,hum/98cb9a73905bccda_1_de1d4356b2ca53e2.wav
98cb9a73905bccda,song/98cb9a73905bccda_1_4fb6f6ef26f3158c.mp3,hum/98cb9a73905bccda_1_688c50a193ac872e.wav
98fb20516b199609,song/98fb20516b199609_1_8a4b09ab279f1b8e.mp3,hum/98fb20516b199609_1_18c8b7595442c886.wav
98fb20516b199609,song/98fb20516b199609_1_8a4b09ab279f1b8e.mp3,hum/98fb20516b199609_1_fdb08b8dc52d9407.wav
98fb20516b199609,song/98fb20516b199609_1_8a4b09ab279f1b8e.mp3,hum/98fb20516b199609_1_98a6d473054826f7.wav
98fb20516b199609,song/98fb20516b199609_1_8a4b09ab279f1b8e.mp3,hum/98fb20516b199609_1_221d7c59ab357730.wav
98fb20516b199609,song/98fb20516b199609_1_8a4b09ab279f1b8e.mp3,hum/98fb20516b199609_1_3604ebb948003b34.wav
98fb20516b199609,song/98fb20516b199609_1_8a4b09ab279f1b8e.mp3,hum/98fb20516b199609_1_700796518b3a3168.wav
98fb20516b199609,song/98fb20516b199609_1_8a4b09ab279f1b8e.mp3,hum/98fb20516b199609_1_879da4f1e2598884.wav
98fb20516b199609,song/98fb20516b199609_1_8a4b09ab279f1b8e.mp3,hum/98fb20516b199609_1_524bb80791c70a50.wav
98fb20516b199609,song/98fb20516b199609_2_d63c3cd7f3a89ba8.mp3,hum/98fb20516b199609_2_e7ccc4a89894fdaa.wav
98fb20516b199609,song/98fb20516b199609_2_d63c3cd7f3a89ba8.mp3,hum/98fb20516b199609_2_f50858ee0951a35c.wav
98fb20516b199609,song/98fb20516b199609_2_d63c3cd7f3a89ba8.mp3,hum/98fb20516b199609_2_98d0ff378dc85842.wav
98fb20516b199609,song/98fb20516b199609_2_d63c3cd7f3a89ba8.mp3,hum/98fb20516b199609_2_706b895df5d49c13.wav
98fb20516b199609,song/98fb20516b199609_2_d63c3cd7f3a89ba8.mp3,hum/98fb20516b199609_2_5db28a6d2e34b4f7.wav
98fb20516b199609,song/98fb20516b199609_2_d63c3cd7f3a89ba8.mp3,hum/98fb20516b199609_2_125fa861899c8f02.wav
98fb20516b199609,song/98fb20516b199609_2_d63c3cd7f3a89ba8.mp3,hum/98fb20516b199609_2_cbc69f47c789e691.wav
98fb20516b199609,song/98fb20516b199609_2_d63c3cd7f3a89ba8.mp3,hum/98fb20516b199609_2_12dd6091ce73a7de.wav
9975a38454080e8c,song/9975a38454080e8c_1_b95c456325f2f190.mp3,hum/9975a38454080e8c_1_144f6a17cfee06a4.wav
9975a38454080e8c,song/9975a38454080e8c_1_b95c456325f2f190.mp3,hum/9975a38454080e8c_1_fa659f8c3e7a58b6.wav
9975a38454080e8c,song/9975a38454080e8c_1_b95c456325f2f190.mp3,hum/9975a38454080e8c_1_63c497d67d59e875.wav
9975a38454080e8c,song/9975a38454080e8c_2_1942ea3e6cb51d92.mp3,hum/9975a38454080e8c_2_ea48ba1d5baa1f96.wav
9975a38454080e8c,song/9975a38454080e8c_2_1942ea3e6cb51d92.mp3,hum/9975a38454080e8c_2_cbd310570e9cfca7.wav
9975a38454080e8c,song/9975a38454080e8c_2_1942ea3e6cb51d92.mp3,hum/9975a38454080e8c_2_1befee0684c9b3cc.wav
9975a38454080e8c,song/9975a38454080e8c_2_1942ea3e6cb51d92.mp3,hum/9975a38454080e8c_2_8c02a5504f1e14ee.wav
9975a38454080e8c,song/9975a38454080e8c_2_1942ea3e6cb51d92.mp3,hum/9975a38454080e8c_2_e5cf7a8bd1ec26d7.wav
9975a38454080e8c,song/9975a38454080e8c_3_4b22f89458f6d078.mp3,hum/9975a38454080e8c_3_1d9a90318e961799.wav
9975a38454080e8c,song/9975a38454080e8c_3_4b22f89458f6d078.mp3,hum/9975a38454080e8c_3_8b804cf45cf491d8.wav
9975a38454080e8c,song/9975a38454080e8c_3_4b22f89458f6d078.mp3,hum/9975a38454080e8c_3_cac5e965f95467b8.wav
9975a38454080e8c,song/9975a38454080e8c_3_4b22f89458f6d078.mp3,hum/9975a38454080e8c_3_d39a70dbf58a56b0.wav
9975a38454080e8c,song/9975a38454080e8c_4_f61f55ede1c26281.mp3,hum/9975a38454080e8c_4_081e5f2f51d97e53.wav
9975a38454080e8c,song/9975a38454080e8c_4_f61f55ede1c26281.mp3,hum/9975a38454080e8c_4_63837115de064d20.wav
9975a38454080e8c,song/9975a38454080e8c_4_f61f55ede1c26281.mp3,hum/9975a38454080e8c_4_25e78412d5615e7e.wav
9975a38454080e8c,song/9975a38454080e8c_4_f61f55ede1c26281.mp3,hum/9975a38454080e8c_4_7aaa4cd7e2f5c056.wav
9975a38454080e8c,song/9975a38454080e8c_4_f61f55ede1c26281.mp3,hum/9975a38454080e8c_4_606aea6e3984c1f0.wav
9a201b13a302994c,song/9a201b13a302994c_1_1321b530660d10fb.mp3,hum/9a201b13a302994c_1_8da1b217af58bf11.wav
9a201b13a302994c,song/9a201b13a302994c_1_1321b530660d10fb.mp3,hum/9a201b13a302994c_1_56146da710c732ec.wav
9a201b13a302994c,song/9a201b13a302994c_1_1321b530660d10fb.mp3,hum/9a201b13a302994c_1_7cd25e4c2d973f64.wav
9a201b13a302994c,song/9a201b13a302994c_1_1321b530660d10fb.mp3,hum/9a201b13a302994c_1_9e09d1cb492570d9.wav
9a201b13a302994c,song/9a201b13a302994c_1_1321b530660d10fb.mp3,hum/9a201b13a302994c_1_a940308280fa9c4d.wav
9a201b13a302994c,song/9a201b13a302994c_1_1321b530660d10fb.mp3,hum/9a201b13a302994c_1_5d68d0da796b133d.wav
9a201b13a302994c,song/9a201b13a302994c_1_1321b530660d10fb.mp3,hum/9a201b13a302994c_1_aa711e5c415a0e57.wav
9a201b13a302994c,song/9a201b13a302994c_1_1321b530660d10fb.mp3,hum/9a201b13a302994c_1_5344796eb79a7364.wav
9a201b13a302994c,song/9a201b13a302994c_1_1321b530660d10fb.mp3,hum/9a201b13a302994c_1_fbe2983021e201c6.wav
9a201b13a302994c,song/9a201b13a302994c_1_1321b530660d10fb.mp3,hum/9a201b13a302994c_1_259e1d4d74604596.wav
9a201b13a302994c,song/9a201b13a302994c_1_1321b530660d10fb.mp3,hum/9a201b13a302994c_1_97160c3764570329.wav
9a201b13a302994c,song/9a201b13a302994c_1_1321b530660d10fb.mp3,hum/9a201b13a302994c_1_e21e0a8dd0e9ea69.wav
9a201b13a302994c,song/9a201b13a302994c_1_1321b530660d10fb.mp3,hum/9a201b13a302994c_1_5a590131fd735641.wav
9a201b13a302994c,song/9a201b13a302994c_1_1321b530660d10fb.mp3,hum/9a201b13a302994c_1_d0b090a82c66670e.wav
9a201b13a302994c,song/9a201b13a302994c_1_1321b530660d10fb.mp3,hum/9a201b13a302994c_1_409cfb5ff6cfa8b2.wav
9a201b13a302994c,song/9a201b13a302994c_1_1321b530660d10fb.mp3,hum/9a201b13a302994c_1_3334831890e7b5b4.wav
9a201b13a302994c,song/9a201b13a302994c_1_1321b530660d10fb.mp3,hum/9a201b13a302994c_1_7668561624270f97.wav
9a201b13a302994c,song/9a201b13a302994c_1_1321b530660d10fb.mp3,hum/9a201b13a302994c_1_eebbeefb8200d84d.wav
9a201b13a302994c,song/9a201b13a302994c_1_1321b530660d10fb.mp3,hum/9a201b13a302994c_1_21ae05cc2724f78d.wav
9a201b13a302994c,song/9a201b13a302994c_1_1321b530660d10fb.mp3,hum/9a201b13a302994c_1_b5304006582860d3.wav
9a201b13a302994c,song/9a201b13a302994c_1_1321b530660d10fb.mp3,hum/9a201b13a302994c_1_b4b96ea6336d62e7.wav
9a201b13a302994c,song/9a201b13a302994c_1_1321b530660d10fb.mp3,hum/9a201b13a302994c_1_77c662fa58c029a9.wav
9af20ad8ae0198b5,song/9af20ad8ae0198b5_1_dccab953df1c44ee.mp3,hum/9af20ad8ae0198b5_1_cf7e53dbfdb45ea1.wav
9af20ad8ae0198b5,song/9af20ad8ae0198b5_1_dccab953df1c44ee.mp3,hum/9af20ad8ae0198b5_1_601e70763be32e8c.wav
9af20ad8ae0198b5,song/9af20ad8ae0198b5_1_dccab953df1c44ee.mp3,hum/9af20ad8ae0198b5_1_9322a5562c145334.wav
9af20ad8ae0198b5,song/9af20ad8ae0198b5_1_dccab953df1c44ee.mp3,hum/9af20ad8ae0198b5_1_575054c14cd38b9d.wav
9af20ad8ae0198b5,song/9af20ad8ae0198b5_2_44b753dbc2c0cc5d.mp3,hum/9af20ad8ae0198b5_2_46b08f8f3bc8c2a8.wav
9af20ad8ae0198b5,song/9af20ad8ae0198b5_2_44b753dbc2c0cc5d.mp3,hum/9af20ad8ae0198b5_2_b268513caf05ee97.wav
9af20ad8ae0198b5,song/9af20ad8ae0198b5_2_44b753dbc2c0cc5d.mp3,hum/9af20ad8ae0198b5_2_ba04d01e3918f4fe.wav
9af20ad8ae0198b5,song/9af20ad8ae0198b5_2_44b753dbc2c0cc5d.mp3,hum/9af20ad8ae0198b5_2_77895c62c95f6acc.wav
9af20ad8ae0198b5,song/9af20ad8ae0198b5_3_a3f770cc1af5786b.mp3,hum/9af20ad8ae0198b5_3_ed30705756cb13c2.wav
9af20ad8ae0198b5,song/9af20ad8ae0198b5_3_a3f770cc1af5786b.mp3,hum/9af20ad8ae0198b5_3_796cd2314f88e8ed.wav
9af20ad8ae0198b5,song/9af20ad8ae0198b5_3_a3f770cc1af5786b.mp3,hum/9af20ad8ae0198b5_3_0865073bd72a2d02.wav
9af20ad8ae0198b5,song/9af20ad8ae0198b5_3_a3f770cc1af5786b.mp3,hum/9af20ad8ae0198b5_3_8374062c1b7ddde1.wav
9af20ad8ae0198b5,song/9af20ad8ae0198b5_4_df3116406fc8b9d8.mp3,hum/9af20ad8ae0198b5_4_697cac66b5027169.wav
9af20ad8ae0198b5,song/9af20ad8ae0198b5_4_df3116406fc8b9d8.mp3,hum/9af20ad8ae0198b5_4_6981844d0a422190.wav
9af20ad8ae0198b5,song/9af20ad8ae0198b5_4_df3116406fc8b9d8.mp3,hum/9af20ad8ae0198b5_4_f4b1c50a3f2343cb.wav
9af20ad8ae0198b5,song/9af20ad8ae0198b5_4_df3116406fc8b9d8.mp3,hum/9af20ad8ae0198b5_4_c1187a2d1b012deb.wav
9c4ed204ee440755,song/9c4ed204ee440755_1_d4594867a22025a9.mp3,hum/9c4ed204ee440755_1_d3472efd789f38ac.wav
9c4ed204ee440755,song/9c4ed204ee440755_1_d4594867a22025a9.mp3,hum/9c4ed204ee440755_1_11fa7c0c2dc39649.wav
9c4ed204ee440755,song/9c4ed204ee440755_1_d4594867a22025a9.mp3,hum/9c4ed204ee440755_1_57f6f3c0b79c5341.wav
9c4ed204ee440755,song/9c4ed204ee440755_1_d4594867a22025a9.mp3,hum/9c4ed204ee440755_1_f3b80c04083b4d77.wav
9c4ed204ee440755,song/9c4ed204ee440755_1_d4594867a22025a9.mp3,hum/9c4ed204ee440755_1_348087b0d3195f94.wav
9c95f1fd915ab1a5,song/9c95f1fd915ab1a5_1_a3c9c01461c4c591.mp3,hum/9c95f1fd915ab1a5_1_1e349d62f5b4b56c.wav
9c95f1fd915ab1a5,song/9c95f1fd915ab1a5_1_a3c9c01461c4c591.mp3,hum/9c95f1fd915ab1a5_1_34fb5cdcefd710b1.wav
9c95f1fd915ab1a5,song/9c95f1fd915ab1a5_1_a3c9c01461c4c591.mp3,hum/9c95f1fd915ab1a5_1_c077058d94d32c03.wav
9c95f1fd915ab1a5,song/9c95f1fd915ab1a5_1_a3c9c01461c4c591.mp3,hum/9c95f1fd915ab1a5_1_d733a2ee21f13216.wav
9c95f1fd915ab1a5,song/9c95f1fd915ab1a5_1_a3c9c01461c4c591.mp3,hum/9c95f1fd915ab1a5_1_4f61d600cae9594a.wav
9c95f1fd915ab1a5,song/9c95f1fd915ab1a5_2_23f0ac636abacf10.mp3,hum/9c95f1fd915ab1a5_2_b35b41539424a5cd.wav
9c95f1fd915ab1a5,song/9c95f1fd915ab1a5_2_23f0ac636abacf10.mp3,hum/9c95f1fd915ab1a5_2_08b56e9e6b26ab3e.wav
9c95f1fd915ab1a5,song/9c95f1fd915ab1a5_2_23f0ac636abacf10.mp3,hum/9c95f1fd915ab1a5_2_cc4c7454bda37fd9.wav
9c95f1fd915ab1a5,song/9c95f1fd915ab1a5_2_23f0ac636abacf10.mp3,hum/9c95f1fd915ab1a5_2_98e00a1d3489de53.wav
9c95f1fd915ab1a5,song/9c95f1fd915ab1a5_2_23f0ac636abacf10.mp3,hum/9c95f1fd915ab1a5_2_db37a58c084b1237.wav
9ce5dc54e4627eac,song/9ce5dc54e4627eac_1_bbdf487a1b642adf.mp3,hum/9ce5dc54e4627eac_1_3ff807c6e4bed59e.wav
9ce5dc54e4627eac,song/9ce5dc54e4627eac_1_bbdf487a1b642adf.mp3,hum/9ce5dc54e4627eac_1_4f99e4f1d9e6601e.wav
9ce5dc54e4627eac,song/9ce5dc54e4627eac_1_bbdf487a1b642adf.mp3,hum/9ce5dc54e4627eac_1_f7aaea44093c06c3.wav
9ce5dc54e4627eac,song/9ce5dc54e4627eac_1_bbdf487a1b642adf.mp3,hum/9ce5dc54e4627eac_1_f6ed2e22ed518bb1.wav
9ce5dc54e4627eac,song/9ce5dc54e4627eac_1_bbdf487a1b642adf.mp3,hum/9ce5dc54e4627eac_1_79c04dfa10b1cfab.wav
9ce5dc54e4627eac,song/9ce5dc54e4627eac_2_d12e6f222bd5cc24.mp3,hum/9ce5dc54e4627eac_2_22ba566e66c0c22c.wav
9ce5dc54e4627eac,song/9ce5dc54e4627eac_2_d12e6f222bd5cc24.mp3,hum/9ce5dc54e4627eac_2_be5f52c46a165536.wav
9ce5dc54e4627eac,song/9ce5dc54e4627eac_2_d12e6f222bd5cc24.mp3,hum/9ce5dc54e4627eac_2_46e6e92886fd69fa.wav
9ce5dc54e4627eac,song/9ce5dc54e4627eac_2_d12e6f222bd5cc24.mp3,hum/9ce5dc54e4627eac_2_720edb892f026771.wav
9ce5dc54e4627eac,song/9ce5dc54e4627eac_2_d12e6f222bd5cc24.mp3,hum/9ce5dc54e4627eac_2_59a6cfd9a43a643a.wav
9ce5dc54e4627eac,song/9ce5dc54e4627eac_3_3717d4ec092b02bd.mp3,hum/9ce5dc54e4627eac_3_50748a2ab8cd0fd9.wav
9ce5dc54e4627eac,song/9ce5dc54e4627eac_3_3717d4ec092b02bd.mp3,hum/9ce5dc54e4627eac_3_2cb840bf4fd825a3.wav
9ce5dc54e4627eac,song/9ce5dc54e4627eac_3_3717d4ec092b02bd.mp3,hum/9ce5dc54e4627eac_3_22dc62a4af3a414b.wav
9ce5dc54e4627eac,song/9ce5dc54e4627eac_3_3717d4ec092b02bd.mp3,hum/9ce5dc54e4627eac_3_52cb04c4f5e5f0b3.wav
9ce5dc54e4627eac,song/9ce5dc54e4627eac_3_3717d4ec092b02bd.mp3,hum/9ce5dc54e4627eac_3_b9a6aec940dc9677.wav
9f73824bb07a1c57,song/9f73824bb07a1c57_1_e009385eea10f7d3.mp3,hum/9f73824bb07a1c57_1_5576088a5c83587d.wav
9f73824bb07a1c57,song/9f73824bb07a1c57_1_e009385eea10f7d3.mp3,hum/9f73824bb07a1c57_1_444ce0a0f50ac969.wav
9f73824bb07a1c57,song/9f73824bb07a1c57_1_e009385eea10f7d3.mp3,hum/9f73824bb07a1c57_1_09cf50fc33f4ed80.wav
a2121158c82e27f6,song/a2121158c82e27f6_1_366f029a378ae5a8.mp3,hum/a2121158c82e27f6_1_f8050d12ab00a752.wav
a2121158c82e27f6,song/a2121158c82e27f6_1_366f029a378ae5a8.mp3,hum/a2121158c82e27f6_1_f71d701da94575d7.wav
a2121158c82e27f6,song/a2121158c82e27f6_1_366f029a378ae5a8.mp3,hum/a2121158c82e27f6_1_dbf482bf0498f485.wav
a2121158c82e27f6,song/a2121158c82e27f6_1_366f029a378ae5a8.mp3,hum/a2121158c82e27f6_1_f539f0e7bcd42fb9.wav
a2121158c82e27f6,song/a2121158c82e27f6_2_c71b01d0349d2bbe.mp3,hum/a2121158c82e27f6_2_1b15ce3e8b7e811f.wav
a2121158c82e27f6,song/a2121158c82e27f6_2_c71b01d0349d2bbe.mp3,hum/a2121158c82e27f6_2_579f8bc3961ba4f2.wav
a2121158c82e27f6,song/a2121158c82e27f6_2_c71b01d0349d2bbe.mp3,hum/a2121158c82e27f6_2_690282726c6af0a5.wav
a2121158c82e27f6,song/a2121158c82e27f6_2_c71b01d0349d2bbe.mp3,hum/a2121158c82e27f6_2_c1c966ef839ade42.wav
a30e15c7131b3e65,song/a30e15c7131b3e65_1_c00960eff1e52872.mp3,hum/a30e15c7131b3e65_1_ca9772c945d7a7f1.wav
a30e15c7131b3e65,song/a30e15c7131b3e65_1_c00960eff1e52872.mp3,hum/a30e15c7131b3e65_1_b1e9d06605ec3c73.wav
a30e15c7131b3e65,song/a30e15c7131b3e65_1_c00960eff1e52872.mp3,hum/a30e15c7131b3e65_1_673af860601b54a4.wav
a30e15c7131b3e65,song/a30e15c7131b3e65_1_c00960eff1e52872.mp3,hum/a30e15c7131b3e65_1_b08311d95212a686.wav
a30e15c7131b3e65,song/a30e15c7131b3e65_1_c00960eff1e52872.mp3,hum/a30e15c7131b3e65_1_13aa4371005bda39.wav
a30e15c7131b3e65,song/a30e15c7131b3e65_2_55077a3912a361ef.mp3,hum/a30e15c7131b3e65_2_46768c40f206ce79.wav
a30e15c7131b3e65,song/a30e15c7131b3e65_2_55077a3912a361ef.mp3,hum/a30e15c7131b3e65_2_c86d477aa69f3767.wav
a30e15c7131b3e65,song/a30e15c7131b3e65_2_55077a3912a361ef.mp3,hum/a30e15c7131b3e65_2_65859609ef19e2e3.wav
a30e15c7131b3e65,song/a30e15c7131b3e65_2_55077a3912a361ef.mp3,hum/a30e15c7131b3e65_2_9bf4033ca02685c6.wav
a30e15c7131b3e65,song/a30e15c7131b3e65_2_55077a3912a361ef.mp3,hum/a30e15c7131b3e65_2_d2ea85b480d27c3d.wav
a373cbc1b00b9771,song/a373cbc1b00b9771_1_17bb5fbf24c6602c.mp3,hum/a373cbc1b00b9771_1_3d71e54ded4a81c3.wav
a373cbc1b00b9771,song/a373cbc1b00b9771_1_17bb5fbf24c6602c.mp3,hum/a373cbc1b00b9771_1_c570660029270dcd.wav
a373cbc1b00b9771,song/a373cbc1b00b9771_1_17bb5fbf24c6602c.mp3,hum/a373cbc1b00b9771_1_3f65f3483ba1115c.wav
a373cbc1b00b9771,song/a373cbc1b00b9771_1_17bb5fbf24c6602c.mp3,hum/a373cbc1b00b9771_1_951ad436fb0676a0.wav
a373cbc1b00b9771,song/a373cbc1b00b9771_1_17bb5fbf24c6602c.mp3,hum/a373cbc1b00b9771_1_3eef25adeb77677b.wav
a373cbc1b00b9771,song/a373cbc1b00b9771_1_17bb5fbf24c6602c.mp3,hum/a373cbc1b00b9771_1_0089ace2349dc628.wav
a373cbc1b00b9771,song/a373cbc1b00b9771_1_17bb5fbf24c6602c.mp3,hum/a373cbc1b00b9771_1_93a15773a2786a6e.wav
a373cbc1b00b9771,song/a373cbc1b00b9771_1_17bb5fbf24c6602c.mp3,hum/a373cbc1b00b9771_1_232eb848d5884923.wav
a373cbc1b00b9771,song/a373cbc1b00b9771_1_17bb5fbf24c6602c.mp3,hum/a373cbc1b00b9771_1_a9b654afede3d16f.wav
a373cbc1b00b9771,song/a373cbc1b00b9771_1_17bb5fbf24c6602c.mp3,hum/a373cbc1b00b9771_1_03a6753adaadeabe.wav
a373cbc1b00b9771,song/a373cbc1b00b9771_1_17bb5fbf24c6602c.mp3,hum/a373cbc1b00b9771_1_ffcc817889bcdf83.wav
a39459b8adf705a2,song/a39459b8adf705a2_1_f30f98f833389e09.mp3,hum/a39459b8adf705a2_1_a2c4ac9db1df7195.wav
a39459b8adf705a2,song/a39459b8adf705a2_1_f30f98f833389e09.mp3,hum/a39459b8adf705a2_1_f9bb7c8453b259b8.wav
a39459b8adf705a2,song/a39459b8adf705a2_1_f30f98f833389e09.mp3,hum/a39459b8adf705a2_1_c531387a5925ccf5.wav
a39459b8adf705a2,song/a39459b8adf705a2_1_f30f98f833389e09.mp3,hum/a39459b8adf705a2_1_a76292b3e31e8cf5.wav
a39459b8adf705a2,song/a39459b8adf705a2_1_f30f98f833389e09.mp3,hum/a39459b8adf705a2_1_9690f4e652598fb3.wav
a39459b8adf705a2,song/a39459b8adf705a2_2_b775601f9aa2cf52.mp3,hum/a39459b8adf705a2_2_cca852714045f43f.wav
a39459b8adf705a2,song/a39459b8adf705a2_2_b775601f9aa2cf52.mp3,hum/a39459b8adf705a2_2_28f34b83fcc298d2.wav
a39459b8adf705a2,song/a39459b8adf705a2_2_b775601f9aa2cf52.mp3,hum/a39459b8adf705a2_2_33e30d8a60e1f6a7.wav
a39459b8adf705a2,song/a39459b8adf705a2_2_b775601f9aa2cf52.mp3,hum/a39459b8adf705a2_2_47f688532d54686f.wav
a39459b8adf705a2,song/a39459b8adf705a2_2_b775601f9aa2cf52.mp3,hum/a39459b8adf705a2_2_4783c577f6f3c1f8.wav
a39459b8adf705a2,song/a39459b8adf705a2_3_4c768e2730b9e080.mp3,hum/a39459b8adf705a2_3_115e1e6b17e38681.wav
a39459b8adf705a2,song/a39459b8adf705a2_3_4c768e2730b9e080.mp3,hum/a39459b8adf705a2_3_62ed2c3bab256623.wav
a39459b8adf705a2,song/a39459b8adf705a2_3_4c768e2730b9e080.mp3,hum/a39459b8adf705a2_3_7c6e4d020ab15bf6.wav
a39459b8adf705a2,song/a39459b8adf705a2_3_4c768e2730b9e080.mp3,hum/a39459b8adf705a2_3_5e18c0b68c947524.wav
a39459b8adf705a2,song/a39459b8adf705a2_3_4c768e2730b9e080.mp3,hum/a39459b8adf705a2_3_7c06c5233f7d9c8c.wav
a39459b8adf705a2,song/a39459b8adf705a2_4_a4e8c932a25aed8f.mp3,hum/a39459b8adf705a2_4_173f84b8c63bf4f7.wav
a39459b8adf705a2,song/a39459b8adf705a2_4_a4e8c932a25aed8f.mp3,hum/a39459b8adf705a2_4_ed3b209be1943905.wav
a39459b8adf705a2,song/a39459b8adf705a2_4_a4e8c932a25aed8f.mp3,hum/a39459b8adf705a2_4_a7b5ab906ae120fe.wav
a39459b8adf705a2,song/a39459b8adf705a2_4_a4e8c932a25aed8f.mp3,hum/a39459b8adf705a2_4_3c17f1909f04a65c.wav
a39459b8adf705a2,song/a39459b8adf705a2_4_a4e8c932a25aed8f.mp3,hum/a39459b8adf705a2_4_08efc54c5b0263ef.wav
a5e8239bbf99a651,song/a5e8239bbf99a651_1_a3867335b93bf29f.mp3,hum/a5e8239bbf99a651_1_bbf07b22baa67623.wav
a5e8239bbf99a651,song/a5e8239bbf99a651_1_a3867335b93bf29f.mp3,hum/a5e8239bbf99a651_1_47a62798dba4b32e.wav
a5e8239bbf99a651,song/a5e8239bbf99a651_1_a3867335b93bf29f.mp3,hum/a5e8239bbf99a651_1_771ebe0fb643d7b5.wav
a5e8239bbf99a651,song/a5e8239bbf99a651_1_a3867335b93bf29f.mp3,hum/a5e8239bbf99a651_1_75a1a6b1340fb932.wav
a5e8239bbf99a651,song/a5e8239bbf99a651_1_a3867335b93bf29f.mp3,hum/a5e8239bbf99a651_1_c27299a370305faa.wav
a5e8239bbf99a651,song/a5e8239bbf99a651_2_eea7451e93f3f9db.mp3,hum/a5e8239bbf99a651_2_fe53613a7dcac35f.wav
a5e8239bbf99a651,song/a5e8239bbf99a651_2_eea7451e93f3f9db.mp3,hum/a5e8239bbf99a651_2_c754df8b3987dbb1.wav
a5e8239bbf99a651,song/a5e8239bbf99a651_2_eea7451e93f3f9db.mp3,hum/a5e8239bbf99a651_2_45285899b7639bb4.wav
a5e8239bbf99a651,song/a5e8239bbf99a651_2_eea7451e93f3f9db.mp3,hum/a5e8239bbf99a651_2_55cd16fdc79b07c7.wav
a5e8239bbf99a651,song/a5e8239bbf99a651_2_eea7451e93f3f9db.mp3,hum/a5e8239bbf99a651_2_79141dcb5854c412.wav
a9223c7a03d920b0,song/a9223c7a03d920b0_1_d585cfce775ecb55.mp3,hum/a9223c7a03d920b0_1_c61b64390148a52f.wav
a9223c7a03d920b0,song/a9223c7a03d920b0_1_d585cfce775ecb55.mp3,hum/a9223c7a03d920b0_1_484f9119a4949869.wav
a9223c7a03d920b0,song/a9223c7a03d920b0_1_d585cfce775ecb55.mp3,hum/a9223c7a03d920b0_1_afc0457d991b85bc.wav
a9223c7a03d920b0,song/a9223c7a03d920b0_1_d585cfce775ecb55.mp3,hum/a9223c7a03d920b0_1_f675b0bb23d20af8.wav
a9223c7a03d920b0,song/a9223c7a03d920b0_2_67781918543a9f29.mp3,hum/a9223c7a03d920b0_2_c516c92ab194a043.wav
a9223c7a03d920b0,song/a9223c7a03d920b0_2_67781918543a9f29.mp3,hum/a9223c7a03d920b0_2_c2d10c5bab3367dc.wav
a9223c7a03d920b0,song/a9223c7a03d920b0_2_67781918543a9f29.mp3,hum/a9223c7a03d920b0_2_8132055994814b04.wav
a9223c7a03d920b0,song/a9223c7a03d920b0_2_67781918543a9f29.mp3,hum/a9223c7a03d920b0_2_22921889167273e6.wav
a9223c7a03d920b0,song/a9223c7a03d920b0_2_67781918543a9f29.mp3,hum/a9223c7a03d920b0_2_2e96d5e6b0f6d5a3.wav
a99a50e96d5dfcbd,song/a99a50e96d5dfcbd_1_3f05b0ac7c56902f.mp3,hum/a99a50e96d5dfcbd_1_11c4db9cafda9156.wav
a99a50e96d5dfcbd,song/a99a50e96d5dfcbd_1_3f05b0ac7c56902f.mp3,hum/a99a50e96d5dfcbd_1_8faa0e22c9294cb2.wav
a99a50e96d5dfcbd,song/a99a50e96d5dfcbd_1_3f05b0ac7c56902f.mp3,hum/a99a50e96d5dfcbd_1_860abaddac681037.wav
a99a50e96d5dfcbd,song/a99a50e96d5dfcbd_1_3f05b0ac7c56902f.mp3,hum/a99a50e96d5dfcbd_1_95a93c347e32bc65.wav
a99a50e96d5dfcbd,song/a99a50e96d5dfcbd_1_3f05b0ac7c56902f.mp3,hum/a99a50e96d5dfcbd_1_e62d7ed973a946b8.wav
a99a50e96d5dfcbd,song/a99a50e96d5dfcbd_1_3f05b0ac7c56902f.mp3,hum/a99a50e96d5dfcbd_1_9ea13260d1074615.wav
a99a50e96d5dfcbd,song/a99a50e96d5dfcbd_1_3f05b0ac7c56902f.mp3,hum/a99a50e96d5dfcbd_1_61c2e393d9db03f4.wav
a99a50e96d5dfcbd,song/a99a50e96d5dfcbd_1_3f05b0ac7c56902f.mp3,hum/a99a50e96d5dfcbd_1_38527cb5fb057448.wav
a99a50e96d5dfcbd,song/a99a50e96d5dfcbd_1_3f05b0ac7c56902f.mp3,hum/a99a50e96d5dfcbd_1_57b8e93684dd8f18.wav
a99a50e96d5dfcbd,song/a99a50e96d5dfcbd_1_3f05b0ac7c56902f.mp3,hum/a99a50e96d5dfcbd_1_458ced1df24ba4d5.wav
a99a50e96d5dfcbd,song/a99a50e96d5dfcbd_1_3f05b0ac7c56902f.mp3,hum/a99a50e96d5dfcbd_1_ed1460760b9e024d.wav
a99a50e96d5dfcbd,song/a99a50e96d5dfcbd_1_3f05b0ac7c56902f.mp3,hum/a99a50e96d5dfcbd_1_bcc175fbbcc4b391.wav
a99a50e96d5dfcbd,song/a99a50e96d5dfcbd_1_3f05b0ac7c56902f.mp3,hum/a99a50e96d5dfcbd_1_79ff54ca688ae451.wav
a99a50e96d5dfcbd,song/a99a50e96d5dfcbd_1_3f05b0ac7c56902f.mp3,hum/a99a50e96d5dfcbd_1_65c78eae9a4850d9.wav
aa34663e475216c3,song/aa34663e475216c3_1_b909bcf03ec38283.mp3,hum/aa34663e475216c3_1_937b9b2e26c4c68f.wav
aa34663e475216c3,song/aa34663e475216c3_1_b909bcf03ec38283.mp3,hum/aa34663e475216c3_1_4a3160669f4e5a33.wav
aa34663e475216c3,song/aa34663e475216c3_1_b909bcf03ec38283.mp3,hum/aa34663e475216c3_1_c9be3201c6c341db.wav
aa34663e475216c3,song/aa34663e475216c3_1_b909bcf03ec38283.mp3,hum/aa34663e475216c3_1_02bedd5ca8dae0eb.wav
aa34663e475216c3,song/aa34663e475216c3_1_b909bcf03ec38283.mp3,hum/aa34663e475216c3_1_a002dfdc560aa473.wav
ac940aa03b4be012,song/ac940aa03b4be012_1_c76e7e9916708523.mp3,hum/ac940aa03b4be012_1_5d8e4ee6ca714dce.wav
ac940aa03b4be012,song/ac940aa03b4be012_1_c76e7e9916708523.mp3,hum/ac940aa03b4be012_1_13d6cf827e9db004.wav
ac940aa03b4be012,song/ac940aa03b4be012_1_c76e7e9916708523.mp3,hum/ac940aa03b4be012_1_608ac3f1160b5b01.wav
ac940aa03b4be012,song/ac940aa03b4be012_1_c76e7e9916708523.mp3,hum/ac940aa03b4be012_1_4db5c3a2df724b3f.wav
ac940aa03b4be012,song/ac940aa03b4be012_1_c76e7e9916708523.mp3,hum/ac940aa03b4be012_1_5ba452a82ffcb8f8.wav
ac940aa03b4be012,song/ac940aa03b4be012_1_c76e7e9916708523.mp3,hum/ac940aa03b4be012_1_d2621fd1c4d23a76.wav
ac940aa03b4be012,song/ac940aa03b4be012_1_c76e7e9916708523.mp3,hum/ac940aa03b4be012_1_3e3946a0b30b35b3.wav
ac940aa03b4be012,song/ac940aa03b4be012_1_c76e7e9916708523.mp3,hum/ac940aa03b4be012_1_32989848e748fc1a.wav
ac940aa03b4be012,song/ac940aa03b4be012_1_c76e7e9916708523.mp3,hum/ac940aa03b4be012_1_26d621d096ed7099.wav
ac940aa03b4be012,song/ac940aa03b4be012_1_c76e7e9916708523.mp3,hum/ac940aa03b4be012_1_2383405c00aee36b.wav
ac940aa03b4be012,song/ac940aa03b4be012_1_c76e7e9916708523.mp3,hum/ac940aa03b4be012_1_1a9d2cd7ab5b3123.wav
ac940aa03b4be012,song/ac940aa03b4be012_1_c76e7e9916708523.mp3,hum/ac940aa03b4be012_1_b4e7a058c14de2a8.wav
ac940aa03b4be012,song/ac940aa03b4be012_2_c271b2b6e54ad22f.mp3,hum/ac940aa03b4be012_2_e2364e2cf0596557.wav
ac940aa03b4be012,song/ac940aa03b4be012_2_c271b2b6e54ad22f.mp3,hum/ac940aa03b4be012_2_01a4554541c8bc1d.wav
ac940aa03b4be012,song/ac940aa03b4be012_2_c271b2b6e54ad22f.mp3,hum/ac940aa03b4be012_2_727eb086f169a18d.wav
ac940aa03b4be012,song/ac940aa03b4be012_2_c271b2b6e54ad22f.mp3,hum/ac940aa03b4be012_2_073a1f91ff489d6a.wav
ac940aa03b4be012,song/ac940aa03b4be012_2_c271b2b6e54ad22f.mp3,hum/ac940aa03b4be012_2_0ee392fe0793afa9.wav
ac940aa03b4be012,song/ac940aa03b4be012_2_c271b2b6e54ad22f.mp3,hum/ac940aa03b4be012_2_46cceebb719280af.wav
ac940aa03b4be012,song/ac940aa03b4be012_2_c271b2b6e54ad22f.mp3,hum/ac940aa03b4be012_2_a6c0443972b2b2a1.wav
ac940aa03b4be012,song/ac940aa03b4be012_2_c271b2b6e54ad22f.mp3,hum/ac940aa03b4be012_2_353d720838b0f4b5.wav
ac940aa03b4be012,song/ac940aa03b4be012_2_c271b2b6e54ad22f.mp3,hum/ac940aa03b4be012_2_98a96696d8d197a1.wav
ad069dcabfb1514c,song/ad069dcabfb1514c_1_da09f5813d7374f9.mp3,hum/ad069dcabfb1514c_1_cae5316692316ccb.wav
ad069dcabfb1514c,song/ad069dcabfb1514c_1_da09f5813d7374f9.mp3,hum/ad069dcabfb1514c_1_ad662dfb6911e0d7.wav
ad069dcabfb1514c,song/ad069dcabfb1514c_1_da09f5813d7374f9.mp3,hum/ad069dcabfb1514c_1_4f76e31918d5dd28.wav
ad069dcabfb1514c,song/ad069dcabfb1514c_1_da09f5813d7374f9.mp3,hum/ad069dcabfb1514c_1_65d690c0e9f06203.wav
ad069dcabfb1514c,song/ad069dcabfb1514c_1_da09f5813d7374f9.mp3,hum/ad069dcabfb1514c_1_52cb7942e3c542c6.wav
ad069dcabfb1514c,song/ad069dcabfb1514c_2_0858b76bec3717a9.mp3,hum/ad069dcabfb1514c_2_10c36607ce67ecab.wav
ad069dcabfb1514c,song/ad069dcabfb1514c_2_0858b76bec3717a9.mp3,hum/ad069dcabfb1514c_2_2f2d65c8e258693c.wav
ad069dcabfb1514c,song/ad069dcabfb1514c_2_0858b76bec3717a9.mp3,hum/ad069dcabfb1514c_2_8cf82055f11a8c86.wav
ad069dcabfb1514c,song/ad069dcabfb1514c_2_0858b76bec3717a9.mp3,hum/ad069dcabfb1514c_2_df1a2c386ea08f44.wav
ad069dcabfb1514c,song/ad069dcabfb1514c_2_0858b76bec3717a9.mp3,hum/ad069dcabfb1514c_2_cca5c579810658e0.wav
ad069dcabfb1514c,song/ad069dcabfb1514c_3_a6a8a510e7effaca.mp3,hum/ad069dcabfb1514c_3_8a7329d36203fde5.wav
ad069dcabfb1514c,song/ad069dcabfb1514c_3_a6a8a510e7effaca.mp3,hum/ad069dcabfb1514c_3_04f43ba8e1b3264c.wav
ad069dcabfb1514c,song/ad069dcabfb1514c_3_a6a8a510e7effaca.mp3,hum/ad069dcabfb1514c_3_0ee711284f109729.wav
ad069dcabfb1514c,song/ad069dcabfb1514c_3_a6a8a510e7effaca.mp3,hum/ad069dcabfb1514c_3_557e4cc6f8cb8521.wav
ad069dcabfb1514c,song/ad069dcabfb1514c_3_a6a8a510e7effaca.mp3,hum/ad069dcabfb1514c_3_26bade430e3263e9.wav
af196e65df8d7449,song/af196e65df8d7449_1_187ac254e4f467c5.mp3,hum/af196e65df8d7449_1_3336ddc481b7a369.wav
af196e65df8d7449,song/af196e65df8d7449_1_187ac254e4f467c5.mp3,hum/af196e65df8d7449_1_93048988c76e6121.wav
af196e65df8d7449,song/af196e65df8d7449_1_187ac254e4f467c5.mp3,hum/af196e65df8d7449_1_0da99d1b756ec83a.wav
af196e65df8d7449,song/af196e65df8d7449_1_187ac254e4f467c5.mp3,hum/af196e65df8d7449_1_3684951214b096d8.wav
af196e65df8d7449,song/af196e65df8d7449_1_187ac254e4f467c5.mp3,hum/af196e65df8d7449_1_ef33246ce253315f.wav
af196e65df8d7449,song/af196e65df8d7449_2_340258f5f65a5821.mp3,hum/af196e65df8d7449_2_d4a4c08e7d9b8f4b.wav
af196e65df8d7449,song/af196e65df8d7449_2_340258f5f65a5821.mp3,hum/af196e65df8d7449_2_7c2d6677ffdfbe28.wav
af196e65df8d7449,song/af196e65df8d7449_2_340258f5f65a5821.mp3,hum/af196e65df8d7449_2_40dd187284a59113.wav
af196e65df8d7449,song/af196e65df8d7449_2_340258f5f65a5821.mp3,hum/af196e65df8d7449_2_1c3e94c614984308.wav
af196e65df8d7449,song/af196e65df8d7449_2_340258f5f65a5821.mp3,hum/af196e65df8d7449_2_5409f353431b6b60.wav
af65a7b5dda861ad,song/af65a7b5dda861ad_1_a8ecbdc5c03f4691.mp3,hum/af65a7b5dda861ad_1_068c4623905a83d4.wav
af65a7b5dda861ad,song/af65a7b5dda861ad_1_a8ecbdc5c03f4691.mp3,hum/af65a7b5dda861ad_1_0f75e014a6dc4174.wav
af65a7b5dda861ad,song/af65a7b5dda861ad_1_a8ecbdc5c03f4691.mp3,hum/af65a7b5dda861ad_1_c026257cb2b4b826.wav
af65a7b5dda861ad,song/af65a7b5dda861ad_1_a8ecbdc5c03f4691.mp3,hum/af65a7b5dda861ad_1_65f20a7953037f79.wav
af65a7b5dda861ad,song/af65a7b5dda861ad_1_a8ecbdc5c03f4691.mp3,hum/af65a7b5dda861ad_1_80e5cbee5ebd7689.wav
af65a7b5dda861ad,song/af65a7b5dda861ad_2_2d947a47f3c5ec78.mp3,hum/af65a7b5dda861ad_2_892d17dd741851e9.wav
af65a7b5dda861ad,song/af65a7b5dda861ad_2_2d947a47f3c5ec78.mp3,hum/af65a7b5dda861ad_2_6f9e9f9da5754d42.wav
af65a7b5dda861ad,song/af65a7b5dda861ad_2_2d947a47f3c5ec78.mp3,hum/af65a7b5dda861ad_2_baef91d03360939c.wav
af65a7b5dda861ad,song/af65a7b5dda861ad_2_2d947a47f3c5ec78.mp3,hum/af65a7b5dda861ad_2_40cc1cd8cc5caa3f.wav
af65a7b5dda861ad,song/af65a7b5dda861ad_2_2d947a47f3c5ec78.mp3,hum/af65a7b5dda861ad_2_d79692a7a21cdf67.wav
afd28c58df18eb93,song/afd28c58df18eb93_1_e636a83768837dc7.mp3,hum/afd28c58df18eb93_1_39103bf1c8560478.wav
afd28c58df18eb93,song/afd28c58df18eb93_1_e636a83768837dc7.mp3,hum/afd28c58df18eb93_1_3fc88edc6d41fc42.wav
afd28c58df18eb93,song/afd28c58df18eb93_1_e636a83768837dc7.mp3,hum/afd28c58df18eb93_1_2f98c933953538f8.wav
afd28c58df18eb93,song/afd28c58df18eb93_1_e636a83768837dc7.mp3,hum/afd28c58df18eb93_1_01a0f8450126caf9.wav
afd28c58df18eb93,song/afd28c58df18eb93_1_e636a83768837dc7.mp3,hum/afd28c58df18eb93_1_99647eac4fd5a73f.wav
afd28c58df18eb93,song/afd28c58df18eb93_1_e636a83768837dc7.mp3,hum/afd28c58df18eb93_1_f2b3c8faec72b632.wav
afd28c58df18eb93,song/afd28c58df18eb93_1_e636a83768837dc7.mp3,hum/afd28c58df18eb93_1_12b17949e36f527d.wav
afd28c58df18eb93,song/afd28c58df18eb93_1_e636a83768837dc7.mp3,hum/afd28c58df18eb93_1_a53e15b9c1eb177f.wav
afd28c58df18eb93,song/afd28c58df18eb93_1_e636a83768837dc7.mp3,hum/afd28c58df18eb93_1_53a54972c149f8cd.wav
afd28c58df18eb93,song/afd28c58df18eb93_1_e636a83768837dc7.mp3,hum/afd28c58df18eb93_1_bcb3cc8e282439cc.wav
afd28c58df18eb93,song/afd28c58df18eb93_1_e636a83768837dc7.mp3,hum/afd28c58df18eb93_1_c53e98eb61cf67a3.wav
afd28c58df18eb93,song/afd28c58df18eb93_1_e636a83768837dc7.mp3,hum/afd28c58df18eb93_1_f5472cbcdc0f724d.wav
afd28c58df18eb93,song/afd28c58df18eb93_1_e636a83768837dc7.mp3,hum/afd28c58df18eb93_1_ddfb495c5ae3b851.wav
afd28c58df18eb93,song/afd28c58df18eb93_1_e636a83768837dc7.mp3,hum/afd28c58df18eb93_1_6641faaa6dc7d47f.wav
afd28c58df18eb93,song/afd28c58df18eb93_1_e636a83768837dc7.mp3,hum/afd28c58df18eb93_1_e9dbb63133603f9f.wav
afd28c58df18eb93,song/afd28c58df18eb93_1_e636a83768837dc7.mp3,hum/afd28c58df18eb93_1_368dbf4f59154e10.wav
afd28c58df18eb93,song/afd28c58df18eb93_1_e636a83768837dc7.mp3,hum/afd28c58df18eb93_1_80be6914d33c0f5a.wav
b123dd3ac25e8882,song/b123dd3ac25e8882_1_9f8c7651941bc261.mp3,hum/b123dd3ac25e8882_1_5d81811f99083a61.wav
b123dd3ac25e8882,song/b123dd3ac25e8882_1_9f8c7651941bc261.mp3,hum/b123dd3ac25e8882_1_2fc440cb9f34c4e6.wav
b123dd3ac25e8882,song/b123dd3ac25e8882_1_9f8c7651941bc261.mp3,hum/b123dd3ac25e8882_1_ba353fca924eeecd.wav
b123dd3ac25e8882,song/b123dd3ac25e8882_1_9f8c7651941bc261.mp3,hum/b123dd3ac25e8882_1_2bfe4c3c887b2bf4.wav
b123dd3ac25e8882,song/b123dd3ac25e8882_1_9f8c7651941bc261.mp3,hum/b123dd3ac25e8882_1_31b5eb3c3d28695b.wav
b123dd3ac25e8882,song/b123dd3ac25e8882_2_f11304a0c34c0684.mp3,hum/b123dd3ac25e8882_2_4363b25de23930ad.wav
b123dd3ac25e8882,song/b123dd3ac25e8882_2_f11304a0c34c0684.mp3,hum/b123dd3ac25e8882_2_bf447b0b39ba682b.wav
b123dd3ac25e8882,song/b123dd3ac25e8882_2_f11304a0c34c0684.mp3,hum/b123dd3ac25e8882_2_a47cf617cfd88ec2.wav
b123dd3ac25e8882,song/b123dd3ac25e8882_2_f11304a0c34c0684.mp3,hum/b123dd3ac25e8882_2_d7f40317f23e9a38.wav
b123dd3ac25e8882,song/b123dd3ac25e8882_2_f11304a0c34c0684.mp3,hum/b123dd3ac25e8882_2_2888757338bcf9f2.wav
b24e6dce174fb57c,song/b24e6dce174fb57c_1_41a07c1d3d5f28e9.mp3,hum/b24e6dce174fb57c_1_5c3a41aee8bfb3c5.wav
b24e6dce174fb57c,song/b24e6dce174fb57c_1_41a07c1d3d5f28e9.mp3,hum/b24e6dce174fb57c_1_8288074758217f4b.wav
b24e6dce174fb57c,song/b24e6dce174fb57c_1_41a07c1d3d5f28e9.mp3,hum/b24e6dce174fb57c_1_be65e6cba56386a0.wav
b24e6dce174fb57c,song/b24e6dce174fb57c_1_41a07c1d3d5f28e9.mp3,hum/b24e6dce174fb57c_1_47ee0daac59cee41.wav
b24e6dce174fb57c,song/b24e6dce174fb57c_1_41a07c1d3d5f28e9.mp3,hum/b24e6dce174fb57c_1_55eee45d467a0603.wav
b24e6dce174fb57c,song/b24e6dce174fb57c_1_41a07c1d3d5f28e9.mp3,hum/b24e6dce174fb57c_1_590da4d53205102e.wav
b24e6dce174fb57c,song/b24e6dce174fb57c_1_41a07c1d3d5f28e9.mp3,hum/b24e6dce174fb57c_1_0112f7bb653541b6.wav
b24e6dce174fb57c,song/b24e6dce174fb57c_1_41a07c1d3d5f28e9.mp3,hum/b24e6dce174fb57c_1_31d04b4266a77fef.wav
b24e6dce174fb57c,song/b24e6dce174fb57c_1_41a07c1d3d5f28e9.mp3,hum/b24e6dce174fb57c_1_1f989a045e901603.wav
b24e6dce174fb57c,song/b24e6dce174fb57c_1_41a07c1d3d5f28e9.mp3,hum/b24e6dce174fb57c_1_5187b7a5957f0d3a.wav
b24e6dce174fb57c,song/b24e6dce174fb57c_1_41a07c1d3d5f28e9.mp3,hum/b24e6dce174fb57c_1_68d167313b5d6fbb.wav
b24e6dce174fb57c,song/b24e6dce174fb57c_1_41a07c1d3d5f28e9.mp3,hum/b24e6dce174fb57c_1_f7972e3ddb758141.wav
b24e6dce174fb57c,song/b24e6dce174fb57c_1_41a07c1d3d5f28e9.mp3,hum/b24e6dce174fb57c_1_cf006aa1f3e4b0cc.wav
b24e6dce174fb57c,song/b24e6dce174fb57c_1_41a07c1d3d5f28e9.mp3,hum/b24e6dce174fb57c_1_ad3dc1bf8564e691.wav
b24e6dce174fb57c,song/b24e6dce174fb57c_1_41a07c1d3d5f28e9.mp3,hum/b24e6dce174fb57c_1_aca59a2a3a64f48b.wav
b24e6dce174fb57c,song/b24e6dce174fb57c_1_41a07c1d3d5f28e9.mp3,hum/b24e6dce174fb57c_1_a20bfb2a423c3e66.wav
b24e6dce174fb57c,song/b24e6dce174fb57c_2_5ba04f910276df84.mp3,hum/b24e6dce174fb57c_2_fbf2f1a29027a524.wav
b24e6dce174fb57c,song/b24e6dce174fb57c_2_5ba04f910276df84.mp3,hum/b24e6dce174fb57c_2_c12976d683969d0a.wav
b24e6dce174fb57c,song/b24e6dce174fb57c_2_5ba04f910276df84.mp3,hum/b24e6dce174fb57c_2_ec5e715430015f10.wav
b24e6dce174fb57c,song/b24e6dce174fb57c_2_5ba04f910276df84.mp3,hum/b24e6dce174fb57c_2_2d331bfa5de30155.wav
b24e6dce174fb57c,song/b24e6dce174fb57c_2_5ba04f910276df84.mp3,hum/b24e6dce174fb57c_2_b3106bdb2cf57fdd.wav
b24e6dce174fb57c,song/b24e6dce174fb57c_2_5ba04f910276df84.mp3,hum/b24e6dce174fb57c_2_40f6523ba145dc82.wav
b24e6dce174fb57c,song/b24e6dce174fb57c_2_5ba04f910276df84.mp3,hum/b24e6dce174fb57c_2_08d9127c610e340a.wav
b24e6dce174fb57c,song/b24e6dce174fb57c_2_5ba04f910276df84.mp3,hum/b24e6dce174fb57c_2_1dc6975f3af96413.wav
b24e6dce174fb57c,song/b24e6dce174fb57c_2_5ba04f910276df84.mp3,hum/b24e6dce174fb57c_2_c13f8493f5519b30.wav
b24e6dce174fb57c,song/b24e6dce174fb57c_2_5ba04f910276df84.mp3,hum/b24e6dce174fb57c_2_71235d8d14aefb28.wav
b24e6dce174fb57c,song/b24e6dce174fb57c_2_5ba04f910276df84.mp3,hum/b24e6dce174fb57c_2_3d73cabf14e04579.wav
b24e6dce174fb57c,song/b24e6dce174fb57c_2_5ba04f910276df84.mp3,hum/b24e6dce174fb57c_2_604e39fb24e5f3c0.wav
b24e6dce174fb57c,song/b24e6dce174fb57c_2_5ba04f910276df84.mp3,hum/b24e6dce174fb57c_2_2ccef88e833cab50.wav
b24e6dce174fb57c,song/b24e6dce174fb57c_2_5ba04f910276df84.mp3,hum/b24e6dce174fb57c_2_6dee6023ed3947b6.wav
b355790b3c061feb,song/b355790b3c061feb_1_6414fb978d0613d3.mp3,hum/b355790b3c061feb_1_9d61be838907f4f5.wav
b355790b3c061feb,song/b355790b3c061feb_1_6414fb978d0613d3.mp3,hum/b355790b3c061feb_1_4eef179bf4124b67.wav
b355790b3c061feb,song/b355790b3c061feb_1_6414fb978d0613d3.mp3,hum/b355790b3c061feb_1_722c603891ea4d0f.wav
b355790b3c061feb,song/b355790b3c061feb_1_6414fb978d0613d3.mp3,hum/b355790b3c061feb_1_26f96b5a48916be4.wav
b355790b3c061feb,song/b355790b3c061feb_1_6414fb978d0613d3.mp3,hum/b355790b3c061feb_1_bdd2d4c11183dbdd.wav
b355790b3c061feb,song/b355790b3c061feb_2_40eaf4ce4d74aea4.mp3,hum/b355790b3c061feb_2_1b155e894ea412d5.wav
b355790b3c061feb,song/b355790b3c061feb_2_40eaf4ce4d74aea4.mp3,hum/b355790b3c061feb_2_a2223e8a5f927b88.wav
b355790b3c061feb,song/b355790b3c061feb_2_40eaf4ce4d74aea4.mp3,hum/b355790b3c061feb_2_61a6b04d8d326bcc.wav
b355790b3c061feb,song/b355790b3c061feb_2_40eaf4ce4d74aea4.mp3,hum/b355790b3c061feb_2_721a1806d32787ab.wav
b355790b3c061feb,song/b355790b3c061feb_2_40eaf4ce4d74aea4.mp3,hum/b355790b3c061feb_2_5d0b9c448066b52b.wav
b355790b3c061feb,song/b355790b3c061feb_3_6e977bf7921b8793.mp3,hum/b355790b3c061feb_3_58e11d1f6d7ab19c.wav
b355790b3c061feb,song/b355790b3c061feb_3_6e977bf7921b8793.mp3,hum/b355790b3c061feb_3_3a021e991ddfcdf8.wav
b355790b3c061feb,song/b355790b3c061feb_3_6e977bf7921b8793.mp3,hum/b355790b3c061feb_3_dd43a8786a22530a.wav
b355790b3c061feb,song/b355790b3c061feb_3_6e977bf7921b8793.mp3,hum/b355790b3c061feb_3_8af60209039f2bda.wav
b355790b3c061feb,song/b355790b3c061feb_3_6e977bf7921b8793.mp3,hum/b355790b3c061feb_3_bbc7d2b10ec32d31.wav
b355790b3c061feb,song/b355790b3c061feb_4_221e4e89e9a7b368.mp3,hum/b355790b3c061feb_4_7a2f52984f1ecfab.wav
b355790b3c061feb,song/b355790b3c061feb_4_221e4e89e9a7b368.mp3,hum/b355790b3c061feb_4_857738f4ab2808bc.wav
b355790b3c061feb,song/b355790b3c061feb_4_221e4e89e9a7b368.mp3,hum/b355790b3c061feb_4_9f2027916f710a08.wav
b355790b3c061feb,song/b355790b3c061feb_4_221e4e89e9a7b368.mp3,hum/b355790b3c061feb_4_5e2b55cbec69bc8f.wav
b355790b3c061feb,song/b355790b3c061feb_4_221e4e89e9a7b368.mp3,hum/b355790b3c061feb_4_ea88fb81850c52f7.wav
b495dce7ff7d8890,song/b495dce7ff7d8890_1_a785f32ae78e9686.mp3,hum/b495dce7ff7d8890_1_220def0bf3cee966.wav
b495dce7ff7d8890,song/b495dce7ff7d8890_1_a785f32ae78e9686.mp3,hum/b495dce7ff7d8890_1_4ddc81905da52334.wav
b495dce7ff7d8890,song/b495dce7ff7d8890_1_a785f32ae78e9686.mp3,hum/b495dce7ff7d8890_1_eebf4426c102b6f3.wav
b495dce7ff7d8890,song/b495dce7ff7d8890_1_a785f32ae78e9686.mp3,hum/b495dce7ff7d8890_1_07a2d64ead452153.wav
b495dce7ff7d8890,song/b495dce7ff7d8890_1_a785f32ae78e9686.mp3,hum/b495dce7ff7d8890_1_7ddcf677b57f736f.wav
b495dce7ff7d8890,song/b495dce7ff7d8890_2_47eb1e5e4187f8a9.mp3,hum/b495dce7ff7d8890_2_11828d365ea6424d.wav
b495dce7ff7d8890,song/b495dce7ff7d8890_2_47eb1e5e4187f8a9.mp3,hum/b495dce7ff7d8890_2_8d36ad9cbdea197b.wav
b495dce7ff7d8890,song/b495dce7ff7d8890_2_47eb1e5e4187f8a9.mp3,hum/b495dce7ff7d8890_2_a2da452b7dd7da12.wav
b495dce7ff7d8890,song/b495dce7ff7d8890_2_47eb1e5e4187f8a9.mp3,hum/b495dce7ff7d8890_2_c8a2db724cb5d8c2.wav
b495dce7ff7d8890,song/b495dce7ff7d8890_2_47eb1e5e4187f8a9.mp3,hum/b495dce7ff7d8890_2_6c9a7af695342f05.wav
b495dce7ff7d8890,song/b495dce7ff7d8890_3_e64e694a496d7211.mp3,hum/b495dce7ff7d8890_3_17b048cd92d0a05e.wav
b495dce7ff7d8890,song/b495dce7ff7d8890_3_e64e694a496d7211.mp3,hum/b495dce7ff7d8890_3_bfbb52d97ff94a1a.wav
b495dce7ff7d8890,song/b495dce7ff7d8890_3_e64e694a496d7211.mp3,hum/b495dce7ff7d8890_3_01c6bf22642d7d86.wav
b495dce7ff7d8890,song/b495dce7ff7d8890_3_e64e694a496d7211.mp3,hum/b495dce7ff7d8890_3_7d6f3449f4b5e714.wav
b495dce7ff7d8890,song/b495dce7ff7d8890_3_e64e694a496d7211.mp3,hum/b495dce7ff7d8890_3_549b21b07223857f.wav
b6d779491792be16,song/b6d779491792be16_1_6de964267ec45a2f.mp3,hum/b6d779491792be16_1_e56cee5eb2607528.wav
b6d779491792be16,song/b6d779491792be16_1_6de964267ec45a2f.mp3,hum/b6d779491792be16_1_72cf676746fae2f8.wav
b6d779491792be16,song/b6d779491792be16_1_6de964267ec45a2f.mp3,hum/b6d779491792be16_1_e3f94745e44cdb7b.wav
b6d779491792be16,song/b6d779491792be16_1_6de964267ec45a2f.mp3,hum/b6d779491792be16_1_631c380e041f6d77.wav
b6d779491792be16,song/b6d779491792be16_1_6de964267ec45a2f.mp3,hum/b6d779491792be16_1_ac3d1786b110c234.wav
b6d779491792be16,song/b6d779491792be16_1_6de964267ec45a2f.mp3,hum/b6d779491792be16_1_65fbab51b50a993a.wav
b6d779491792be16,song/b6d779491792be16_2_cbd83d82ffbd980a.mp3,hum/b6d779491792be16_2_c2285c262d2b6d5e.wav
b6d779491792be16,song/b6d779491792be16_2_cbd83d82ffbd980a.mp3,hum/b6d779491792be16_2_bea84c3cbbd8b1ec.wav
b6d779491792be16,song/b6d779491792be16_2_cbd83d82ffbd980a.mp3,hum/b6d779491792be16_2_50b7878d205c8adb.wav
b6d779491792be16,song/b6d779491792be16_2_cbd83d82ffbd980a.mp3,hum/b6d779491792be16_2_2b1434f3eaaf47a8.wav
b6d779491792be16,song/b6d779491792be16_2_cbd83d82ffbd980a.mp3,hum/b6d779491792be16_2_1cd848c6211d4df3.wav
b6d779491792be16,song/b6d779491792be16_2_cbd83d82ffbd980a.mp3,hum/b6d779491792be16_2_ac19ac7205f9d530.wav
b8cada8759816264,song/b8cada8759816264_3_04669392c49de98b.mp3,hum/b8cada8759816264_3_073b2dd2415bdf7c.wav
b8cada8759816264,song/b8cada8759816264_3_04669392c49de98b.mp3,hum/b8cada8759816264_3_9c1805350818aa11.wav
b8cada8759816264,song/b8cada8759816264_3_04669392c49de98b.mp3,hum/b8cada8759816264_3_a863ef900ea7492f.wav
b8cada8759816264,song/b8cada8759816264_3_04669392c49de98b.mp3,hum/b8cada8759816264_3_f59fda293623e2e0.wav
b8cada8759816264,song/b8cada8759816264_3_04669392c49de98b.mp3,hum/b8cada8759816264_3_6a8b92b472ce33f1.wav
b8cada8759816264,song/b8cada8759816264_3_04669392c49de98b.mp3,hum/b8cada8759816264_3_5381e6ee61165d45.wav
b8cada8759816264,song/b8cada8759816264_3_04669392c49de98b.mp3,hum/b8cada8759816264_3_03f01247388a819c.wav
b8cada8759816264,song/b8cada8759816264_3_04669392c49de98b.mp3,hum/b8cada8759816264_3_47d82761cf52939f.wav
b8cada8759816264,song/b8cada8759816264_3_04669392c49de98b.mp3,hum/b8cada8759816264_3_9465d7c197bf9f8d.wav
b8cada8759816264,song/b8cada8759816264_3_04669392c49de98b.mp3,hum/b8cada8759816264_3_d3e763267f79c465.wav
b8cada8759816264,song/b8cada8759816264_3_04669392c49de98b.mp3,hum/b8cada8759816264_3_8d947c6dad6bc181.wav
b8cada8759816264,song/b8cada8759816264_3_04669392c49de98b.mp3,hum/b8cada8759816264_3_e8e0980b53d7deac.wav
b8cada8759816264,song/b8cada8759816264_3_04669392c49de98b.mp3,hum/b8cada8759816264_3_664e611c8be40013.wav
b8cada8759816264,song/b8cada8759816264_3_04669392c49de98b.mp3,hum/b8cada8759816264_3_77b07081f0db6690.wav
b8cada8759816264,song/b8cada8759816264_3_04669392c49de98b.mp3,hum/b8cada8759816264_3_cff2ab34c7e78081.wav
b8cada8759816264,song/b8cada8759816264_3_04669392c49de98b.mp3,hum/b8cada8759816264_3_414afb40115ff649.wav
b8cada8759816264,song/b8cada8759816264_3_04669392c49de98b.mp3,hum/b8cada8759816264_3_ccedcabbb20928c7.wav
b8cada8759816264,song/b8cada8759816264_3_04669392c49de98b.mp3,hum/b8cada8759816264_3_fceec08ac462c907.wav
b8cada8759816264,song/b8cada8759816264_3_04669392c49de98b.mp3,hum/b8cada8759816264_3_b482b294933856e5.wav
b8cada8759816264,song/b8cada8759816264_3_04669392c49de98b.mp3,hum/b8cada8759816264_3_8602f7b674459611.wav
b8cada8759816264,song/b8cada8759816264_3_04669392c49de98b.mp3,hum/b8cada8759816264_3_309bf2988a66abe9.wav
b8cada8759816264,song/b8cada8759816264_3_04669392c49de98b.mp3,hum/b8cada8759816264_3_8d889d11bdcba726.wav
b8cada8759816264,song/b8cada8759816264_4_7e24b9d9613f253d.mp3,hum/b8cada8759816264_4_5f3a24b8ad2d06d0.wav
b8cada8759816264,song/b8cada8759816264_4_7e24b9d9613f253d.mp3,hum/b8cada8759816264_4_282bbbf067f1d49d.wav
b8cada8759816264,song/b8cada8759816264_4_7e24b9d9613f253d.mp3,hum/b8cada8759816264_4_e41bed1417db74e4.wav
b8cada8759816264,song/b8cada8759816264_4_7e24b9d9613f253d.mp3,hum/b8cada8759816264_4_526d81f3f040d93c.wav
b8cada8759816264,song/b8cada8759816264_4_7e24b9d9613f253d.mp3,hum/b8cada8759816264_4_f5088e00d72d5343.wav
b8cada8759816264,song/b8cada8759816264_4_7e24b9d9613f253d.mp3,hum/b8cada8759816264_4_3d06fbae5327e493.wav
b8cada8759816264,song/b8cada8759816264_4_7e24b9d9613f253d.mp3,hum/b8cada8759816264_4_5e027b47d2f6d013.wav
b8cada8759816264,song/b8cada8759816264_4_7e24b9d9613f253d.mp3,hum/b8cada8759816264_4_9e3b38cebe2425fa.wav
b8cada8759816264,song/b8cada8759816264_4_7e24b9d9613f253d.mp3,hum/b8cada8759816264_4_b493eba01cf83001.wav
b8cada8759816264,song/b8cada8759816264_4_7e24b9d9613f253d.mp3,hum/b8cada8759816264_4_8e55827aa53292d8.wav
b8cada8759816264,song/b8cada8759816264_4_7e24b9d9613f253d.mp3,hum/b8cada8759816264_4_7ecb7d51176f949f.wav
b8cada8759816264,song/b8cada8759816264_4_7e24b9d9613f253d.mp3,hum/b8cada8759816264_4_0b041e39443a393f.wav
b8cada8759816264,song/b8cada8759816264_4_7e24b9d9613f253d.mp3,hum/b8cada8759816264_4_cf871d5f8a562a35.wav
b8cada8759816264,song/b8cada8759816264_4_7e24b9d9613f253d.mp3,hum/b8cada8759816264_4_114ff0071c141c0b.wav
b8cada8759816264,song/b8cada8759816264_4_7e24b9d9613f253d.mp3,hum/b8cada8759816264_4_558bcacbaef37b84.wav
b8cada8759816264,song/b8cada8759816264_4_7e24b9d9613f253d.mp3,hum/b8cada8759816264_4_9e373b4679db1770.wav
b8cada8759816264,song/b8cada8759816264_4_7e24b9d9613f253d.mp3,hum/b8cada8759816264_4_09edb2473f9e5032.wav
b8cada8759816264,song/b8cada8759816264_4_7e24b9d9613f253d.mp3,hum/b8cada8759816264_4_ab93466c5717a5ba.wav
b920d60a80cb00f5,song/b920d60a80cb00f5_1_292beb78a7ddb009.mp3,hum/b920d60a80cb00f5_1_aff15d88927b4e0e.wav
b920d60a80cb00f5,song/b920d60a80cb00f5_1_292beb78a7ddb009.mp3,hum/b920d60a80cb00f5_1_3e8fc6383b30d896.wav
b920d60a80cb00f5,song/b920d60a80cb00f5_1_292beb78a7ddb009.mp3,hum/b920d60a80cb00f5_1_1a5e626c54704763.wav
b920d60a80cb00f5,song/b920d60a80cb00f5_1_292beb78a7ddb009.mp3,hum/b920d60a80cb00f5_1_9fb08acf41d861e2.wav
b920d60a80cb00f5,song/b920d60a80cb00f5_1_292beb78a7ddb009.mp3,hum/b920d60a80cb00f5_1_9102bd43813fb2ea.wav
b949923b340c505a,song/b949923b340c505a_1_ed55ca901d3d617e.mp3,hum/b949923b340c505a_1_c329e56ed35f1773.wav
b949923b340c505a,song/b949923b340c505a_1_ed55ca901d3d617e.mp3,hum/b949923b340c505a_1_628f1839b1c2ec64.wav
b949923b340c505a,song/b949923b340c505a_1_ed55ca901d3d617e.mp3,hum/b949923b340c505a_1_48f357ded717532f.wav
b949923b340c505a,song/b949923b340c505a_1_ed55ca901d3d617e.mp3,hum/b949923b340c505a_1_441e0668ffb78154.wav
b949923b340c505a,song/b949923b340c505a_1_ed55ca901d3d617e.mp3,hum/b949923b340c505a_1_5935f120472cbe72.wav
b949923b340c505a,song/b949923b340c505a_1_ed55ca901d3d617e.mp3,hum/b949923b340c505a_1_9b6c18ec0ee36311.wav
b949923b340c505a,song/b949923b340c505a_1_ed55ca901d3d617e.mp3,hum/b949923b340c505a_1_c3280ae3bc85a020.wav
b949923b340c505a,song/b949923b340c505a_1_ed55ca901d3d617e.mp3,hum/b949923b340c505a_1_cbca0c1cfc37334c.wav
b949923b340c505a,song/b949923b340c505a_1_ed55ca901d3d617e.mp3,hum/b949923b340c505a_1_b4101feb15c124ad.wav
b949923b340c505a,song/b949923b340c505a_1_ed55ca901d3d617e.mp3,hum/b949923b340c505a_1_84de44dba6590425.wav
b949923b340c505a,song/b949923b340c505a_1_ed55ca901d3d617e.mp3,hum/b949923b340c505a_1_b296de7f981a9b58.wav
b949923b340c505a,song/b949923b340c505a_1_ed55ca901d3d617e.mp3,hum/b949923b340c505a_1_bde6868c5b261120.wav
b949923b340c505a,song/b949923b340c505a_1_ed55ca901d3d617e.mp3,hum/b949923b340c505a_1_7c1b18d293113c4d.wav
b949923b340c505a,song/b949923b340c505a_1_ed55ca901d3d617e.mp3,hum/b949923b340c505a_1_b422a154ef79ef35.wav
b949923b340c505a,song/b949923b340c505a_1_ed55ca901d3d617e.mp3,hum/b949923b340c505a_1_556dee8b3496a0ba.wav
b949923b340c505a,song/b949923b340c505a_1_ed55ca901d3d617e.mp3,hum/b949923b340c505a_1_345da87743db9fea.wav
b949923b340c505a,song/b949923b340c505a_2_606adc3f0f335178.mp3,hum/b949923b340c505a_2_338170784963c6f0.wav
b949923b340c505a,song/b949923b340c505a_2_606adc3f0f335178.mp3,hum/b949923b340c505a_2_cf71802c3ac22928.wav
b949923b340c505a,song/b949923b340c505a_2_606adc3f0f335178.mp3,hum/b949923b340c505a_2_5d8c56ae873cc90c.wav
b949923b340c505a,song/b949923b340c505a_2_606adc3f0f335178.mp3,hum/b949923b340c505a_2_43e0b60a7cc936b5.wav
b949923b340c505a,song/b949923b340c505a_2_606adc3f0f335178.mp3,hum/b949923b340c505a_2_9c71c306eb2c6885.wav
b949923b340c505a,song/b949923b340c505a_2_606adc3f0f335178.mp3,hum/b949923b340c505a_2_748542454eb08f1b.wav
b949923b340c505a,song/b949923b340c505a_2_606adc3f0f335178.mp3,hum/b949923b340c505a_2_8d1341170de960df.wav
b949923b340c505a,song/b949923b340c505a_2_606adc3f0f335178.mp3,hum/b949923b340c505a_2_5859f55c6f8ed074.wav
b949923b340c505a,song/b949923b340c505a_2_606adc3f0f335178.mp3,hum/b949923b340c505a_2_b231a1ee4899e5ec.wav
b949923b340c505a,song/b949923b340c505a_2_606adc3f0f335178.mp3,hum/b949923b340c505a_2_ab00ea93e6b881c3.wav
b949923b340c505a,song/b949923b340c505a_2_606adc3f0f335178.mp3,hum/b949923b340c505a_2_3a775f513d6a7356.wav
b949923b340c505a,song/b949923b340c505a_2_606adc3f0f335178.mp3,hum/b949923b340c505a_2_bcf326fef448dd8a.wav
b949923b340c505a,song/b949923b340c505a_2_606adc3f0f335178.mp3,hum/b949923b340c505a_2_4ce790a9162b02d4.wav
b949923b340c505a,song/b949923b340c505a_2_606adc3f0f335178.mp3,hum/b949923b340c505a_2_5e7185a64e098ecf.wav
b949923b340c505a,song/b949923b340c505a_2_606adc3f0f335178.mp3,hum/b949923b340c505a_2_b2d6d1311b14d2a9.wav
b949923b340c505a,song/b949923b340c505a_2_606adc3f0f335178.mp3,hum/b949923b340c505a_2_11a70f6094d4ebc8.wav
b949923b340c505a,song/b949923b340c505a_2_606adc3f0f335178.mp3,hum/b949923b340c505a_2_8c02e39ff3425f7a.wav
b949923b340c505a,song/b949923b340c505a_2_606adc3f0f335178.mp3,hum/b949923b340c505a_2_2e0333db455232f8.wav
b949923b340c505a,song/b949923b340c505a_2_606adc3f0f335178.mp3,hum/b949923b340c505a_2_6fb7ca5ab84cda67.wav
ba37f2f83001dd0b,song/ba37f2f83001dd0b_1_1a3200f2f1388c7f.mp3,hum/ba37f2f83001dd0b_1_ef81528a31487c83.wav
ba37f2f83001dd0b,song/ba37f2f83001dd0b_1_1a3200f2f1388c7f.mp3,hum/ba37f2f83001dd0b_1_95ddfed9ba345687.wav
ba37f2f83001dd0b,song/ba37f2f83001dd0b_1_1a3200f2f1388c7f.mp3,hum/ba37f2f83001dd0b_1_c90f2515167a860a.wav
ba37f2f83001dd0b,song/ba37f2f83001dd0b_1_1a3200f2f1388c7f.mp3,hum/ba37f2f83001dd0b_1_4c3d1fea4e6966dc.wav
ba37f2f83001dd0b,song/ba37f2f83001dd0b_1_1a3200f2f1388c7f.mp3,hum/ba37f2f83001dd0b_1_f10fc769112fd3a4.wav
ba37f2f83001dd0b,song/ba37f2f83001dd0b_2_b3e3e31493359c99.mp3,hum/ba37f2f83001dd0b_2_d1af5764bcbbb463.wav
ba37f2f83001dd0b,song/ba37f2f83001dd0b_2_b3e3e31493359c99.mp3,hum/ba37f2f83001dd0b_2_8ec4236981e41627.wav
ba37f2f83001dd0b,song/ba37f2f83001dd0b_2_b3e3e31493359c99.mp3,hum/ba37f2f83001dd0b_2_8beff3a316592b39.wav
ba37f2f83001dd0b,song/ba37f2f83001dd0b_2_b3e3e31493359c99.mp3,hum/ba37f2f83001dd0b_2_2d37f9cd4b931c37.wav
ba37f2f83001dd0b,song/ba37f2f83001dd0b_2_b3e3e31493359c99.mp3,hum/ba37f2f83001dd0b_2_6a2cb3be68faf4da.wav
ba37f2f83001dd0b,song/ba37f2f83001dd0b_3_a2f0400019eb5438.mp3,hum/ba37f2f83001dd0b_3_35ed47f253595847.wav
ba37f2f83001dd0b,song/ba37f2f83001dd0b_3_a2f0400019eb5438.mp3,hum/ba37f2f83001dd0b_3_99ffe9389219ab2e.wav
ba37f2f83001dd0b,song/ba37f2f83001dd0b_3_a2f0400019eb5438.mp3,hum/ba37f2f83001dd0b_3_c3c19551181576fa.wav
ba37f2f83001dd0b,song/ba37f2f83001dd0b_3_a2f0400019eb5438.mp3,hum/ba37f2f83001dd0b_3_9b8c133834369b6f.wav
ba37f2f83001dd0b,song/ba37f2f83001dd0b_3_a2f0400019eb5438.mp3,hum/ba37f2f83001dd0b_3_46fc3ade3d412f5f.wav
ba37f2f83001dd0b,song/ba37f2f83001dd0b_4_04d640b112d3a8f4.mp3,hum/ba37f2f83001dd0b_4_9ebb12abc59504a5.wav
ba37f2f83001dd0b,song/ba37f2f83001dd0b_4_04d640b112d3a8f4.mp3,hum/ba37f2f83001dd0b_4_00542e20d8d56c47.wav
ba37f2f83001dd0b,song/ba37f2f83001dd0b_4_04d640b112d3a8f4.mp3,hum/ba37f2f83001dd0b_4_1245f806414c47db.wav
ba37f2f83001dd0b,song/ba37f2f83001dd0b_4_04d640b112d3a8f4.mp3,hum/ba37f2f83001dd0b_4_8c0c06a3f0080d1e.wav
ba37f2f83001dd0b,song/ba37f2f83001dd0b_4_04d640b112d3a8f4.mp3,hum/ba37f2f83001dd0b_4_cfc0cc6c7af5da24.wav
baa94991cc444555,song/baa94991cc444555_1_e798c4cf79c42672.mp3,hum/baa94991cc444555_1_e0ab989c7b8e9e07.wav
baa94991cc444555,song/baa94991cc444555_1_e798c4cf79c42672.mp3,hum/baa94991cc444555_1_df2bf15b0a68bcbe.wav
baa94991cc444555,song/baa94991cc444555_1_e798c4cf79c42672.mp3,hum/baa94991cc444555_1_a0bd5c3201bc2739.wav
baa94991cc444555,song/baa94991cc444555_1_e798c4cf79c42672.mp3,hum/baa94991cc444555_1_07b37ce7ef2112c7.wav
baa94991cc444555,song/baa94991cc444555_1_e798c4cf79c42672.mp3,hum/baa94991cc444555_1_e11477e59fe067fa.wav
baa94991cc444555,song/baa94991cc444555_2_3271263b91c5cc8b.mp3,hum/baa94991cc444555_2_64dbd78838e4b0cb.wav
baa94991cc444555,song/baa94991cc444555_2_3271263b91c5cc8b.mp3,hum/baa94991cc444555_2_597cc150ebb06ae9.wav
baa94991cc444555,song/baa94991cc444555_2_3271263b91c5cc8b.mp3,hum/baa94991cc444555_2_d2737898e3983341.wav
baa94991cc444555,song/baa94991cc444555_2_3271263b91c5cc8b.mp3,hum/baa94991cc444555_2_a03b90082cff2df6.wav
baa94991cc444555,song/baa94991cc444555_2_3271263b91c5cc8b.mp3,hum/baa94991cc444555_2_5b511a51f429808a.wav
baa94991cc444555,song/baa94991cc444555_3_586df2af72a98cc8.mp3,hum/baa94991cc444555_3_9f2fa6550a2f54bd.wav
baa94991cc444555,song/baa94991cc444555_3_586df2af72a98cc8.mp3,hum/baa94991cc444555_3_f8f4d9e0012c10cc.wav
baa94991cc444555,song/baa94991cc444555_3_586df2af72a98cc8.mp3,hum/baa94991cc444555_3_884c35e63a8b3525.wav
baa94991cc444555,song/baa94991cc444555_3_586df2af72a98cc8.mp3,hum/baa94991cc444555_3_2303ab3d1a9b004d.wav
baa94991cc444555,song/baa94991cc444555_3_586df2af72a98cc8.mp3,hum/baa94991cc444555_3_683987f6e2a6295a.wav
baa94991cc444555,song/baa94991cc444555_4_13b1482cc65499a0.mp3,hum/baa94991cc444555_4_e0ced074bf78687b.wav
baa94991cc444555,song/baa94991cc444555_4_13b1482cc65499a0.mp3,hum/baa94991cc444555_4_c29708ca4b3a4dd8.wav
baa94991cc444555,song/baa94991cc444555_4_13b1482cc65499a0.mp3,hum/baa94991cc444555_4_392f752f01405c8e.wav
baa94991cc444555,song/baa94991cc444555_4_13b1482cc65499a0.mp3,hum/baa94991cc444555_4_9c2999bf13163cd3.wav
baa94991cc444555,song/baa94991cc444555_4_13b1482cc65499a0.mp3,hum/baa94991cc444555_4_f7efe1b074d08f99.wav
bb4220134aad7e07,song/bb4220134aad7e07_1_5f69fa8dea575686.mp3,hum/bb4220134aad7e07_1_dbc7e7d6d48250ea.wav
bb4220134aad7e07,song/bb4220134aad7e07_1_5f69fa8dea575686.mp3,hum/bb4220134aad7e07_1_631618d51f64f70f.wav
bb4220134aad7e07,song/bb4220134aad7e07_1_5f69fa8dea575686.mp3,hum/bb4220134aad7e07_1_f291ceb651cb2a90.wav
bb4220134aad7e07,song/bb4220134aad7e07_1_5f69fa8dea575686.mp3,hum/bb4220134aad7e07_1_78944d4144486623.wav
bb4220134aad7e07,song/bb4220134aad7e07_1_5f69fa8dea575686.mp3,hum/bb4220134aad7e07_1_21c44bc7d5f9c059.wav
bb4220134aad7e07,song/bb4220134aad7e07_1_5f69fa8dea575686.mp3,hum/bb4220134aad7e07_1_c4b86a3a628d7d9b.wav
bb4220134aad7e07,song/bb4220134aad7e07_1_5f69fa8dea575686.mp3,hum/bb4220134aad7e07_1_7455046a1337fe1e.wav
bb4220134aad7e07,song/bb4220134aad7e07_1_5f69fa8dea575686.mp3,hum/bb4220134aad7e07_1_cfcaffc8a47baee9.wav
bb4220134aad7e07,song/bb4220134aad7e07_1_5f69fa8dea575686.mp3,hum/bb4220134aad7e07_1_a76c7cfc1fc8f7c3.wav
bb4220134aad7e07,song/bb4220134aad7e07_1_5f69fa8dea575686.mp3,hum/bb4220134aad7e07_1_54fb3f4a2f7be640.wav
bb4220134aad7e07,song/bb4220134aad7e07_1_5f69fa8dea575686.mp3,hum/bb4220134aad7e07_1_a7ebcb011ff6249a.wav
bb4220134aad7e07,song/bb4220134aad7e07_1_5f69fa8dea575686.mp3,hum/bb4220134aad7e07_1_babf30a6251aca7d.wav
bb4220134aad7e07,song/bb4220134aad7e07_1_5f69fa8dea575686.mp3,hum/bb4220134aad7e07_1_ef02d10ffa9d598c.wav
bb4220134aad7e07,song/bb4220134aad7e07_1_5f69fa8dea575686.mp3,hum/bb4220134aad7e07_1_a609ceba25b2b9a6.wav
bb4220134aad7e07,song/bb4220134aad7e07_1_5f69fa8dea575686.mp3,hum/bb4220134aad7e07_1_fcef79d28d15bd1c.wav
bb4220134aad7e07,song/bb4220134aad7e07_1_5f69fa8dea575686.mp3,hum/bb4220134aad7e07_1_9158f211e92fcc02.wav
bb4220134aad7e07,song/bb4220134aad7e07_1_5f69fa8dea575686.mp3,hum/bb4220134aad7e07_1_49bdd5d266b8aac6.wav
bb4220134aad7e07,song/bb4220134aad7e07_2_c6e7fc059311fd82.mp3,hum/bb4220134aad7e07_2_50c8e9464d50e6c6.wav
bb4220134aad7e07,song/bb4220134aad7e07_2_c6e7fc059311fd82.mp3,hum/bb4220134aad7e07_2_0b1d8f0c16867baf.wav
bb4220134aad7e07,song/bb4220134aad7e07_2_c6e7fc059311fd82.mp3,hum/bb4220134aad7e07_2_1f9ea98e16fa49d9.wav
bb4220134aad7e07,song/bb4220134aad7e07_2_c6e7fc059311fd82.mp3,hum/bb4220134aad7e07_2_ddff57923e981a1b.wav
bb4220134aad7e07,song/bb4220134aad7e07_2_c6e7fc059311fd82.mp3,hum/bb4220134aad7e07_2_70b1d6f8ec6ec208.wav
bb4220134aad7e07,song/bb4220134aad7e07_2_c6e7fc059311fd82.mp3,hum/bb4220134aad7e07_2_6e281f315986f48b.wav
bb4220134aad7e07,song/bb4220134aad7e07_2_c6e7fc059311fd82.mp3,hum/bb4220134aad7e07_2_e4cdb670e61fa685.wav
bb4220134aad7e07,song/bb4220134aad7e07_2_c6e7fc059311fd82.mp3,hum/bb4220134aad7e07_2_47751d80b9c605c8.wav
bb4220134aad7e07,song/bb4220134aad7e07_2_c6e7fc059311fd82.mp3,hum/bb4220134aad7e07_2_7123d56e4c8a0d72.wav
bb4220134aad7e07,song/bb4220134aad7e07_2_c6e7fc059311fd82.mp3,hum/bb4220134aad7e07_2_4acc16409cb31c90.wav
bb4220134aad7e07,song/bb4220134aad7e07_2_c6e7fc059311fd82.mp3,hum/bb4220134aad7e07_2_80cf238400f90c7c.wav
bb4220134aad7e07,song/bb4220134aad7e07_2_c6e7fc059311fd82.mp3,hum/bb4220134aad7e07_2_550830c72cfc3145.wav
bb4220134aad7e07,song/bb4220134aad7e07_2_c6e7fc059311fd82.mp3,hum/bb4220134aad7e07_2_8a8af5da35eb9cec.wav
bb4220134aad7e07,song/bb4220134aad7e07_2_c6e7fc059311fd82.mp3,hum/bb4220134aad7e07_2_6a90244413c58924.wav
bb4220134aad7e07,song/bb4220134aad7e07_2_c6e7fc059311fd82.mp3,hum/bb4220134aad7e07_2_ff75692de091a44c.wav
bb4220134aad7e07,song/bb4220134aad7e07_2_c6e7fc059311fd82.mp3,hum/bb4220134aad7e07_2_7e83e73e13eaaf03.wav
bb4220134aad7e07,song/bb4220134aad7e07_2_c6e7fc059311fd82.mp3,hum/bb4220134aad7e07_2_80b03057a651cee4.wav
bb4220134aad7e07,song/bb4220134aad7e07_2_c6e7fc059311fd82.mp3,hum/bb4220134aad7e07_2_a9e0ea0d52630ab2.wav
bb4220134aad7e07,song/bb4220134aad7e07_2_c6e7fc059311fd82.mp3,hum/bb4220134aad7e07_2_109b49e23a6b6e3f.wav
bb893eaca0af9aa2,song/bb893eaca0af9aa2_1_963744d0dd39f21d.mp3,hum/bb893eaca0af9aa2_1_0125061990e68269.wav
bb893eaca0af9aa2,song/bb893eaca0af9aa2_1_963744d0dd39f21d.mp3,hum/bb893eaca0af9aa2_1_d03c8c4625c6bee1.wav
bb893eaca0af9aa2,song/bb893eaca0af9aa2_1_963744d0dd39f21d.mp3,hum/bb893eaca0af9aa2_1_4c2deace4248173c.wav
bb893eaca0af9aa2,song/bb893eaca0af9aa2_1_963744d0dd39f21d.mp3,hum/bb893eaca0af9aa2_1_b8004bba9a54ce49.wav
bb893eaca0af9aa2,song/bb893eaca0af9aa2_1_963744d0dd39f21d.mp3,hum/bb893eaca0af9aa2_1_f644a237bf0976db.wav
bb893eaca0af9aa2,song/bb893eaca0af9aa2_2_2114260217d3110e.mp3,hum/bb893eaca0af9aa2_2_7cdc6291d7887ae3.wav
bb893eaca0af9aa2,song/bb893eaca0af9aa2_2_2114260217d3110e.mp3,hum/bb893eaca0af9aa2_2_e43f9f5c82f0bc12.wav
bb893eaca0af9aa2,song/bb893eaca0af9aa2_2_2114260217d3110e.mp3,hum/bb893eaca0af9aa2_2_ceabf8d876ef8eeb.wav
bb893eaca0af9aa2,song/bb893eaca0af9aa2_2_2114260217d3110e.mp3,hum/bb893eaca0af9aa2_2_32cf0a000d72aee7.wav
bb893eaca0af9aa2,song/bb893eaca0af9aa2_2_2114260217d3110e.mp3,hum/bb893eaca0af9aa2_2_40c938fbb1fb9bf7.wav
bb893eaca0af9aa2,song/bb893eaca0af9aa2_3_500d13d8d1492dc3.mp3,hum/bb893eaca0af9aa2_3_2153e1937df0e3a7.wav
bb893eaca0af9aa2,song/bb893eaca0af9aa2_3_500d13d8d1492dc3.mp3,hum/bb893eaca0af9aa2_3_8a38711141110eb9.wav
bb893eaca0af9aa2,song/bb893eaca0af9aa2_3_500d13d8d1492dc3.mp3,hum/bb893eaca0af9aa2_3_2fce1bbf4fb0c614.wav
bb893eaca0af9aa2,song/bb893eaca0af9aa2_3_500d13d8d1492dc3.mp3,hum/bb893eaca0af9aa2_3_f7417fa92fd07e75.wav
bb893eaca0af9aa2,song/bb893eaca0af9aa2_3_500d13d8d1492dc3.mp3,hum/bb893eaca0af9aa2_3_21cf561582fd734d.wav
be33452a171fc704,song/be33452a171fc704_1_6ab36b9e9bbb3a54.mp3,hum/be33452a171fc704_1_83795109c0250390.wav
be33452a171fc704,song/be33452a171fc704_1_6ab36b9e9bbb3a54.mp3,hum/be33452a171fc704_1_aefb995c53f517d1.wav
be33452a171fc704,song/be33452a171fc704_1_6ab36b9e9bbb3a54.mp3,hum/be33452a171fc704_1_1c4dbec9d0720752.wav
be33452a171fc704,song/be33452a171fc704_1_6ab36b9e9bbb3a54.mp3,hum/be33452a171fc704_1_86ef2f725f310a1e.wav
be33452a171fc704,song/be33452a171fc704_1_6ab36b9e9bbb3a54.mp3,hum/be33452a171fc704_1_2c3d7d44cfde0ce0.wav
be33452a171fc704,song/be33452a171fc704_1_6ab36b9e9bbb3a54.mp3,hum/be33452a171fc704_1_8428a0ec7aba106e.wav
be33452a171fc704,song/be33452a171fc704_1_6ab36b9e9bbb3a54.mp3,hum/be33452a171fc704_1_77ecad4d0904c892.wav
be33452a171fc704,song/be33452a171fc704_2_faa51675132e204e.mp3,hum/be33452a171fc704_2_898f0d4390fe84d7.wav
be33452a171fc704,song/be33452a171fc704_2_faa51675132e204e.mp3,hum/be33452a171fc704_2_beb876c818815313.wav
be33452a171fc704,song/be33452a171fc704_2_faa51675132e204e.mp3,hum/be33452a171fc704_2_d078ead4b8f18336.wav
be33452a171fc704,song/be33452a171fc704_2_faa51675132e204e.mp3,hum/be33452a171fc704_2_867161938c2d886c.wav
be33452a171fc704,song/be33452a171fc704_2_faa51675132e204e.mp3,hum/be33452a171fc704_2_179f5a2fef75388f.wav
be33452a171fc704,song/be33452a171fc704_2_faa51675132e204e.mp3,hum/be33452a171fc704_2_b83b73e8dd87b1f9.wav
be33452a171fc704,song/be33452a171fc704_2_faa51675132e204e.mp3,hum/be33452a171fc704_2_ebbd1b0024eec0eb.wav
be33452a171fc704,song/be33452a171fc704_3_dbaa6aa1d5c990dc.mp3,hum/be33452a171fc704_3_2911524d0ca80f4f.wav
be33452a171fc704,song/be33452a171fc704_3_dbaa6aa1d5c990dc.mp3,hum/be33452a171fc704_3_7a98f7a1837710e8.wav
be33452a171fc704,song/be33452a171fc704_3_dbaa6aa1d5c990dc.mp3,hum/be33452a171fc704_3_88858c18f22ecbdf.wav
be33452a171fc704,song/be33452a171fc704_3_dbaa6aa1d5c990dc.mp3,hum/be33452a171fc704_3_43252bcd62e79f35.wav
be33452a171fc704,song/be33452a171fc704_3_dbaa6aa1d5c990dc.mp3,hum/be33452a171fc704_3_88da48c8bcdcf524.wav
be33452a171fc704,song/be33452a171fc704_3_dbaa6aa1d5c990dc.mp3,hum/be33452a171fc704_3_191ecf12f7413655.wav
be33452a171fc704,song/be33452a171fc704_3_dbaa6aa1d5c990dc.mp3,hum/be33452a171fc704_3_169ccb94d956d12f.wav
be33452a171fc704,song/be33452a171fc704_4_99d4164439b5e2ce.mp3,hum/be33452a171fc704_4_d62a7a2663c7d9b3.wav
be33452a171fc704,song/be33452a171fc704_4_99d4164439b5e2ce.mp3,hum/be33452a171fc704_4_43d4ec84a7a20f8e.wav
be33452a171fc704,song/be33452a171fc704_4_99d4164439b5e2ce.mp3,hum/be33452a171fc704_4_ea26f9f4292f5379.wav
be33452a171fc704,song/be33452a171fc704_4_99d4164439b5e2ce.mp3,hum/be33452a171fc704_4_656951db5703d49f.wav
be33452a171fc704,song/be33452a171fc704_4_99d4164439b5e2ce.mp3,hum/be33452a171fc704_4_40a236885b5b4547.wav
be33452a171fc704,song/be33452a171fc704_4_99d4164439b5e2ce.mp3,hum/be33452a171fc704_4_86de192dd6773b87.wav
be33452a171fc704,song/be33452a171fc704_4_99d4164439b5e2ce.mp3,hum/be33452a171fc704_4_04cb7a7d5bbe461e.wav
beb25256606cc37e,song/beb25256606cc37e_1_1eb5e2408228ece6.mp3,hum/beb25256606cc37e_1_756ad22417d950c4.wav
beb25256606cc37e,song/beb25256606cc37e_1_1eb5e2408228ece6.mp3,hum/beb25256606cc37e_1_064372a5b12615d4.wav
beb25256606cc37e,song/beb25256606cc37e_1_1eb5e2408228ece6.mp3,hum/beb25256606cc37e_1_b3d9d47e55eb54a8.wav
beb25256606cc37e,song/beb25256606cc37e_1_1eb5e2408228ece6.mp3,hum/beb25256606cc37e_1_685e0a64f41a738d.wav
beb25256606cc37e,song/beb25256606cc37e_2_8a4742e6c7b07c9d.mp3,hum/beb25256606cc37e_2_840f7690bf28c843.wav
beb25256606cc37e,song/beb25256606cc37e_2_8a4742e6c7b07c9d.mp3,hum/beb25256606cc37e_2_228ade5bd2eb244c.wav
beb25256606cc37e,song/beb25256606cc37e_2_8a4742e6c7b07c9d.mp3,hum/beb25256606cc37e_2_c05dba3c8068588b.wav
beb25256606cc37e,song/beb25256606cc37e_2_8a4742e6c7b07c9d.mp3,hum/beb25256606cc37e_2_2d1802dd4f8cdac5.wav
beb25256606cc37e,song/beb25256606cc37e_4_a237383b12062486.mp3,hum/beb25256606cc37e_4_21b23a2fd6169073.wav
beb25256606cc37e,song/beb25256606cc37e_4_a237383b12062486.mp3,hum/beb25256606cc37e_4_d1b45038a067b668.wav
beb25256606cc37e,song/beb25256606cc37e_4_a237383b12062486.mp3,hum/beb25256606cc37e_4_f0018965c15733a1.wav
beb25256606cc37e,song/beb25256606cc37e_4_a237383b12062486.mp3,hum/beb25256606cc37e_4_e6666ffc8005d5d5.wav
bf157bff8b9cf6c6,song/bf157bff8b9cf6c6_1_831f46d02d976c2d.mp3,hum/bf157bff8b9cf6c6_1_3a193ec95fe7c605.wav
bf157bff8b9cf6c6,song/bf157bff8b9cf6c6_1_831f46d02d976c2d.mp3,hum/bf157bff8b9cf6c6_1_2d770765a0e8e534.wav
bf157bff8b9cf6c6,song/bf157bff8b9cf6c6_1_831f46d02d976c2d.mp3,hum/bf157bff8b9cf6c6_1_e056964f081653f8.wav
bf157bff8b9cf6c6,song/bf157bff8b9cf6c6_1_831f46d02d976c2d.mp3,hum/bf157bff8b9cf6c6_1_0c1c8fed1247b088.wav
bf157bff8b9cf6c6,song/bf157bff8b9cf6c6_1_831f46d02d976c2d.mp3,hum/bf157bff8b9cf6c6_1_4255967b2d7bf539.wav
bf157bff8b9cf6c6,song/bf157bff8b9cf6c6_2_0494522c778b7ec7.mp3,hum/bf157bff8b9cf6c6_2_30544888c87f947d.wav
bf157bff8b9cf6c6,song/bf157bff8b9cf6c6_2_0494522c778b7ec7.mp3,hum/bf157bff8b9cf6c6_2_3e96c96890fbe153.wav
bf157bff8b9cf6c6,song/bf157bff8b9cf6c6_2_0494522c778b7ec7.mp3,hum/bf157bff8b9cf6c6_2_b110e5ee4d2fabe8.wav
bf157bff8b9cf6c6,song/bf157bff8b9cf6c6_2_0494522c778b7ec7.mp3,hum/bf157bff8b9cf6c6_2_86bc9f8a1de0df20.wav
bf157bff8b9cf6c6,song/bf157bff8b9cf6c6_2_0494522c778b7ec7.mp3,hum/bf157bff8b9cf6c6_2_65797bb5a8f5887a.wav
bf157bff8b9cf6c6,song/bf157bff8b9cf6c6_2_0494522c778b7ec7.mp3,hum/bf157bff8b9cf6c6_2_b0bce7e5320edbcc.wav
c01f9ff1f3b7e705,song/c01f9ff1f3b7e705_1_31d8d76bacd50b40.mp3,hum/c01f9ff1f3b7e705_1_7baa63fd08e34f5e.wav
c01f9ff1f3b7e705,song/c01f9ff1f3b7e705_1_31d8d76bacd50b40.mp3,hum/c01f9ff1f3b7e705_1_1e1dd4b32ccdd527.wav
c01f9ff1f3b7e705,song/c01f9ff1f3b7e705_1_31d8d76bacd50b40.mp3,hum/c01f9ff1f3b7e705_1_5219f0ae29de5451.wav
c01f9ff1f3b7e705,song/c01f9ff1f3b7e705_1_31d8d76bacd50b40.mp3,hum/c01f9ff1f3b7e705_1_09fb092448414414.wav
c01f9ff1f3b7e705,song/c01f9ff1f3b7e705_1_31d8d76bacd50b40.mp3,hum/c01f9ff1f3b7e705_1_34d8f2d9fb652a42.wav
c01f9ff1f3b7e705,song/c01f9ff1f3b7e705_2_c5070e538a4ae168.mp3,hum/c01f9ff1f3b7e705_2_f25f953140765e1c.wav
c01f9ff1f3b7e705,song/c01f9ff1f3b7e705_2_c5070e538a4ae168.mp3,hum/c01f9ff1f3b7e705_2_503d5a0e1dc77a96.wav
c01f9ff1f3b7e705,song/c01f9ff1f3b7e705_2_c5070e538a4ae168.mp3,hum/c01f9ff1f3b7e705_2_7efb48f1fca98223.wav
c01f9ff1f3b7e705,song/c01f9ff1f3b7e705_2_c5070e538a4ae168.mp3,hum/c01f9ff1f3b7e705_2_b42bd4be51a7b202.wav
c01f9ff1f3b7e705,song/c01f9ff1f3b7e705_3_88f1106a6f6724b3.mp3,hum/c01f9ff1f3b7e705_3_efafba0f21d2dcf2.wav
c01f9ff1f3b7e705,song/c01f9ff1f3b7e705_3_88f1106a6f6724b3.mp3,hum/c01f9ff1f3b7e705_3_d88db2ad6d34c23c.wav
c01f9ff1f3b7e705,song/c01f9ff1f3b7e705_3_88f1106a6f6724b3.mp3,hum/c01f9ff1f3b7e705_3_b03c345744df7d16.wav
c01f9ff1f3b7e705,song/c01f9ff1f3b7e705_3_88f1106a6f6724b3.mp3,hum/c01f9ff1f3b7e705_3_f11d94215f42657b.wav
c01f9ff1f3b7e705,song/c01f9ff1f3b7e705_3_88f1106a6f6724b3.mp3,hum/c01f9ff1f3b7e705_3_dbf0a8c84ce912cd.wav
c01f9ff1f3b7e705,song/c01f9ff1f3b7e705_4_19dd9393c3f1059e.mp3,hum/c01f9ff1f3b7e705_4_a0165750e9036a56.wav
c01f9ff1f3b7e705,song/c01f9ff1f3b7e705_4_19dd9393c3f1059e.mp3,hum/c01f9ff1f3b7e705_4_0fe557556dcbe64d.wav
c01f9ff1f3b7e705,song/c01f9ff1f3b7e705_4_19dd9393c3f1059e.mp3,hum/c01f9ff1f3b7e705_4_5ce6c662ca5bff68.wav
c01f9ff1f3b7e705,song/c01f9ff1f3b7e705_4_19dd9393c3f1059e.mp3,hum/c01f9ff1f3b7e705_4_b56ae66158a6fb9e.wav
c01f9ff1f3b7e705,song/c01f9ff1f3b7e705_5_668f2fb79d9a9f25.mp3,hum/c01f9ff1f3b7e705_5_6193d834954f89c8.wav
c01f9ff1f3b7e705,song/c01f9ff1f3b7e705_5_668f2fb79d9a9f25.mp3,hum/c01f9ff1f3b7e705_5_484aa9e815185928.wav
c01f9ff1f3b7e705,song/c01f9ff1f3b7e705_5_668f2fb79d9a9f25.mp3,hum/c01f9ff1f3b7e705_5_96f9d49aa64cc1ab.wav
c01f9ff1f3b7e705,song/c01f9ff1f3b7e705_5_668f2fb79d9a9f25.mp3,hum/c01f9ff1f3b7e705_5_950e0894cf9ed22b.wav
c01f9ff1f3b7e705,song/c01f9ff1f3b7e705_5_668f2fb79d9a9f25.mp3,hum/c01f9ff1f3b7e705_5_916372dab03c5bd0.wav
c0c9cc1b6ade4ab0,song/c0c9cc1b6ade4ab0_1_008538ad8f6c345a.mp3,hum/c0c9cc1b6ade4ab0_1_505bdf199de53e8d.wav
c0c9cc1b6ade4ab0,song/c0c9cc1b6ade4ab0_1_008538ad8f6c345a.mp3,hum/c0c9cc1b6ade4ab0_1_f088da354273da6f.wav
c0c9cc1b6ade4ab0,song/c0c9cc1b6ade4ab0_1_008538ad8f6c345a.mp3,hum/c0c9cc1b6ade4ab0_1_ddf5d2eb06b3e076.wav
c0c9cc1b6ade4ab0,song/c0c9cc1b6ade4ab0_1_008538ad8f6c345a.mp3,hum/c0c9cc1b6ade4ab0_1_ae9e5e9791edc995.wav
c0c9cc1b6ade4ab0,song/c0c9cc1b6ade4ab0_2_41d8472923bfe1ab.mp3,hum/c0c9cc1b6ade4ab0_2_f786ddfe4414b062.wav
c0c9cc1b6ade4ab0,song/c0c9cc1b6ade4ab0_2_41d8472923bfe1ab.mp3,hum/c0c9cc1b6ade4ab0_2_e6c3428b63352e4e.wav
c0c9cc1b6ade4ab0,song/c0c9cc1b6ade4ab0_2_41d8472923bfe1ab.mp3,hum/c0c9cc1b6ade4ab0_2_eeddc6b3a0897515.wav
c0c9cc1b6ade4ab0,song/c0c9cc1b6ade4ab0_2_41d8472923bfe1ab.mp3,hum/c0c9cc1b6ade4ab0_2_09f7234f62686c22.wav
c14cfa8dd3541e74,song/c14cfa8dd3541e74_1_905f0ca5cc41066d.mp3,hum/c14cfa8dd3541e74_1_432d1b6c307aeaca.wav
c14cfa8dd3541e74,song/c14cfa8dd3541e74_1_905f0ca5cc41066d.mp3,hum/c14cfa8dd3541e74_1_467c7b81d86b4a5f.wav
c14cfa8dd3541e74,song/c14cfa8dd3541e74_1_905f0ca5cc41066d.mp3,hum/c14cfa8dd3541e74_1_1bd9e9536036a75a.wav
c14cfa8dd3541e74,song/c14cfa8dd3541e74_1_905f0ca5cc41066d.mp3,hum/c14cfa8dd3541e74_1_7b5ee2dc4ef9500b.wav
c14cfa8dd3541e74,song/c14cfa8dd3541e74_1_905f0ca5cc41066d.mp3,hum/c14cfa8dd3541e74_1_fc568b689e8343d2.wav
c17e53615e8cec19,song/c17e53615e8cec19_3_212428bab7d78d3a.mp3,hum/c17e53615e8cec19_3_b671bae95952cfac.wav
c17e53615e8cec19,song/c17e53615e8cec19_3_212428bab7d78d3a.mp3,hum/c17e53615e8cec19_3_5cad0e1f310cbe8f.wav
c17e53615e8cec19,song/c17e53615e8cec19_3_212428bab7d78d3a.mp3,hum/c17e53615e8cec19_3_8166b053599f7a7b.wav
c17e53615e8cec19,song/c17e53615e8cec19_3_212428bab7d78d3a.mp3,hum/c17e53615e8cec19_3_9ff1dde4bf90b59b.wav
c17e53615e8cec19,song/c17e53615e8cec19_3_212428bab7d78d3a.mp3,hum/c17e53615e8cec19_3_719861561c5754bd.wav
c17e53615e8cec19,song/c17e53615e8cec19_4_76c953494832368c.mp3,hum/c17e53615e8cec19_4_ac5d61f32b14421d.wav
c17e53615e8cec19,song/c17e53615e8cec19_4_76c953494832368c.mp3,hum/c17e53615e8cec19_4_60bd39d35725e09a.wav
c17e53615e8cec19,song/c17e53615e8cec19_4_76c953494832368c.mp3,hum/c17e53615e8cec19_4_00889ad36a84bbcf.wav
c17e53615e8cec19,song/c17e53615e8cec19_4_76c953494832368c.mp3,hum/c17e53615e8cec19_4_ad94097bed5b9bd0.wav
c17e53615e8cec19,song/c17e53615e8cec19_5_2ff64df257620eb7.mp3,hum/c17e53615e8cec19_5_4181346d6dad9e2f.wav
c17e53615e8cec19,song/c17e53615e8cec19_5_2ff64df257620eb7.mp3,hum/c17e53615e8cec19_5_d0898c7bf93bd1f9.wav
c17e53615e8cec19,song/c17e53615e8cec19_5_2ff64df257620eb7.mp3,hum/c17e53615e8cec19_5_ccaac7448e860b5e.wav
c17e53615e8cec19,song/c17e53615e8cec19_5_2ff64df257620eb7.mp3,hum/c17e53615e8cec19_5_de1e87cb1ea19406.wav
c1f678f2f39213b5,song/c1f678f2f39213b5_1_c2ece252e5f77fde.mp3,hum/c1f678f2f39213b5_1_f914719ae4de25ca.wav
c1f678f2f39213b5,song/c1f678f2f39213b5_1_c2ece252e5f77fde.mp3,hum/c1f678f2f39213b5_1_55e77f871862b06d.wav
c1f678f2f39213b5,song/c1f678f2f39213b5_1_c2ece252e5f77fde.mp3,hum/c1f678f2f39213b5_1_c12bd9e19f9d8470.wav
c1f678f2f39213b5,song/c1f678f2f39213b5_1_c2ece252e5f77fde.mp3,hum/c1f678f2f39213b5_1_cf81685155bb6454.wav
c1f678f2f39213b5,song/c1f678f2f39213b5_1_c2ece252e5f77fde.mp3,hum/c1f678f2f39213b5_1_66dc895f87355830.wav
c1f678f2f39213b5,song/c1f678f2f39213b5_1_c2ece252e5f77fde.mp3,hum/c1f678f2f39213b5_1_9da99c6c7d0c16e7.wav
c1f678f2f39213b5,song/c1f678f2f39213b5_1_c2ece252e5f77fde.mp3,hum/c1f678f2f39213b5_1_f02682801753e59c.wav
c1f678f2f39213b5,song/c1f678f2f39213b5_1_c2ece252e5f77fde.mp3,hum/c1f678f2f39213b5_1_8880c70ad983c1e1.wav
c1f678f2f39213b5,song/c1f678f2f39213b5_1_c2ece252e5f77fde.mp3,hum/c1f678f2f39213b5_1_363ad490a13ea38f.wav
c1f678f2f39213b5,song/c1f678f2f39213b5_1_c2ece252e5f77fde.mp3,hum/c1f678f2f39213b5_1_25cd14dbb5b9cd97.wav
c1f678f2f39213b5,song/c1f678f2f39213b5_1_c2ece252e5f77fde.mp3,hum/c1f678f2f39213b5_1_3050f1f239b08911.wav
c1f678f2f39213b5,song/c1f678f2f39213b5_1_c2ece252e5f77fde.mp3,hum/c1f678f2f39213b5_1_cca89ac219a51e8b.wav
c1f678f2f39213b5,song/c1f678f2f39213b5_1_c2ece252e5f77fde.mp3,hum/c1f678f2f39213b5_1_bf38c9d541a6375b.wav
c1f678f2f39213b5,song/c1f678f2f39213b5_1_c2ece252e5f77fde.mp3,hum/c1f678f2f39213b5_1_de8bc96b5d03340f.wav
c1f678f2f39213b5,song/c1f678f2f39213b5_1_c2ece252e5f77fde.mp3,hum/c1f678f2f39213b5_1_5f950532147af3ee.wav
c1f678f2f39213b5,song/c1f678f2f39213b5_1_c2ece252e5f77fde.mp3,hum/c1f678f2f39213b5_1_f018a1a215bb89c9.wav
c1f678f2f39213b5,song/c1f678f2f39213b5_1_c2ece252e5f77fde.mp3,hum/c1f678f2f39213b5_1_7cb2e1d80368f3d1.wav
c222a2c2d85b2af0,song/c222a2c2d85b2af0_1_395104539f24af39.mp3,hum/c222a2c2d85b2af0_1_49bfda526737dce9.wav
c222a2c2d85b2af0,song/c222a2c2d85b2af0_1_395104539f24af39.mp3,hum/c222a2c2d85b2af0_1_deff52965a8b54f5.wav
c222a2c2d85b2af0,song/c222a2c2d85b2af0_1_395104539f24af39.mp3,hum/c222a2c2d85b2af0_1_cd9c6de3da68ea1a.wav
c222a2c2d85b2af0,song/c222a2c2d85b2af0_1_395104539f24af39.mp3,hum/c222a2c2d85b2af0_1_950edaed6a827a86.wav
c222a2c2d85b2af0,song/c222a2c2d85b2af0_1_395104539f24af39.mp3,hum/c222a2c2d85b2af0_1_603ed3eed956f3f6.wav
c222a2c2d85b2af0,song/c222a2c2d85b2af0_2_8508d99b94103dc8.mp3,hum/c222a2c2d85b2af0_2_f59d94292e28c58c.wav
c222a2c2d85b2af0,song/c222a2c2d85b2af0_2_8508d99b94103dc8.mp3,hum/c222a2c2d85b2af0_2_532fcfe830c4b418.wav
c222a2c2d85b2af0,song/c222a2c2d85b2af0_2_8508d99b94103dc8.mp3,hum/c222a2c2d85b2af0_2_e8e5737ae6dacb9f.wav
c222a2c2d85b2af0,song/c222a2c2d85b2af0_2_8508d99b94103dc8.mp3,hum/c222a2c2d85b2af0_2_4497648d774a2ab9.wav
c222a2c2d85b2af0,song/c222a2c2d85b2af0_2_8508d99b94103dc8.mp3,hum/c222a2c2d85b2af0_2_16132134e8302d48.wav
c58ea7b341aee1b1,song/c58ea7b341aee1b1_1_fe6f26925f9e33de.mp3,hum/c58ea7b341aee1b1_1_2c7b48236d04fc7f.wav
c58ea7b341aee1b1,song/c58ea7b341aee1b1_1_fe6f26925f9e33de.mp3,hum/c58ea7b341aee1b1_1_59635a6a668fca10.wav
c58ea7b341aee1b1,song/c58ea7b341aee1b1_1_fe6f26925f9e33de.mp3,hum/c58ea7b341aee1b1_1_a0505885bffd9ed2.wav
c58ea7b341aee1b1,song/c58ea7b341aee1b1_1_fe6f26925f9e33de.mp3,hum/c58ea7b341aee1b1_1_706c912e0d1be776.wav
c58ea7b341aee1b1,song/c58ea7b341aee1b1_1_fe6f26925f9e33de.mp3,hum/c58ea7b341aee1b1_1_a6bb1ebf74aa1766.wav
c58ea7b341aee1b1,song/c58ea7b341aee1b1_2_c7f790d08411471d.mp3,hum/c58ea7b341aee1b1_2_5ff04d61af0cfffe.wav
c58ea7b341aee1b1,song/c58ea7b341aee1b1_2_c7f790d08411471d.mp3,hum/c58ea7b341aee1b1_2_761f85111c4039dd.wav
c58ea7b341aee1b1,song/c58ea7b341aee1b1_2_c7f790d08411471d.mp3,hum/c58ea7b341aee1b1_2_36897c346ff0f63f.wav
c58ea7b341aee1b1,song/c58ea7b341aee1b1_2_c7f790d08411471d.mp3,hum/c58ea7b341aee1b1_2_d0bab7aab499a8b3.wav
c58ea7b341aee1b1,song/c58ea7b341aee1b1_2_c7f790d08411471d.mp3,hum/c58ea7b341aee1b1_2_33e19fce085bea0f.wav
c58ea7b341aee1b1,song/c58ea7b341aee1b1_3_382b6ec2e007bafb.mp3,hum/c58ea7b341aee1b1_3_5a527e5b6f323bf7.wav
c58ea7b341aee1b1,song/c58ea7b341aee1b1_3_382b6ec2e007bafb.mp3,hum/c58ea7b341aee1b1_3_66823c3bacf5d788.wav
c58ea7b341aee1b1,song/c58ea7b341aee1b1_3_382b6ec2e007bafb.mp3,hum/c58ea7b341aee1b1_3_f25c76a8ba0a82c6.wav
c58ea7b341aee1b1,song/c58ea7b341aee1b1_3_382b6ec2e007bafb.mp3,hum/c58ea7b341aee1b1_3_e37b6d63bffa2849.wav
c58ea7b341aee1b1,song/c58ea7b341aee1b1_3_382b6ec2e007bafb.mp3,hum/c58ea7b341aee1b1_3_ad0adc5b2b55c0d7.wav
c65c05499385aaa9,song/c65c05499385aaa9_1_56b0ba788fc11d5b.mp3,hum/c65c05499385aaa9_1_70fcaf490a6ab534.wav
c65c05499385aaa9,song/c65c05499385aaa9_1_56b0ba788fc11d5b.mp3,hum/c65c05499385aaa9_1_69b89f826d844758.wav
c65c05499385aaa9,song/c65c05499385aaa9_1_56b0ba788fc11d5b.mp3,hum/c65c05499385aaa9_1_ba9b6a19c1123f03.wav
c65c05499385aaa9,song/c65c05499385aaa9_1_56b0ba788fc11d5b.mp3,hum/c65c05499385aaa9_1_b8849e0ef0c6e61f.wav
c65c05499385aaa9,song/c65c05499385aaa9_1_56b0ba788fc11d5b.mp3,hum/c65c05499385aaa9_1_43b4f8bbc343d683.wav
c65c05499385aaa9,song/c65c05499385aaa9_2_6c24b18c6678057f.mp3,hum/c65c05499385aaa9_2_fed474817b5d5efc.wav
c65c05499385aaa9,song/c65c05499385aaa9_2_6c24b18c6678057f.mp3,hum/c65c05499385aaa9_2_f25f468fc81c4225.wav
c65c05499385aaa9,song/c65c05499385aaa9_2_6c24b18c6678057f.mp3,hum/c65c05499385aaa9_2_07a99580f67705d5.wav
c65c05499385aaa9,song/c65c05499385aaa9_2_6c24b18c6678057f.mp3,hum/c65c05499385aaa9_2_857621fd14b151f6.wav
c65c05499385aaa9,song/c65c05499385aaa9_2_6c24b18c6678057f.mp3,hum/c65c05499385aaa9_2_f9d5422120bf9c5c.wav
ca0edcccdf0481d8,song/ca0edcccdf0481d8_1_f93c0865fd7a7cf7.mp3,hum/ca0edcccdf0481d8_1_c2085c6a5c75bbb6.wav
ca0edcccdf0481d8,song/ca0edcccdf0481d8_1_f93c0865fd7a7cf7.mp3,hum/ca0edcccdf0481d8_1_a865b8b3f8002573.wav
ca0edcccdf0481d8,song/ca0edcccdf0481d8_1_f93c0865fd7a7cf7.mp3,hum/ca0edcccdf0481d8_1_e78384eee45f790f.wav
ca0edcccdf0481d8,song/ca0edcccdf0481d8_1_f93c0865fd7a7cf7.mp3,hum/ca0edcccdf0481d8_1_152ac623ab54b58f.wav
ca0edcccdf0481d8,song/ca0edcccdf0481d8_1_f93c0865fd7a7cf7.mp3,hum/ca0edcccdf0481d8_1_c7e1501ead7c5397.wav
ca0edcccdf0481d8,song/ca0edcccdf0481d8_1_f93c0865fd7a7cf7.mp3,hum/ca0edcccdf0481d8_1_55edc902ccb49af9.wav
ca0edcccdf0481d8,song/ca0edcccdf0481d8_1_f93c0865fd7a7cf7.mp3,hum/ca0edcccdf0481d8_1_f3e9d3788095727e.wav
ca0edcccdf0481d8,song/ca0edcccdf0481d8_1_f93c0865fd7a7cf7.mp3,hum/ca0edcccdf0481d8_1_65ada6ec4f27ef60.wav
ca0edcccdf0481d8,song/ca0edcccdf0481d8_1_f93c0865fd7a7cf7.mp3,hum/ca0edcccdf0481d8_1_72d72d989e5ec2d2.wav
ca0edcccdf0481d8,song/ca0edcccdf0481d8_1_f93c0865fd7a7cf7.mp3,hum/ca0edcccdf0481d8_1_3a4821929b0a0737.wav
ca0edcccdf0481d8,song/ca0edcccdf0481d8_1_f93c0865fd7a7cf7.mp3,hum/ca0edcccdf0481d8_1_7d19de4db71df9f9.wav
ca0edcccdf0481d8,song/ca0edcccdf0481d8_1_f93c0865fd7a7cf7.mp3,hum/ca0edcccdf0481d8_1_1e35bbd4ad6ac3f8.wav
ca0edcccdf0481d8,song/ca0edcccdf0481d8_1_f93c0865fd7a7cf7.mp3,hum/ca0edcccdf0481d8_1_fa590376b4b1a6a0.wav
ca0edcccdf0481d8,song/ca0edcccdf0481d8_1_f93c0865fd7a7cf7.mp3,hum/ca0edcccdf0481d8_1_0cae28a2f77af303.wav
ca0edcccdf0481d8,song/ca0edcccdf0481d8_1_f93c0865fd7a7cf7.mp3,hum/ca0edcccdf0481d8_1_cd531af621cf0647.wav
ca0edcccdf0481d8,song/ca0edcccdf0481d8_1_f93c0865fd7a7cf7.mp3,hum/ca0edcccdf0481d8_1_78b0909c75278592.wav
ca0edcccdf0481d8,song/ca0edcccdf0481d8_1_f93c0865fd7a7cf7.mp3,hum/ca0edcccdf0481d8_1_10474d360ea9010d.wav
ca0edcccdf0481d8,song/ca0edcccdf0481d8_1_f93c0865fd7a7cf7.mp3,hum/ca0edcccdf0481d8_1_7f058bca525f8079.wav
ca0edcccdf0481d8,song/ca0edcccdf0481d8_1_f93c0865fd7a7cf7.mp3,hum/ca0edcccdf0481d8_1_cf25cf38098e3563.wav
ca0edcccdf0481d8,song/ca0edcccdf0481d8_2_66f4a3538d0e6182.mp3,hum/ca0edcccdf0481d8_2_9d558180b5d978da.wav
ca0edcccdf0481d8,song/ca0edcccdf0481d8_2_66f4a3538d0e6182.mp3,hum/ca0edcccdf0481d8_2_3d8f43dbf2cad259.wav
ca0edcccdf0481d8,song/ca0edcccdf0481d8_2_66f4a3538d0e6182.mp3,hum/ca0edcccdf0481d8_2_e386536e6d530edc.wav
ca0edcccdf0481d8,song/ca0edcccdf0481d8_2_66f4a3538d0e6182.mp3,hum/ca0edcccdf0481d8_2_2c4ec5d6b86e9eee.wav
ca0edcccdf0481d8,song/ca0edcccdf0481d8_2_66f4a3538d0e6182.mp3,hum/ca0edcccdf0481d8_2_7806f87cd9c3671f.wav
ca0edcccdf0481d8,song/ca0edcccdf0481d8_2_66f4a3538d0e6182.mp3,hum/ca0edcccdf0481d8_2_178c634b27d499c3.wav
ca0edcccdf0481d8,song/ca0edcccdf0481d8_2_66f4a3538d0e6182.mp3,hum/ca0edcccdf0481d8_2_c839c8aa534d121c.wav
ca0edcccdf0481d8,song/ca0edcccdf0481d8_2_66f4a3538d0e6182.mp3,hum/ca0edcccdf0481d8_2_ee13eec84038993d.wav
ca0edcccdf0481d8,song/ca0edcccdf0481d8_2_66f4a3538d0e6182.mp3,hum/ca0edcccdf0481d8_2_49ca59bec536a07c.wav
ca0edcccdf0481d8,song/ca0edcccdf0481d8_2_66f4a3538d0e6182.mp3,hum/ca0edcccdf0481d8_2_a434268921dd3af8.wav
ca0edcccdf0481d8,song/ca0edcccdf0481d8_2_66f4a3538d0e6182.mp3,hum/ca0edcccdf0481d8_2_236e4545e521bddc.wav
ca0edcccdf0481d8,song/ca0edcccdf0481d8_2_66f4a3538d0e6182.mp3,hum/ca0edcccdf0481d8_2_c9f7b2651939688e.wav
ca0edcccdf0481d8,song/ca0edcccdf0481d8_2_66f4a3538d0e6182.mp3,hum/ca0edcccdf0481d8_2_58cab26468492305.wav
ca0edcccdf0481d8,song/ca0edcccdf0481d8_2_66f4a3538d0e6182.mp3,hum/ca0edcccdf0481d8_2_147074b989177ebc.wav
ca0edcccdf0481d8,song/ca0edcccdf0481d8_2_66f4a3538d0e6182.mp3,hum/ca0edcccdf0481d8_2_15f14d12b4918111.wav
ca0edcccdf0481d8,song/ca0edcccdf0481d8_2_66f4a3538d0e6182.mp3,hum/ca0edcccdf0481d8_2_eeb8a3577d1f008b.wav
ca0edcccdf0481d8,song/ca0edcccdf0481d8_2_66f4a3538d0e6182.mp3,hum/ca0edcccdf0481d8_2_840cbde87681447f.wav
ca0edcccdf0481d8,song/ca0edcccdf0481d8_2_66f4a3538d0e6182.mp3,hum/ca0edcccdf0481d8_2_68355a20d3c9e6db.wav
ca65a26ed850b578,song/ca65a26ed850b578_1_11aee901ffab00c7.mp3,hum/ca65a26ed850b578_1_c867fe34aa810797.wav
ca65a26ed850b578,song/ca65a26ed850b578_1_11aee901ffab00c7.mp3,hum/ca65a26ed850b578_1_fe7a8c90bfca5d6e.wav
ca65a26ed850b578,song/ca65a26ed850b578_1_11aee901ffab00c7.mp3,hum/ca65a26ed850b578_1_40a2537414466b45.wav
ca65a26ed850b578,song/ca65a26ed850b578_1_11aee901ffab00c7.mp3,hum/ca65a26ed850b578_1_1a7428b1ef13103c.wav
ca65a26ed850b578,song/ca65a26ed850b578_1_11aee901ffab00c7.mp3,hum/ca65a26ed850b578_1_59e877a0f1dfd42f.wav
ca65a26ed850b578,song/ca65a26ed850b578_1_11aee901ffab00c7.mp3,hum/ca65a26ed850b578_1_42cdb3ff2905f0cd.wav
ca65a26ed850b578,song/ca65a26ed850b578_1_11aee901ffab00c7.mp3,hum/ca65a26ed850b578_1_48eef9651c73a448.wav
ca65a26ed850b578,song/ca65a26ed850b578_2_973f691bfa4c6d4f.mp3,hum/ca65a26ed850b578_2_06c9058c5ed006db.wav
ca65a26ed850b578,song/ca65a26ed850b578_2_973f691bfa4c6d4f.mp3,hum/ca65a26ed850b578_2_d0ef3cfe04bfee7e.wav
ca65a26ed850b578,song/ca65a26ed850b578_2_973f691bfa4c6d4f.mp3,hum/ca65a26ed850b578_2_8f7904d3a8b67a65.wav
ca65a26ed850b578,song/ca65a26ed850b578_2_973f691bfa4c6d4f.mp3,hum/ca65a26ed850b578_2_3185c96f883f25de.wav
ca65a26ed850b578,song/ca65a26ed850b578_2_973f691bfa4c6d4f.mp3,hum/ca65a26ed850b578_2_c106684fcd4c4111.wav
ca65a26ed850b578,song/ca65a26ed850b578_2_973f691bfa4c6d4f.mp3,hum/ca65a26ed850b578_2_341331a2252f4d03.wav
ca65a26ed850b578,song/ca65a26ed850b578_2_973f691bfa4c6d4f.mp3,hum/ca65a26ed850b578_2_a65c86d429428114.wav
ca65a26ed850b578,song/ca65a26ed850b578_3_755f3ceb7c7c4d40.mp3,hum/ca65a26ed850b578_3_7af826302491818f.wav
ca65a26ed850b578,song/ca65a26ed850b578_3_755f3ceb7c7c4d40.mp3,hum/ca65a26ed850b578_3_68a6730abbda6057.wav
ca65a26ed850b578,song/ca65a26ed850b578_3_755f3ceb7c7c4d40.mp3,hum/ca65a26ed850b578_3_c1e429c38e04a915.wav
ca65a26ed850b578,song/ca65a26ed850b578_3_755f3ceb7c7c4d40.mp3,hum/ca65a26ed850b578_3_4b710f0b8e9c734b.wav
ca65a26ed850b578,song/ca65a26ed850b578_3_755f3ceb7c7c4d40.mp3,hum/ca65a26ed850b578_3_bf516fb27ad495eb.wav
ca65a26ed850b578,song/ca65a26ed850b578_3_755f3ceb7c7c4d40.mp3,hum/ca65a26ed850b578_3_55cff5448d03a4e9.wav
ca65a26ed850b578,song/ca65a26ed850b578_3_755f3ceb7c7c4d40.mp3,hum/ca65a26ed850b578_3_9522ec026825dfa0.wav
cabd20dd6d22d386,song/cabd20dd6d22d386_1_b079cb155ff1e9ad.mp3,hum/cabd20dd6d22d386_1_0aadf7afc2a0a1e4.wav
cabd20dd6d22d386,song/cabd20dd6d22d386_1_b079cb155ff1e9ad.mp3,hum/cabd20dd6d22d386_1_1a93824bbf15d028.wav
cabd20dd6d22d386,song/cabd20dd6d22d386_1_b079cb155ff1e9ad.mp3,hum/cabd20dd6d22d386_1_f1a3ad8f173c0e45.wav
cabd20dd6d22d386,song/cabd20dd6d22d386_1_b079cb155ff1e9ad.mp3,hum/cabd20dd6d22d386_1_05ec061bb1ff06de.wav
cabd20dd6d22d386,song/cabd20dd6d22d386_1_b079cb155ff1e9ad.mp3,hum/cabd20dd6d22d386_1_047c6c37d6370527.wav
cabd20dd6d22d386,song/cabd20dd6d22d386_1_b079cb155ff1e9ad.mp3,hum/cabd20dd6d22d386_1_28a50070db2e7da4.wav
cabd20dd6d22d386,song/cabd20dd6d22d386_1_b079cb155ff1e9ad.mp3,hum/cabd20dd6d22d386_1_184b42a4b5a6bb50.wav
cabd20dd6d22d386,song/cabd20dd6d22d386_1_b079cb155ff1e9ad.mp3,hum/cabd20dd6d22d386_1_77c795c6fc236e5d.wav
cabd20dd6d22d386,song/cabd20dd6d22d386_1_b079cb155ff1e9ad.mp3,hum/cabd20dd6d22d386_1_1f65671cc17663c4.wav
cabd20dd6d22d386,song/cabd20dd6d22d386_1_b079cb155ff1e9ad.mp3,hum/cabd20dd6d22d386_1_0750e4f5d8102442.wav
cabd20dd6d22d386,song/cabd20dd6d22d386_1_b079cb155ff1e9ad.mp3,hum/cabd20dd6d22d386_1_804379798f38f676.wav
cabd20dd6d22d386,song/cabd20dd6d22d386_1_b079cb155ff1e9ad.mp3,hum/cabd20dd6d22d386_1_ee4c3dfd230d4f65.wav
cabd20dd6d22d386,song/cabd20dd6d22d386_1_b079cb155ff1e9ad.mp3,hum/cabd20dd6d22d386_1_9f7012edbb0891ac.wav
cabd20dd6d22d386,song/cabd20dd6d22d386_1_b079cb155ff1e9ad.mp3,hum/cabd20dd6d22d386_1_f8af3c8148fbe7c1.wav
cabd20dd6d22d386,song/cabd20dd6d22d386_1_b079cb155ff1e9ad.mp3,hum/cabd20dd6d22d386_1_d402aa049ca9580a.wav
cabd20dd6d22d386,song/cabd20dd6d22d386_2_e5acff99af0faa8e.mp3,hum/cabd20dd6d22d386_2_180553c575acc2fe.wav
cabd20dd6d22d386,song/cabd20dd6d22d386_2_e5acff99af0faa8e.mp3,hum/cabd20dd6d22d386_2_49ad32775f9f3913.wav
cabd20dd6d22d386,song/cabd20dd6d22d386_2_e5acff99af0faa8e.mp3,hum/cabd20dd6d22d386_2_f507885368e40e95.wav
cabd20dd6d22d386,song/cabd20dd6d22d386_2_e5acff99af0faa8e.mp3,hum/cabd20dd6d22d386_2_4c54e15309fd65a8.wav
cabd20dd6d22d386,song/cabd20dd6d22d386_2_e5acff99af0faa8e.mp3,hum/cabd20dd6d22d386_2_f752605fbae0864e.wav
cabd20dd6d22d386,song/cabd20dd6d22d386_2_e5acff99af0faa8e.mp3,hum/cabd20dd6d22d386_2_a35c69cfd977a5c8.wav
cabd20dd6d22d386,song/cabd20dd6d22d386_2_e5acff99af0faa8e.mp3,hum/cabd20dd6d22d386_2_a75fa5eeccbd1737.wav
cabd20dd6d22d386,song/cabd20dd6d22d386_2_e5acff99af0faa8e.mp3,hum/cabd20dd6d22d386_2_ef68fffbcb8f3489.wav
cabd20dd6d22d386,song/cabd20dd6d22d386_2_e5acff99af0faa8e.mp3,hum/cabd20dd6d22d386_2_de3033c23e5b0bb9.wav
cabd20dd6d22d386,song/cabd20dd6d22d386_2_e5acff99af0faa8e.mp3,hum/cabd20dd6d22d386_2_a903f7dad7b15449.wav
cabd20dd6d22d386,song/cabd20dd6d22d386_2_e5acff99af0faa8e.mp3,hum/cabd20dd6d22d386_2_4b831b86d46e1b54.wav
cabd20dd6d22d386,song/cabd20dd6d22d386_2_e5acff99af0faa8e.mp3,hum/cabd20dd6d22d386_2_ed3131a3bda2c4c3.wav
cabd20dd6d22d386,song/cabd20dd6d22d386_2_e5acff99af0faa8e.mp3,hum/cabd20dd6d22d386_2_81917c9b51a9ba6a.wav
cabd20dd6d22d386,song/cabd20dd6d22d386_2_e5acff99af0faa8e.mp3,hum/cabd20dd6d22d386_2_4a983c3ff40f5902.wav
cabd20dd6d22d386,song/cabd20dd6d22d386_2_e5acff99af0faa8e.mp3,hum/cabd20dd6d22d386_2_1c4d60897d627043.wav
cb2783faad8f01d6,song/cb2783faad8f01d6_1_af57e067a66250c8.mp3,hum/cb2783faad8f01d6_1_4cc9e3b24a04a24f.wav
cb2783faad8f01d6,song/cb2783faad8f01d6_1_af57e067a66250c8.mp3,hum/cb2783faad8f01d6_1_ff786c4f8ff516f2.wav
cb2783faad8f01d6,song/cb2783faad8f01d6_1_af57e067a66250c8.mp3,hum/cb2783faad8f01d6_1_8f21c4117b1958ff.wav
cb2783faad8f01d6,song/cb2783faad8f01d6_1_af57e067a66250c8.mp3,hum/cb2783faad8f01d6_1_7b7dec897ce8f0a1.wav
cb2783faad8f01d6,song/cb2783faad8f01d6_1_af57e067a66250c8.mp3,hum/cb2783faad8f01d6_1_a0b5e421d9bab465.wav
cb2783faad8f01d6,song/cb2783faad8f01d6_1_af57e067a66250c8.mp3,hum/cb2783faad8f01d6_1_f1709f45cfd9b0ae.wav
cb2783faad8f01d6,song/cb2783faad8f01d6_2_c1e0aeb54161d5d7.mp3,hum/cb2783faad8f01d6_2_94f48d2cc74cea68.wav
cb2783faad8f01d6,song/cb2783faad8f01d6_2_c1e0aeb54161d5d7.mp3,hum/cb2783faad8f01d6_2_77e2157fcfd83f5f.wav
cb2783faad8f01d6,song/cb2783faad8f01d6_2_c1e0aeb54161d5d7.mp3,hum/cb2783faad8f01d6_2_c91c0c2eff11e32d.wav
cb2783faad8f01d6,song/cb2783faad8f01d6_2_c1e0aeb54161d5d7.mp3,hum/cb2783faad8f01d6_2_a3c0be13b03b2be2.wav
cb2783faad8f01d6,song/cb2783faad8f01d6_2_c1e0aeb54161d5d7.mp3,hum/cb2783faad8f01d6_2_16760467bddeca78.wav
cbd448d399d0d7c0,song/cbd448d399d0d7c0_1_d5cd2653341d3405.mp3,hum/cbd448d399d0d7c0_1_f7ac30225541952c.wav
cbd448d399d0d7c0,song/cbd448d399d0d7c0_1_d5cd2653341d3405.mp3,hum/cbd448d399d0d7c0_1_7c627ffec1bd54e3.wav
cbd448d399d0d7c0,song/cbd448d399d0d7c0_1_d5cd2653341d3405.mp3,hum/cbd448d399d0d7c0_1_88c6ff4ab6542784.wav
cbd448d399d0d7c0,song/cbd448d399d0d7c0_1_d5cd2653341d3405.mp3,hum/cbd448d399d0d7c0_1_cd75cc8b6e367906.wav
cbd448d399d0d7c0,song/cbd448d399d0d7c0_1_d5cd2653341d3405.mp3,hum/cbd448d399d0d7c0_1_3b2c965235c7dc37.wav
cbd448d399d0d7c0,song/cbd448d399d0d7c0_2_ee6281f94442404c.mp3,hum/cbd448d399d0d7c0_2_c4c0faa3ac60b45b.wav
cbd448d399d0d7c0,song/cbd448d399d0d7c0_2_ee6281f94442404c.mp3,hum/cbd448d399d0d7c0_2_6d58d2f5510b56ab.wav
cbd448d399d0d7c0,song/cbd448d399d0d7c0_2_ee6281f94442404c.mp3,hum/cbd448d399d0d7c0_2_33995d6a694e247e.wav
cbd448d399d0d7c0,song/cbd448d399d0d7c0_2_ee6281f94442404c.mp3,hum/cbd448d399d0d7c0_2_df6c09e667340d67.wav
cbd448d399d0d7c0,song/cbd448d399d0d7c0_2_ee6281f94442404c.mp3,hum/cbd448d399d0d7c0_2_a8555b48e053709b.wav
cbd448d399d0d7c0,song/cbd448d399d0d7c0_2_ee6281f94442404c.mp3,hum/cbd448d399d0d7c0_2_4fbe4bfb3f5b8545.wav
cbd448d399d0d7c0,song/cbd448d399d0d7c0_2_ee6281f94442404c.mp3,hum/cbd448d399d0d7c0_2_8d55a47fb98a2292.wav
cbd448d399d0d7c0,song/cbd448d399d0d7c0_3_dd97cdec884985ca.mp3,hum/cbd448d399d0d7c0_3_e9a1eece63d6cbba.wav
cbd448d399d0d7c0,song/cbd448d399d0d7c0_3_dd97cdec884985ca.mp3,hum/cbd448d399d0d7c0_3_f370597a65185790.wav
cbd448d399d0d7c0,song/cbd448d399d0d7c0_3_dd97cdec884985ca.mp3,hum/cbd448d399d0d7c0_3_0066e454f7bbf9cc.wav
cbd448d399d0d7c0,song/cbd448d399d0d7c0_3_dd97cdec884985ca.mp3,hum/cbd448d399d0d7c0_3_a90c6dd9439d3852.wav
cbd448d399d0d7c0,song/cbd448d399d0d7c0_3_dd97cdec884985ca.mp3,hum/cbd448d399d0d7c0_3_02dc94a6bb053217.wav
cd1d96b83ad69350,song/cd1d96b83ad69350_1_671d3856a2a240f9.mp3,hum/cd1d96b83ad69350_1_6924eda39281504f.wav
cd1d96b83ad69350,song/cd1d96b83ad69350_1_671d3856a2a240f9.mp3,hum/cd1d96b83ad69350_1_e06a91cb4659f279.wav
cd1d96b83ad69350,song/cd1d96b83ad69350_1_671d3856a2a240f9.mp3,hum/cd1d96b83ad69350_1_cd9136d175476b98.wav
cd1d96b83ad69350,song/cd1d96b83ad69350_1_671d3856a2a240f9.mp3,hum/cd1d96b83ad69350_1_042e884e435ee16e.wav
cd1d96b83ad69350,song/cd1d96b83ad69350_1_671d3856a2a240f9.mp3,hum/cd1d96b83ad69350_1_ba90ff93229c00e4.wav
cd1d96b83ad69350,song/cd1d96b83ad69350_2_0c63d77f199197cd.mp3,hum/cd1d96b83ad69350_2_e7dcb5510d2cbe02.wav
cd1d96b83ad69350,song/cd1d96b83ad69350_2_0c63d77f199197cd.mp3,hum/cd1d96b83ad69350_2_f2edf6eff6121040.wav
cd1d96b83ad69350,song/cd1d96b83ad69350_2_0c63d77f199197cd.mp3,hum/cd1d96b83ad69350_2_48b364ea3ae501ec.wav
cd1d96b83ad69350,song/cd1d96b83ad69350_2_0c63d77f199197cd.mp3,hum/cd1d96b83ad69350_2_13b6a7b13a3f2119.wav
cd1d96b83ad69350,song/cd1d96b83ad69350_2_0c63d77f199197cd.mp3,hum/cd1d96b83ad69350_2_6926d3da61048c25.wav
cd1d96b83ad69350,song/cd1d96b83ad69350_3_005a1e4066f5a433.mp3,hum/cd1d96b83ad69350_3_f4de4f0e83422e29.wav
cd1d96b83ad69350,song/cd1d96b83ad69350_3_005a1e4066f5a433.mp3,hum/cd1d96b83ad69350_3_e9e41f8e936d07fd.wav
cd1d96b83ad69350,song/cd1d96b83ad69350_3_005a1e4066f5a433.mp3,hum/cd1d96b83ad69350_3_8a2ad351f58c0a48.wav
cd1d96b83ad69350,song/cd1d96b83ad69350_3_005a1e4066f5a433.mp3,hum/cd1d96b83ad69350_3_8c9c497f58f86c56.wav
cd1d96b83ad69350,song/cd1d96b83ad69350_3_005a1e4066f5a433.mp3,hum/cd1d96b83ad69350_3_498b1eae703d1cf5.wav
cd1d96b83ad69350,song/cd1d96b83ad69350_4_257ae578fd26bc16.mp3,hum/cd1d96b83ad69350_4_9fb768970e3cc592.wav
cd1d96b83ad69350,song/cd1d96b83ad69350_4_257ae578fd26bc16.mp3,hum/cd1d96b83ad69350_4_8b00c94fcb13a3f6.wav
cd1d96b83ad69350,song/cd1d96b83ad69350_4_257ae578fd26bc16.mp3,hum/cd1d96b83ad69350_4_aad19e94eae87b58.wav
cd1d96b83ad69350,song/cd1d96b83ad69350_4_257ae578fd26bc16.mp3,hum/cd1d96b83ad69350_4_e7f34cff496c63fc.wav
cd1d96b83ad69350,song/cd1d96b83ad69350_4_257ae578fd26bc16.mp3,hum/cd1d96b83ad69350_4_661add656c1892c0.wav
cd26df8ed3710eca,song/cd26df8ed3710eca_1_b8f49dfdf52f0cd3.mp3,hum/cd26df8ed3710eca_1_ca6a8576f8c783f8.wav
cd26df8ed3710eca,song/cd26df8ed3710eca_1_b8f49dfdf52f0cd3.mp3,hum/cd26df8ed3710eca_1_7d307b0df1336c31.wav
cd26df8ed3710eca,song/cd26df8ed3710eca_1_b8f49dfdf52f0cd3.mp3,hum/cd26df8ed3710eca_1_df9f029d52967dab.wav
cd26df8ed3710eca,song/cd26df8ed3710eca_1_b8f49dfdf52f0cd3.mp3,hum/cd26df8ed3710eca_1_56ceec01a25c5e73.wav
cd26df8ed3710eca,song/cd26df8ed3710eca_1_b8f49dfdf52f0cd3.mp3,hum/cd26df8ed3710eca_1_654c2cae2df83d78.wav
cd26df8ed3710eca,song/cd26df8ed3710eca_2_e939003a2569c3bc.mp3,hum/cd26df8ed3710eca_2_9f3b04d05c297a33.wav
cd26df8ed3710eca,song/cd26df8ed3710eca_2_e939003a2569c3bc.mp3,hum/cd26df8ed3710eca_2_9f311942e5c0059f.wav
cd26df8ed3710eca,song/cd26df8ed3710eca_2_e939003a2569c3bc.mp3,hum/cd26df8ed3710eca_2_4ab6279bbd9129a2.wav
cd26df8ed3710eca,song/cd26df8ed3710eca_2_e939003a2569c3bc.mp3,hum/cd26df8ed3710eca_2_5c119e7d824ce0c3.wav
cd26df8ed3710eca,song/cd26df8ed3710eca_2_e939003a2569c3bc.mp3,hum/cd26df8ed3710eca_2_4061235ef27f4da1.wav
cd26df8ed3710eca,song/cd26df8ed3710eca_3_5a3988efa234e2db.mp3,hum/cd26df8ed3710eca_3_d664ffa9c226264e.wav
cd26df8ed3710eca,song/cd26df8ed3710eca_3_5a3988efa234e2db.mp3,hum/cd26df8ed3710eca_3_9a0a4e6a063fc50a.wav
cd26df8ed3710eca,song/cd26df8ed3710eca_3_5a3988efa234e2db.mp3,hum/cd26df8ed3710eca_3_d59925bb980966a0.wav
cd26df8ed3710eca,song/cd26df8ed3710eca_3_5a3988efa234e2db.mp3,hum/cd26df8ed3710eca_3_78d08ca79277dd00.wav
cd26df8ed3710eca,song/cd26df8ed3710eca_3_5a3988efa234e2db.mp3,hum/cd26df8ed3710eca_3_399c8925277d6856.wav
cda3fc3183608ae6,song/cda3fc3183608ae6_1_e992f92ad58b756f.mp3,hum/cda3fc3183608ae6_1_0579b724dc9a4f27.wav
cda3fc3183608ae6,song/cda3fc3183608ae6_1_e992f92ad58b756f.mp3,hum/cda3fc3183608ae6_1_aae77b7a19bee54a.wav
cda3fc3183608ae6,song/cda3fc3183608ae6_1_e992f92ad58b756f.mp3,hum/cda3fc3183608ae6_1_e479f44767669916.wav
cda3fc3183608ae6,song/cda3fc3183608ae6_1_e992f92ad58b756f.mp3,hum/cda3fc3183608ae6_1_c785582199c46099.wav
cda3fc3183608ae6,song/cda3fc3183608ae6_1_e992f92ad58b756f.mp3,hum/cda3fc3183608ae6_1_47dde9f1a4c1ee1d.wav
cda3fc3183608ae6,song/cda3fc3183608ae6_2_5e8bfcd8611ca884.mp3,hum/cda3fc3183608ae6_2_09515141036d9d2f.wav
cda3fc3183608ae6,song/cda3fc3183608ae6_2_5e8bfcd8611ca884.mp3,hum/cda3fc3183608ae6_2_e0ed441a7fbadca7.wav
cda3fc3183608ae6,song/cda3fc3183608ae6_2_5e8bfcd8611ca884.mp3,hum/cda3fc3183608ae6_2_c6d2b19d640ee66a.wav
cda3fc3183608ae6,song/cda3fc3183608ae6_2_5e8bfcd8611ca884.mp3,hum/cda3fc3183608ae6_2_d8261340d2c03978.wav
cda3fc3183608ae6,song/cda3fc3183608ae6_2_5e8bfcd8611ca884.mp3,hum/cda3fc3183608ae6_2_e9604d2c5e2d3173.wav
ce0e629f24218b45,song/ce0e629f24218b45_1_72f1468199e1daca.mp3,hum/ce0e629f24218b45_1_de860ea248894ff9.wav
ce0e629f24218b45,song/ce0e629f24218b45_1_72f1468199e1daca.mp3,hum/ce0e629f24218b45_1_6abee5bed2faae9c.wav
ce0e629f24218b45,song/ce0e629f24218b45_1_72f1468199e1daca.mp3,hum/ce0e629f24218b45_1_c8ae686c5757f9c9.wav
ce0e629f24218b45,song/ce0e629f24218b45_1_72f1468199e1daca.mp3,hum/ce0e629f24218b45_1_039922d5266bb951.wav
ce0e629f24218b45,song/ce0e629f24218b45_1_72f1468199e1daca.mp3,hum/ce0e629f24218b45_1_dfee43e9b80c83e7.wav
ce0e629f24218b45,song/ce0e629f24218b45_1_72f1468199e1daca.mp3,hum/ce0e629f24218b45_1_fd24cfb1ae419b59.wav
ce0e629f24218b45,song/ce0e629f24218b45_1_72f1468199e1daca.mp3,hum/ce0e629f24218b45_1_575c520499ca04f2.wav
ce0e629f24218b45,song/ce0e629f24218b45_1_72f1468199e1daca.mp3,hum/ce0e629f24218b45_1_da52ac9d8a2bb13a.wav
ce0e629f24218b45,song/ce0e629f24218b45_1_72f1468199e1daca.mp3,hum/ce0e629f24218b45_1_c36f1f9a2e119c79.wav
ce0e629f24218b45,song/ce0e629f24218b45_1_72f1468199e1daca.mp3,hum/ce0e629f24218b45_1_19021e10db994d2e.wav
ce0e629f24218b45,song/ce0e629f24218b45_1_72f1468199e1daca.mp3,hum/ce0e629f24218b45_1_95cd283966e65d47.wav
ce0e629f24218b45,song/ce0e629f24218b45_1_72f1468199e1daca.mp3,hum/ce0e629f24218b45_1_646e2692c6a42f81.wav
ce0e629f24218b45,song/ce0e629f24218b45_1_72f1468199e1daca.mp3,hum/ce0e629f24218b45_1_cef6e38e4abd2b94.wav
cef8fc4b408146a2,song/cef8fc4b408146a2_1_0eb87ef9ee2fa336.mp3,hum/cef8fc4b408146a2_1_b9f6052af95832b4.wav
cef8fc4b408146a2,song/cef8fc4b408146a2_1_0eb87ef9ee2fa336.mp3,hum/cef8fc4b408146a2_1_898fe36b1fb1a82a.wav
cef8fc4b408146a2,song/cef8fc4b408146a2_1_0eb87ef9ee2fa336.mp3,hum/cef8fc4b408146a2_1_8da5aa8ea4760a73.wav
cef8fc4b408146a2,song/cef8fc4b408146a2_1_0eb87ef9ee2fa336.mp3,hum/cef8fc4b408146a2_1_a42d80a9d32e5753.wav
cef8fc4b408146a2,song/cef8fc4b408146a2_1_0eb87ef9ee2fa336.mp3,hum/cef8fc4b408146a2_1_43e07c38bf66987c.wav
cef8fc4b408146a2,song/cef8fc4b408146a2_1_0eb87ef9ee2fa336.mp3,hum/cef8fc4b408146a2_1_115918319ba6a3bd.wav
cef8fc4b408146a2,song/cef8fc4b408146a2_1_0eb87ef9ee2fa336.mp3,hum/cef8fc4b408146a2_1_0d558a1ff3c9e323.wav
cef8fc4b408146a2,song/cef8fc4b408146a2_2_20ab0755b5c02269.mp3,hum/cef8fc4b408146a2_2_2bb3480f41c7c624.wav
cef8fc4b408146a2,song/cef8fc4b408146a2_2_20ab0755b5c02269.mp3,hum/cef8fc4b408146a2_2_fea3c13765184d1c.wav
cef8fc4b408146a2,song/cef8fc4b408146a2_2_20ab0755b5c02269.mp3,hum/cef8fc4b408146a2_2_f2fdac9bd05dc588.wav
cef8fc4b408146a2,song/cef8fc4b408146a2_2_20ab0755b5c02269.mp3,hum/cef8fc4b408146a2_2_131986a47db3a58d.wav
cef8fc4b408146a2,song/cef8fc4b408146a2_2_20ab0755b5c02269.mp3,hum/cef8fc4b408146a2_2_28e89bb52b7af4cf.wav
cef8fc4b408146a2,song/cef8fc4b408146a2_2_20ab0755b5c02269.mp3,hum/cef8fc4b408146a2_2_14e374d099dbea30.wav
cef8fc4b408146a2,song/cef8fc4b408146a2_2_20ab0755b5c02269.mp3,hum/cef8fc4b408146a2_2_95f90822cdf942a5.wav
cef8fc4b408146a2,song/cef8fc4b408146a2_3_4d0c1297a775e618.mp3,hum/cef8fc4b408146a2_3_5ce206018097aa83.wav
cef8fc4b408146a2,song/cef8fc4b408146a2_3_4d0c1297a775e618.mp3,hum/cef8fc4b408146a2_3_bb01eaef2004684e.wav
cef8fc4b408146a2,song/cef8fc4b408146a2_3_4d0c1297a775e618.mp3,hum/cef8fc4b408146a2_3_ee298835aa5aa055.wav
cef8fc4b408146a2,song/cef8fc4b408146a2_3_4d0c1297a775e618.mp3,hum/cef8fc4b408146a2_3_271d835caa8cd4d1.wav
cef8fc4b408146a2,song/cef8fc4b408146a2_3_4d0c1297a775e618.mp3,hum/cef8fc4b408146a2_3_407349ebadbd2cdd.wav
cef8fc4b408146a2,song/cef8fc4b408146a2_3_4d0c1297a775e618.mp3,hum/cef8fc4b408146a2_3_f3fa3870323930fb.wav
cef8fc4b408146a2,song/cef8fc4b408146a2_3_4d0c1297a775e618.mp3,hum/cef8fc4b408146a2_3_9db5783cbf7f24fb.wav
cf3c8b20a4929e8f,song/cf3c8b20a4929e8f_1_d60461bc229ba822.mp3,hum/cf3c8b20a4929e8f_1_ca6ae8949b05b22d.wav
cf3c8b20a4929e8f,song/cf3c8b20a4929e8f_1_d60461bc229ba822.mp3,hum/cf3c8b20a4929e8f_1_b22627c7b6f5807b.wav
cf3c8b20a4929e8f,song/cf3c8b20a4929e8f_1_d60461bc229ba822.mp3,hum/cf3c8b20a4929e8f_1_fa88d5db55e6106b.wav
cf3c8b20a4929e8f,song/cf3c8b20a4929e8f_1_d60461bc229ba822.mp3,hum/cf3c8b20a4929e8f_1_88b4f521fb8b622d.wav
cf3c8b20a4929e8f,song/cf3c8b20a4929e8f_1_d60461bc229ba822.mp3,hum/cf3c8b20a4929e8f_1_b6365957e3442013.wav
cf3c8b20a4929e8f,song/cf3c8b20a4929e8f_1_d60461bc229ba822.mp3,hum/cf3c8b20a4929e8f_1_27ed9acb4fd99e37.wav
cf3c8b20a4929e8f,song/cf3c8b20a4929e8f_1_d60461bc229ba822.mp3,hum/cf3c8b20a4929e8f_1_b63b59b20f0b0d12.wav
cf3c8b20a4929e8f,song/cf3c8b20a4929e8f_1_d60461bc229ba822.mp3,hum/cf3c8b20a4929e8f_1_f40b9c5638079cf7.wav
cf52c767c41e80da,song/cf52c767c41e80da_1_b95d7c7e0d70f365.mp3,hum/cf52c767c41e80da_1_e12ef54f0bf21cb8.wav
cf52c767c41e80da,song/cf52c767c41e80da_1_b95d7c7e0d70f365.mp3,hum/cf52c767c41e80da_1_a6c8f80d295babc3.wav
cf52c767c41e80da,song/cf52c767c41e80da_1_b95d7c7e0d70f365.mp3,hum/cf52c767c41e80da_1_7fbbcc6df5ed3444.wav
cf52c767c41e80da,song/cf52c767c41e80da_1_b95d7c7e0d70f365.mp3,hum/cf52c767c41e80da_1_749da44c8953bafa.wav
cf52c767c41e80da,song/cf52c767c41e80da_1_b95d7c7e0d70f365.mp3,hum/cf52c767c41e80da_1_65b4e5116480415f.wav
cf52c767c41e80da,song/cf52c767c41e80da_2_f688f02fba747dde.mp3,hum/cf52c767c41e80da_2_2ebb18950e0f25c3.wav
cf52c767c41e80da,song/cf52c767c41e80da_2_f688f02fba747dde.mp3,hum/cf52c767c41e80da_2_087fa36f0bd12de8.wav
cf52c767c41e80da,song/cf52c767c41e80da_2_f688f02fba747dde.mp3,hum/cf52c767c41e80da_2_7c6b16ce4b05becd.wav
cf52c767c41e80da,song/cf52c767c41e80da_2_f688f02fba747dde.mp3,hum/cf52c767c41e80da_2_3e5ced48e4437971.wav
cf52c767c41e80da,song/cf52c767c41e80da_2_f688f02fba747dde.mp3,hum/cf52c767c41e80da_2_1a1a4f490662f954.wav
cf612c3fe57e5656,song/cf612c3fe57e5656_1_e4f6c44ee2c2e520.mp3,hum/cf612c3fe57e5656_1_751813b1cf2a4797.wav
cf612c3fe57e5656,song/cf612c3fe57e5656_1_e4f6c44ee2c2e520.mp3,hum/cf612c3fe57e5656_1_9625e784ed37bf37.wav
cf612c3fe57e5656,song/cf612c3fe57e5656_1_e4f6c44ee2c2e520.mp3,hum/cf612c3fe57e5656_1_996c6a4706e5c093.wav
cf612c3fe57e5656,song/cf612c3fe57e5656_1_e4f6c44ee2c2e520.mp3,hum/cf612c3fe57e5656_1_d064986459605aa6.wav
cf612c3fe57e5656,song/cf612c3fe57e5656_1_e4f6c44ee2c2e520.mp3,hum/cf612c3fe57e5656_1_2c7e7539b255472a.wav
cf612c3fe57e5656,song/cf612c3fe57e5656_1_e4f6c44ee2c2e520.mp3,hum/cf612c3fe57e5656_1_305a42f68669f0d8.wav
cf612c3fe57e5656,song/cf612c3fe57e5656_1_e4f6c44ee2c2e520.mp3,hum/cf612c3fe57e5656_1_be62facdeb3c5985.wav
cf612c3fe57e5656,song/cf612c3fe57e5656_2_187ee8cf76845867.mp3,hum/cf612c3fe57e5656_2_38d9ad8f836736d6.wav
cf612c3fe57e5656,song/cf612c3fe57e5656_2_187ee8cf76845867.mp3,hum/cf612c3fe57e5656_2_e049f1ff72141b51.wav
cf612c3fe57e5656,song/cf612c3fe57e5656_2_187ee8cf76845867.mp3,hum/cf612c3fe57e5656_2_d4d17900fa086027.wav
cf612c3fe57e5656,song/cf612c3fe57e5656_2_187ee8cf76845867.mp3,hum/cf612c3fe57e5656_2_6ab7de0d0e283c21.wav
cf612c3fe57e5656,song/cf612c3fe57e5656_2_187ee8cf76845867.mp3,hum/cf612c3fe57e5656_2_684336f707a1c528.wav
cf612c3fe57e5656,song/cf612c3fe57e5656_2_187ee8cf76845867.mp3,hum/cf612c3fe57e5656_2_7b2bd39ed29f7cdb.wav
cf612c3fe57e5656,song/cf612c3fe57e5656_2_187ee8cf76845867.mp3,hum/cf612c3fe57e5656_2_47e51837039ca75b.wav
cfcaebee5579232c,song/cfcaebee5579232c_6_208a557a708ea208.mp3,hum/cfcaebee5579232c_6_40c78f395e93aeb2.wav
cfcaebee5579232c,song/cfcaebee5579232c_6_208a557a708ea208.mp3,hum/cfcaebee5579232c_6_ae655d7b1e1742b9.wav
cfcaebee5579232c,song/cfcaebee5579232c_6_208a557a708ea208.mp3,hum/cfcaebee5579232c_6_287a4749707ff60f.wav
cfcaebee5579232c,song/cfcaebee5579232c_6_208a557a708ea208.mp3,hum/cfcaebee5579232c_6_0be77395cb29f0a1.wav
cfcaebee5579232c,song/cfcaebee5579232c_6_208a557a708ea208.mp3,hum/cfcaebee5579232c_6_b79f082e2eca8f83.wav
cfcaebee5579232c,song/cfcaebee5579232c_6_208a557a708ea208.mp3,hum/cfcaebee5579232c_6_1f906d72eaf77085.wav
cfcaebee5579232c,song/cfcaebee5579232c_6_208a557a708ea208.mp3,hum/cfcaebee5579232c_6_c488484fc90b31b7.wav
cfcaebee5579232c,song/cfcaebee5579232c_6_208a557a708ea208.mp3,hum/cfcaebee5579232c_6_e0091d9f1eeb8e3e.wav
cfcaebee5579232c,song/cfcaebee5579232c_6_208a557a708ea208.mp3,hum/cfcaebee5579232c_6_332fc00b04b366bb.wav
cfcaebee5579232c,song/cfcaebee5579232c_6_208a557a708ea208.mp3,hum/cfcaebee5579232c_6_63f2730db8464d65.wav
cfcaebee5579232c,song/cfcaebee5579232c_6_208a557a708ea208.mp3,hum/cfcaebee5579232c_6_e8fedc09357f5dfe.wav
cfcaebee5579232c,song/cfcaebee5579232c_6_208a557a708ea208.mp3,hum/cfcaebee5579232c_6_c8fa721409b14b1c.wav
cfcaebee5579232c,song/cfcaebee5579232c_6_208a557a708ea208.mp3,hum/cfcaebee5579232c_6_ad6897c179f86e09.wav
cfcaebee5579232c,song/cfcaebee5579232c_6_208a557a708ea208.mp3,hum/cfcaebee5579232c_6_76cb7e8d3ab55ed0.wav
cfcaebee5579232c,song/cfcaebee5579232c_6_208a557a708ea208.mp3,hum/cfcaebee5579232c_6_009d1e0887a864ce.wav
cfcaebee5579232c,song/cfcaebee5579232c_6_208a557a708ea208.mp3,hum/cfcaebee5579232c_6_2b366d3d0dba18bb.wav
d0e4d93b4b60edce,song/d0e4d93b4b60edce_1_e1b137634c6ae792.mp3,hum/d0e4d93b4b60edce_1_0b0dbdbe84977fb7.wav
d0e4d93b4b60edce,song/d0e4d93b4b60edce_1_e1b137634c6ae792.mp3,hum/d0e4d93b4b60edce_1_c71f1d2474b8872a.wav
d0e4d93b4b60edce,song/d0e4d93b4b60edce_1_e1b137634c6ae792.mp3,hum/d0e4d93b4b60edce_1_b6343536ed92d83d.wav
d0e4d93b4b60edce,song/d0e4d93b4b60edce_1_e1b137634c6ae792.mp3,hum/d0e4d93b4b60edce_1_42c11013b70993f8.wav
d0e4d93b4b60edce,song/d0e4d93b4b60edce_1_e1b137634c6ae792.mp3,hum/d0e4d93b4b60edce_1_cd64f08698d78b75.wav
d0e4d93b4b60edce,song/d0e4d93b4b60edce_2_f3d09fc8da110e3b.mp3,hum/d0e4d93b4b60edce_2_0be8b675d7593c62.wav
d0e4d93b4b60edce,song/d0e4d93b4b60edce_2_f3d09fc8da110e3b.mp3,hum/d0e4d93b4b60edce_2_9a3fc78bb139aa5f.wav
d0e4d93b4b60edce,song/d0e4d93b4b60edce_2_f3d09fc8da110e3b.mp3,hum/d0e4d93b4b60edce_2_2e79ce3e3e0e7f48.wav
d0e4d93b4b60edce,song/d0e4d93b4b60edce_2_f3d09fc8da110e3b.mp3,hum/d0e4d93b4b60edce_2_5f47f90210fe3dad.wav
d0e4d93b4b60edce,song/d0e4d93b4b60edce_2_f3d09fc8da110e3b.mp3,hum/d0e4d93b4b60edce_2_5947d0bb0d0de7dc.wav
d3d0477dc779c42e,song/d3d0477dc779c42e_2_0e970940f0e0158d.mp3,hum/d3d0477dc779c42e_2_e1e686a615749465.wav
d3d0477dc779c42e,song/d3d0477dc779c42e_2_0e970940f0e0158d.mp3,hum/d3d0477dc779c42e_2_83d0ef979307ced6.wav
d3d0477dc779c42e,song/d3d0477dc779c42e_2_0e970940f0e0158d.mp3,hum/d3d0477dc779c42e_2_1a4a8c0de0aa6c53.wav
d3d0477dc779c42e,song/d3d0477dc779c42e_2_0e970940f0e0158d.mp3,hum/d3d0477dc779c42e_2_6b4b75047762d622.wav
d3d0477dc779c42e,song/d3d0477dc779c42e_2_0e970940f0e0158d.mp3,hum/d3d0477dc779c42e_2_f1819b509bf1f585.wav
d3d0477dc779c42e,song/d3d0477dc779c42e_3_6a18234534f4b3ce.mp3,hum/d3d0477dc779c42e_3_2488ddaae1fca3cf.wav
d3d0477dc779c42e,song/d3d0477dc779c42e_3_6a18234534f4b3ce.mp3,hum/d3d0477dc779c42e_3_21f08f46c5dec2fa.wav
d3d0477dc779c42e,song/d3d0477dc779c42e_3_6a18234534f4b3ce.mp3,hum/d3d0477dc779c42e_3_ffefe1b4b97a4b7e.wav
d3d0477dc779c42e,song/d3d0477dc779c42e_3_6a18234534f4b3ce.mp3,hum/d3d0477dc779c42e_3_6847c8498937ec4c.wav
d3d0477dc779c42e,song/d3d0477dc779c42e_3_6a18234534f4b3ce.mp3,hum/d3d0477dc779c42e_3_5af7378de66b8ee8.wav
d4aea99613dde810,song/d4aea99613dde810_1_ce6996423d73597a.mp3,hum/d4aea99613dde810_1_73c59e6f1398ad67.wav
d4aea99613dde810,song/d4aea99613dde810_1_ce6996423d73597a.mp3,hum/d4aea99613dde810_1_3a2a7a9acf71d7d0.wav
d4aea99613dde810,song/d4aea99613dde810_1_ce6996423d73597a.mp3,hum/d4aea99613dde810_1_354fa664f85abcac.wav
d4aea99613dde810,song/d4aea99613dde810_1_ce6996423d73597a.mp3,hum/d4aea99613dde810_1_2adad3180e590a3a.wav
d4aea99613dde810,song/d4aea99613dde810_1_ce6996423d73597a.mp3,hum/d4aea99613dde810_1_3e42bd1e3684aa17.wav
d4aea99613dde810,song/d4aea99613dde810_1_ce6996423d73597a.mp3,hum/d4aea99613dde810_1_d4023f880ec43793.wav
d4aea99613dde810,song/d4aea99613dde810_1_ce6996423d73597a.mp3,hum/d4aea99613dde810_1_416d64544723832e.wav
d4aea99613dde810,song/d4aea99613dde810_1_ce6996423d73597a.mp3,hum/d4aea99613dde810_1_8fe6afb30563e267.wav
d4aea99613dde810,song/d4aea99613dde810_1_ce6996423d73597a.mp3,hum/d4aea99613dde810_1_8b0208c7d0acaf42.wav
d4aea99613dde810,song/d4aea99613dde810_1_ce6996423d73597a.mp3,hum/d4aea99613dde810_1_93cb1cc30159cd91.wav
d4aea99613dde810,song/d4aea99613dde810_1_ce6996423d73597a.mp3,hum/d4aea99613dde810_1_f70555120de0f8bd.wav
d4aea99613dde810,song/d4aea99613dde810_1_ce6996423d73597a.mp3,hum/d4aea99613dde810_1_fe8ec335b602c04d.wav
d4aea99613dde810,song/d4aea99613dde810_1_ce6996423d73597a.mp3,hum/d4aea99613dde810_1_72dbd581756266ad.wav
d4aea99613dde810,song/d4aea99613dde810_1_ce6996423d73597a.mp3,hum/d4aea99613dde810_1_40d35f3bf9ece2b9.wav
d4aea99613dde810,song/d4aea99613dde810_1_ce6996423d73597a.mp3,hum/d4aea99613dde810_1_cffa9d1ab864dc47.wav
d4aea99613dde810,song/d4aea99613dde810_1_ce6996423d73597a.mp3,hum/d4aea99613dde810_1_00283a2681cb33ae.wav
d4aea99613dde810,song/d4aea99613dde810_1_ce6996423d73597a.mp3,hum/d4aea99613dde810_1_fb5c948a7dfbc32e.wav
d4aea99613dde810,song/d4aea99613dde810_1_ce6996423d73597a.mp3,hum/d4aea99613dde810_1_4b0cdac487950779.wav
d4aea99613dde810,song/d4aea99613dde810_1_ce6996423d73597a.mp3,hum/d4aea99613dde810_1_a9e6fc038e29c2c1.wav
d4aea99613dde810,song/d4aea99613dde810_2_bb1aae723bdcfcbc.mp3,hum/d4aea99613dde810_2_2871c936b19692ed.wav
d4aea99613dde810,song/d4aea99613dde810_2_bb1aae723bdcfcbc.mp3,hum/d4aea99613dde810_2_4e92729432472030.wav
d4aea99613dde810,song/d4aea99613dde810_2_bb1aae723bdcfcbc.mp3,hum/d4aea99613dde810_2_ce96551498969d69.wav
d4aea99613dde810,song/d4aea99613dde810_2_bb1aae723bdcfcbc.mp3,hum/d4aea99613dde810_2_2e0442be29e0c550.wav
d4aea99613dde810,song/d4aea99613dde810_2_bb1aae723bdcfcbc.mp3,hum/d4aea99613dde810_2_dacb4a5217b0fac9.wav
d4aea99613dde810,song/d4aea99613dde810_2_bb1aae723bdcfcbc.mp3,hum/d4aea99613dde810_2_07cf111e72a8bf59.wav
d4aea99613dde810,song/d4aea99613dde810_2_bb1aae723bdcfcbc.mp3,hum/d4aea99613dde810_2_744ca10d35ee80b2.wav
d4aea99613dde810,song/d4aea99613dde810_2_bb1aae723bdcfcbc.mp3,hum/d4aea99613dde810_2_de48cc455cf6111c.wav
d4aea99613dde810,song/d4aea99613dde810_2_bb1aae723bdcfcbc.mp3,hum/d4aea99613dde810_2_bb79a078ed60acaa.wav
d4aea99613dde810,song/d4aea99613dde810_2_bb1aae723bdcfcbc.mp3,hum/d4aea99613dde810_2_0e3493b9bf9574b5.wav
d4aea99613dde810,song/d4aea99613dde810_2_bb1aae723bdcfcbc.mp3,hum/d4aea99613dde810_2_f7d379b57e032d70.wav
d4aea99613dde810,song/d4aea99613dde810_2_bb1aae723bdcfcbc.mp3,hum/d4aea99613dde810_2_5330d2666fd3fc18.wav
d4aea99613dde810,song/d4aea99613dde810_2_bb1aae723bdcfcbc.mp3,hum/d4aea99613dde810_2_58b9f73720ce234f.wav
d4aea99613dde810,song/d4aea99613dde810_2_bb1aae723bdcfcbc.mp3,hum/d4aea99613dde810_2_f13ed8998d686b98.wav
d72ef45bbe6136dd,song/d72ef45bbe6136dd_1_a32b3d5410287d94.mp3,hum/d72ef45bbe6136dd_1_53e979f80de5e4e9.wav
d72ef45bbe6136dd,song/d72ef45bbe6136dd_1_a32b3d5410287d94.mp3,hum/d72ef45bbe6136dd_1_efec56b9e5a8aa7e.wav
d72ef45bbe6136dd,song/d72ef45bbe6136dd_1_a32b3d5410287d94.mp3,hum/d72ef45bbe6136dd_1_3fadba114baea70e.wav
d72ef45bbe6136dd,song/d72ef45bbe6136dd_1_a32b3d5410287d94.mp3,hum/d72ef45bbe6136dd_1_fb2dba2297a742b9.wav
d72ef45bbe6136dd,song/d72ef45bbe6136dd_1_a32b3d5410287d94.mp3,hum/d72ef45bbe6136dd_1_957042e7c31ab148.wav
d72ef45bbe6136dd,song/d72ef45bbe6136dd_1_a32b3d5410287d94.mp3,hum/d72ef45bbe6136dd_1_d769d148c6ea1848.wav
d72ef45bbe6136dd,song/d72ef45bbe6136dd_1_a32b3d5410287d94.mp3,hum/d72ef45bbe6136dd_1_2ff0f02b0f6b2eff.wav
d72ef45bbe6136dd,song/d72ef45bbe6136dd_1_a32b3d5410287d94.mp3,hum/d72ef45bbe6136dd_1_7002f69c4a4aa8ab.wav
d72ef45bbe6136dd,song/d72ef45bbe6136dd_1_a32b3d5410287d94.mp3,hum/d72ef45bbe6136dd_1_951ee040ad747384.wav
d72ef45bbe6136dd,song/d72ef45bbe6136dd_1_a32b3d5410287d94.mp3,hum/d72ef45bbe6136dd_1_9ee794c2a4e2565c.wav
d72ef45bbe6136dd,song/d72ef45bbe6136dd_1_a32b3d5410287d94.mp3,hum/d72ef45bbe6136dd_1_5999c9e0256fdfb2.wav
d8e6fefc13b23fb8,song/d8e6fefc13b23fb8_1_d4c5a204b4154701.mp3,hum/d8e6fefc13b23fb8_1_5f044b515d369cee.wav
d8e6fefc13b23fb8,song/d8e6fefc13b23fb8_1_d4c5a204b4154701.mp3,hum/d8e6fefc13b23fb8_1_3042c686ff069314.wav
d8e6fefc13b23fb8,song/d8e6fefc13b23fb8_1_d4c5a204b4154701.mp3,hum/d8e6fefc13b23fb8_1_35a5f95a0d03d490.wav
d8e6fefc13b23fb8,song/d8e6fefc13b23fb8_1_d4c5a204b4154701.mp3,hum/d8e6fefc13b23fb8_1_bb81b9c50558d464.wav
d8e6fefc13b23fb8,song/d8e6fefc13b23fb8_1_d4c5a204b4154701.mp3,hum/d8e6fefc13b23fb8_1_4960efa1749cfa21.wav
d8e6fefc13b23fb8,song/d8e6fefc13b23fb8_1_d4c5a204b4154701.mp3,hum/d8e6fefc13b23fb8_1_ac242e230bd02ceb.wav
d8e6fefc13b23fb8,song/d8e6fefc13b23fb8_1_d4c5a204b4154701.mp3,hum/d8e6fefc13b23fb8_1_de6a636a75a8335c.wav
d8e6fefc13b23fb8,song/d8e6fefc13b23fb8_1_d4c5a204b4154701.mp3,hum/d8e6fefc13b23fb8_1_ea536f494199c228.wav
d8e6fefc13b23fb8,song/d8e6fefc13b23fb8_1_d4c5a204b4154701.mp3,hum/d8e6fefc13b23fb8_1_d9cade5747cd21fd.wav
d8e6fefc13b23fb8,song/d8e6fefc13b23fb8_1_d4c5a204b4154701.mp3,hum/d8e6fefc13b23fb8_1_550dcf07dec3c9e0.wav
d8e6fefc13b23fb8,song/d8e6fefc13b23fb8_1_d4c5a204b4154701.mp3,hum/d8e6fefc13b23fb8_1_055f89a7df313565.wav
d8e6fefc13b23fb8,song/d8e6fefc13b23fb8_1_d4c5a204b4154701.mp3,hum/d8e6fefc13b23fb8_1_1d2a154307d2bbf1.wav
d8e6fefc13b23fb8,song/d8e6fefc13b23fb8_1_d4c5a204b4154701.mp3,hum/d8e6fefc13b23fb8_1_21934b1b353a61f2.wav
d8e6fefc13b23fb8,song/d8e6fefc13b23fb8_1_d4c5a204b4154701.mp3,hum/d8e6fefc13b23fb8_1_bb2f7892417bcf58.wav
d8e6fefc13b23fb8,song/d8e6fefc13b23fb8_1_d4c5a204b4154701.mp3,hum/d8e6fefc13b23fb8_1_b5287911ae02c839.wav
d8e6fefc13b23fb8,song/d8e6fefc13b23fb8_1_d4c5a204b4154701.mp3,hum/d8e6fefc13b23fb8_1_6c9e387c74df3717.wav
d8e6fefc13b23fb8,song/d8e6fefc13b23fb8_1_d4c5a204b4154701.mp3,hum/d8e6fefc13b23fb8_1_2f36d07c3602e024.wav
da6c108b411e6a3a,song/da6c108b411e6a3a_1_a19c80e627d44d0f.mp3,hum/da6c108b411e6a3a_1_1e01a5f30e947d38.wav
da6c108b411e6a3a,song/da6c108b411e6a3a_1_a19c80e627d44d0f.mp3,hum/da6c108b411e6a3a_1_0d191e5ee56126d5.wav
da6c108b411e6a3a,song/da6c108b411e6a3a_1_a19c80e627d44d0f.mp3,hum/da6c108b411e6a3a_1_023d612caf28edb2.wav
da6c108b411e6a3a,song/da6c108b411e6a3a_1_a19c80e627d44d0f.mp3,hum/da6c108b411e6a3a_1_5dfe7cbf1c0a071c.wav
da6c108b411e6a3a,song/da6c108b411e6a3a_1_a19c80e627d44d0f.mp3,hum/da6c108b411e6a3a_1_1952df268b9f1af8.wav
da6c108b411e6a3a,song/da6c108b411e6a3a_2_4cecf435c48eb57e.mp3,hum/da6c108b411e6a3a_2_495acf5ab75557d9.wav
da6c108b411e6a3a,song/da6c108b411e6a3a_2_4cecf435c48eb57e.mp3,hum/da6c108b411e6a3a_2_fc2cda3db71eb81f.wav
da6c108b411e6a3a,song/da6c108b411e6a3a_2_4cecf435c48eb57e.mp3,hum/da6c108b411e6a3a_2_b568fd585022d385.wav
da6c108b411e6a3a,song/da6c108b411e6a3a_2_4cecf435c48eb57e.mp3,hum/da6c108b411e6a3a_2_1137abfb55d66ea6.wav
da6c108b411e6a3a,song/da6c108b411e6a3a_2_4cecf435c48eb57e.mp3,hum/da6c108b411e6a3a_2_490aa73e325a1d62.wav
da6c108b411e6a3a,song/da6c108b411e6a3a_3_6196eed82b9d08e1.mp3,hum/da6c108b411e6a3a_3_aa4a882f364b2aab.wav
da6c108b411e6a3a,song/da6c108b411e6a3a_3_6196eed82b9d08e1.mp3,hum/da6c108b411e6a3a_3_238c8238aa2baabd.wav
da6c108b411e6a3a,song/da6c108b411e6a3a_3_6196eed82b9d08e1.mp3,hum/da6c108b411e6a3a_3_62bdd7cee6ac78e3.wav
da6c108b411e6a3a,song/da6c108b411e6a3a_3_6196eed82b9d08e1.mp3,hum/da6c108b411e6a3a_3_b20d0e2d6bce087b.wav
da6c108b411e6a3a,song/da6c108b411e6a3a_3_6196eed82b9d08e1.mp3,hum/da6c108b411e6a3a_3_10eb5b06fee3dc13.wav
dadf4fe765ab6c5f,song/dadf4fe765ab6c5f_1_08b105935eb445e3.mp3,hum/dadf4fe765ab6c5f_1_777a599caf17b650.wav
dadf4fe765ab6c5f,song/dadf4fe765ab6c5f_1_08b105935eb445e3.mp3,hum/dadf4fe765ab6c5f_1_fc9c635edb2ab3a7.wav
dadf4fe765ab6c5f,song/dadf4fe765ab6c5f_1_08b105935eb445e3.mp3,hum/dadf4fe765ab6c5f_1_45efde05ae390ab9.wav
dadf4fe765ab6c5f,song/dadf4fe765ab6c5f_1_08b105935eb445e3.mp3,hum/dadf4fe765ab6c5f_1_3d1d0d79a1e04ad1.wav
dadf4fe765ab6c5f,song/dadf4fe765ab6c5f_2_c31a287e453cd782.mp3,hum/dadf4fe765ab6c5f_2_b3ae30d1b634d3be.wav
dadf4fe765ab6c5f,song/dadf4fe765ab6c5f_2_c31a287e453cd782.mp3,hum/dadf4fe765ab6c5f_2_8fe61421738b9c71.wav
dadf4fe765ab6c5f,song/dadf4fe765ab6c5f_2_c31a287e453cd782.mp3,hum/dadf4fe765ab6c5f_2_a6d3eae817095dc5.wav
dadf4fe765ab6c5f,song/dadf4fe765ab6c5f_2_c31a287e453cd782.mp3,hum/dadf4fe765ab6c5f_2_078e9f148a6492b0.wav
dcb7d60a021b8367,song/dcb7d60a021b8367_1_c729e498b1f6303e.mp3,hum/dcb7d60a021b8367_1_a0806636243f5083.wav
dcb7d60a021b8367,song/dcb7d60a021b8367_1_c729e498b1f6303e.mp3,hum/dcb7d60a021b8367_1_271a3a13fcfcdf31.wav
dcb7d60a021b8367,song/dcb7d60a021b8367_1_c729e498b1f6303e.mp3,hum/dcb7d60a021b8367_1_acede021157d49ca.wav
dcb7d60a021b8367,song/dcb7d60a021b8367_1_c729e498b1f6303e.mp3,hum/dcb7d60a021b8367_1_f1960a0950cbf489.wav
dcb7d60a021b8367,song/dcb7d60a021b8367_1_c729e498b1f6303e.mp3,hum/dcb7d60a021b8367_1_4b2c887b79ca78be.wav
dcb7d60a021b8367,song/dcb7d60a021b8367_2_fceeaeb18c67df18.mp3,hum/dcb7d60a021b8367_2_40e782fe22152bd4.wav
dcb7d60a021b8367,song/dcb7d60a021b8367_2_fceeaeb18c67df18.mp3,hum/dcb7d60a021b8367_2_fc4f5cc0a75f1a65.wav
dcb7d60a021b8367,song/dcb7d60a021b8367_2_fceeaeb18c67df18.mp3,hum/dcb7d60a021b8367_2_73c96530e7aa10f1.wav
dcb7d60a021b8367,song/dcb7d60a021b8367_2_fceeaeb18c67df18.mp3,hum/dcb7d60a021b8367_2_32cefb14145a5370.wav
dcb7d60a021b8367,song/dcb7d60a021b8367_2_fceeaeb18c67df18.mp3,hum/dcb7d60a021b8367_2_e24d428571a66760.wav
dcb7d60a021b8367,song/dcb7d60a021b8367_3_721d8987c1ebc616.mp3,hum/dcb7d60a021b8367_3_16f31739a26d26e5.wav
dcb7d60a021b8367,song/dcb7d60a021b8367_3_721d8987c1ebc616.mp3,hum/dcb7d60a021b8367_3_6a395d512c77caa1.wav
dcb7d60a021b8367,song/dcb7d60a021b8367_3_721d8987c1ebc616.mp3,hum/dcb7d60a021b8367_3_490ec3318c76c69a.wav
dcb7d60a021b8367,song/dcb7d60a021b8367_3_721d8987c1ebc616.mp3,hum/dcb7d60a021b8367_3_75d288245e589bd2.wav
dcb7d60a021b8367,song/dcb7d60a021b8367_3_721d8987c1ebc616.mp3,hum/dcb7d60a021b8367_3_e53e9ba968efbf73.wav
dcb7d60a021b8367,song/dcb7d60a021b8367_4_3a397977984b9e57.mp3,hum/dcb7d60a021b8367_4_031a4642d93ffb18.wav
dcb7d60a021b8367,song/dcb7d60a021b8367_4_3a397977984b9e57.mp3,hum/dcb7d60a021b8367_4_4d587929ac117a35.wav
dcb7d60a021b8367,song/dcb7d60a021b8367_4_3a397977984b9e57.mp3,hum/dcb7d60a021b8367_4_f9808bfa5904a054.wav
dcb7d60a021b8367,song/dcb7d60a021b8367_4_3a397977984b9e57.mp3,hum/dcb7d60a021b8367_4_1a045303ddf8c1fe.wav
dcb7d60a021b8367,song/dcb7d60a021b8367_4_3a397977984b9e57.mp3,hum/dcb7d60a021b8367_4_eb6e8ab12109faeb.wav
de0bb0138c170245,song/de0bb0138c170245_1_ba1404885b3edfd7.mp3,hum/de0bb0138c170245_1_be1f2c8c30a8c79d.wav
de0bb0138c170245,song/de0bb0138c170245_1_ba1404885b3edfd7.mp3,hum/de0bb0138c170245_1_678222dfd6e3c74c.wav
de0bb0138c170245,song/de0bb0138c170245_1_ba1404885b3edfd7.mp3,hum/de0bb0138c170245_1_0290f8e7e3f70f48.wav
de0bb0138c170245,song/de0bb0138c170245_1_ba1404885b3edfd7.mp3,hum/de0bb0138c170245_1_cb495b6e2fdb3329.wav
de0bb0138c170245,song/de0bb0138c170245_1_ba1404885b3edfd7.mp3,hum/de0bb0138c170245_1_598aeb9b44459d5b.wav
df58dcb218251f87,song/df58dcb218251f87_1_67a60bd36e573e31.mp3,hum/df58dcb218251f87_1_0ea396a64d9e7ce8.wav
df58dcb218251f87,song/df58dcb218251f87_1_67a60bd36e573e31.mp3,hum/df58dcb218251f87_1_f13e642e7fef9979.wav
df58dcb218251f87,song/df58dcb218251f87_1_67a60bd36e573e31.mp3,hum/df58dcb218251f87_1_5fd3c6ada01a014a.wav
df58dcb218251f87,song/df58dcb218251f87_1_67a60bd36e573e31.mp3,hum/df58dcb218251f87_1_994fb968849d4761.wav
df58dcb218251f87,song/df58dcb218251f87_1_67a60bd36e573e31.mp3,hum/df58dcb218251f87_1_37741c3aee9acdda.wav
df58dcb218251f87,song/df58dcb218251f87_1_67a60bd36e573e31.mp3,hum/df58dcb218251f87_1_706f0d1e8668c7c3.wav
df58dcb218251f87,song/df58dcb218251f87_1_67a60bd36e573e31.mp3,hum/df58dcb218251f87_1_e5ccc5d5a8fd03a3.wav
df58dcb218251f87,song/df58dcb218251f87_2_5985ca8a839d8cee.mp3,hum/df58dcb218251f87_2_250134c0e0ecfc91.wav
df58dcb218251f87,song/df58dcb218251f87_2_5985ca8a839d8cee.mp3,hum/df58dcb218251f87_2_a3e50145f6b59a5a.wav
df58dcb218251f87,song/df58dcb218251f87_2_5985ca8a839d8cee.mp3,hum/df58dcb218251f87_2_8ff2b3a8aa1f489b.wav
df58dcb218251f87,song/df58dcb218251f87_2_5985ca8a839d8cee.mp3,hum/df58dcb218251f87_2_e7cbf87bd1096f83.wav
df58dcb218251f87,song/df58dcb218251f87_3_120afc4c4ac5c02c.mp3,hum/df58dcb218251f87_3_ea284d1ad5441e6a.wav
df58dcb218251f87,song/df58dcb218251f87_3_120afc4c4ac5c02c.mp3,hum/df58dcb218251f87_3_de45515a62776658.wav
df58dcb218251f87,song/df58dcb218251f87_3_120afc4c4ac5c02c.mp3,hum/df58dcb218251f87_3_6924409d29e9e0de.wav
df58dcb218251f87,song/df58dcb218251f87_3_120afc4c4ac5c02c.mp3,hum/df58dcb218251f87_3_edf26c77f4b23834.wav
df58dcb218251f87,song/df58dcb218251f87_3_120afc4c4ac5c02c.mp3,hum/df58dcb218251f87_3_14873699c9bcfa4c.wav
df58dcb218251f87,song/df58dcb218251f87_3_120afc4c4ac5c02c.mp3,hum/df58dcb218251f87_3_52325ea208ef635d.wav
df58dcb218251f87,song/df58dcb218251f87_3_120afc4c4ac5c02c.mp3,hum/df58dcb218251f87_3_6c1942afa125e6b3.wav
e0631f10d5d63dce,song/e0631f10d5d63dce_1_43db7f7f84ec2564.mp3,hum/e0631f10d5d63dce_1_834eeee1d272097b.wav
e0631f10d5d63dce,song/e0631f10d5d63dce_1_43db7f7f84ec2564.mp3,hum/e0631f10d5d63dce_1_1f933d4accc42b30.wav
e0631f10d5d63dce,song/e0631f10d5d63dce_1_43db7f7f84ec2564.mp3,hum/e0631f10d5d63dce_1_b028984997f11ee7.wav
e0631f10d5d63dce,song/e0631f10d5d63dce_1_43db7f7f84ec2564.mp3,hum/e0631f10d5d63dce_1_a683d93cb1e7dd03.wav
e0631f10d5d63dce,song/e0631f10d5d63dce_1_43db7f7f84ec2564.mp3,hum/e0631f10d5d63dce_1_d1bb8de112faa52e.wav
e0631f10d5d63dce,song/e0631f10d5d63dce_1_43db7f7f84ec2564.mp3,hum/e0631f10d5d63dce_1_2edd6d0bf23c9fe3.wav
e0631f10d5d63dce,song/e0631f10d5d63dce_1_43db7f7f84ec2564.mp3,hum/e0631f10d5d63dce_1_2385d20856e66dab.wav
e0631f10d5d63dce,song/e0631f10d5d63dce_1_43db7f7f84ec2564.mp3,hum/e0631f10d5d63dce_1_c6819f33f81aa57b.wav
e0631f10d5d63dce,song/e0631f10d5d63dce_1_43db7f7f84ec2564.mp3,hum/e0631f10d5d63dce_1_c5314ebc31a8b6ad.wav
e0631f10d5d63dce,song/e0631f10d5d63dce_1_43db7f7f84ec2564.mp3,hum/e0631f10d5d63dce_1_3f25b2c7b3982798.wav
e0631f10d5d63dce,song/e0631f10d5d63dce_1_43db7f7f84ec2564.mp3,hum/e0631f10d5d63dce_1_00320f1c424607da.wav
e0631f10d5d63dce,song/e0631f10d5d63dce_1_43db7f7f84ec2564.mp3,hum/e0631f10d5d63dce_1_11ac23bcea479fea.wav
e13ea8ecb9ad0254,song/e13ea8ecb9ad0254_1_8a3252f905f15ec5.mp3,hum/e13ea8ecb9ad0254_1_f24b40fd6ca1f123.wav
e13ea8ecb9ad0254,song/e13ea8ecb9ad0254_1_8a3252f905f15ec5.mp3,hum/e13ea8ecb9ad0254_1_430c77f3299f2a57.wav
e13ea8ecb9ad0254,song/e13ea8ecb9ad0254_1_8a3252f905f15ec5.mp3,hum/e13ea8ecb9ad0254_1_aa3aa17d91791e7b.wav
e13ea8ecb9ad0254,song/e13ea8ecb9ad0254_1_8a3252f905f15ec5.mp3,hum/e13ea8ecb9ad0254_1_be0ca5a246a2619e.wav
e13ea8ecb9ad0254,song/e13ea8ecb9ad0254_1_8a3252f905f15ec5.mp3,hum/e13ea8ecb9ad0254_1_a120d919b23b17c5.wav
e13ea8ecb9ad0254,song/e13ea8ecb9ad0254_1_8a3252f905f15ec5.mp3,hum/e13ea8ecb9ad0254_1_1acbb194989c6c53.wav
e13ea8ecb9ad0254,song/e13ea8ecb9ad0254_1_8a3252f905f15ec5.mp3,hum/e13ea8ecb9ad0254_1_2a15874fc31bc6c9.wav
e13ea8ecb9ad0254,song/e13ea8ecb9ad0254_1_8a3252f905f15ec5.mp3,hum/e13ea8ecb9ad0254_1_e7da3058a6501def.wav
e13ea8ecb9ad0254,song/e13ea8ecb9ad0254_1_8a3252f905f15ec5.mp3,hum/e13ea8ecb9ad0254_1_c0725947edfd04c0.wav
e13ea8ecb9ad0254,song/e13ea8ecb9ad0254_1_8a3252f905f15ec5.mp3,hum/e13ea8ecb9ad0254_1_6c4b98744c90a4ff.wav
e13ea8ecb9ad0254,song/e13ea8ecb9ad0254_1_8a3252f905f15ec5.mp3,hum/e13ea8ecb9ad0254_1_a7c80448355a146f.wav
e13ea8ecb9ad0254,song/e13ea8ecb9ad0254_1_8a3252f905f15ec5.mp3,hum/e13ea8ecb9ad0254_1_d854ffc64e9a73fc.wav
e13ea8ecb9ad0254,song/e13ea8ecb9ad0254_1_8a3252f905f15ec5.mp3,hum/e13ea8ecb9ad0254_1_72396ba2ee7cfaa8.wav
e13ea8ecb9ad0254,song/e13ea8ecb9ad0254_1_8a3252f905f15ec5.mp3,hum/e13ea8ecb9ad0254_1_a143903368a506a6.wav
e13ea8ecb9ad0254,song/e13ea8ecb9ad0254_1_8a3252f905f15ec5.mp3,hum/e13ea8ecb9ad0254_1_c8176fb8e14bd460.wav
e13ea8ecb9ad0254,song/e13ea8ecb9ad0254_1_8a3252f905f15ec5.mp3,hum/e13ea8ecb9ad0254_1_f308d4b44934f06a.wav
e13ea8ecb9ad0254,song/e13ea8ecb9ad0254_1_8a3252f905f15ec5.mp3,hum/e13ea8ecb9ad0254_1_5250f707a0f0c60b.wav
e13ea8ecb9ad0254,song/e13ea8ecb9ad0254_1_8a3252f905f15ec5.mp3,hum/e13ea8ecb9ad0254_1_d55eda2713adb83f.wav
e1f291141a47a088,song/e1f291141a47a088_1_ef80dbd9c1400ff7.mp3,hum/e1f291141a47a088_1_85c5585f62af1c4d.wav
e1f291141a47a088,song/e1f291141a47a088_1_ef80dbd9c1400ff7.mp3,hum/e1f291141a47a088_1_3b1795721f0aa4a8.wav
e1f291141a47a088,song/e1f291141a47a088_1_ef80dbd9c1400ff7.mp3,hum/e1f291141a47a088_1_d25727ef4ef5fbed.wav
e1f291141a47a088,song/e1f291141a47a088_1_ef80dbd9c1400ff7.mp3,hum/e1f291141a47a088_1_abc2581f92894377.wav
e1f291141a47a088,song/e1f291141a47a088_1_ef80dbd9c1400ff7.mp3,hum/e1f291141a47a088_1_b0c1a83f711a9347.wav
e1f291141a47a088,song/e1f291141a47a088_2_636e8c675ad2ea34.mp3,hum/e1f291141a47a088_2_2226b6902f7d4400.wav
e1f291141a47a088,song/e1f291141a47a088_2_636e8c675ad2ea34.mp3,hum/e1f291141a47a088_2_7047d3aad78a97af.wav
e1f291141a47a088,song/e1f291141a47a088_2_636e8c675ad2ea34.mp3,hum/e1f291141a47a088_2_73cbeac0771c9559.wav
e1f291141a47a088,song/e1f291141a47a088_2_636e8c675ad2ea34.mp3,hum/e1f291141a47a088_2_1bcc1b1a42159593.wav
e1f291141a47a088,song/e1f291141a47a088_2_636e8c675ad2ea34.mp3,hum/e1f291141a47a088_2_449de3b614f0b203.wav
e1f291141a47a088,song/e1f291141a47a088_3_fd804fb14a650d94.mp3,hum/e1f291141a47a088_3_884a340d15673ddc.wav
e1f291141a47a088,song/e1f291141a47a088_3_fd804fb14a650d94.mp3,hum/e1f291141a47a088_3_577f44dff410ff14.wav
e1f291141a47a088,song/e1f291141a47a088_3_fd804fb14a650d94.mp3,hum/e1f291141a47a088_3_2824461b208c4c96.wav
e1f291141a47a088,song/e1f291141a47a088_3_fd804fb14a650d94.mp3,hum/e1f291141a47a088_3_e433dd5de3ce619a.wav
e1f291141a47a088,song/e1f291141a47a088_3_fd804fb14a650d94.mp3,hum/e1f291141a47a088_3_c5ac9c485585ca61.wav
e20d3d8d88b2b1ab,song/e20d3d8d88b2b1ab_1_8b0e14b7dd1fb3bd.mp3,hum/e20d3d8d88b2b1ab_1_f2136a059fbc03ef.wav
e20d3d8d88b2b1ab,song/e20d3d8d88b2b1ab_1_8b0e14b7dd1fb3bd.mp3,hum/e20d3d8d88b2b1ab_1_30ff8681e41675af.wav
e20d3d8d88b2b1ab,song/e20d3d8d88b2b1ab_1_8b0e14b7dd1fb3bd.mp3,hum/e20d3d8d88b2b1ab_1_3fbb392109c97c9d.wav
e20d3d8d88b2b1ab,song/e20d3d8d88b2b1ab_1_8b0e14b7dd1fb3bd.mp3,hum/e20d3d8d88b2b1ab_1_9e72a3e98cb09419.wav
e20d3d8d88b2b1ab,song/e20d3d8d88b2b1ab_2_73274fb477ce6de8.mp3,hum/e20d3d8d88b2b1ab_2_a967ffb695c0cedf.wav
e20d3d8d88b2b1ab,song/e20d3d8d88b2b1ab_2_73274fb477ce6de8.mp3,hum/e20d3d8d88b2b1ab_2_40a55ba89be5069f.wav
e20d3d8d88b2b1ab,song/e20d3d8d88b2b1ab_2_73274fb477ce6de8.mp3,hum/e20d3d8d88b2b1ab_2_ebc0c89fd6499e28.wav
e20d3d8d88b2b1ab,song/e20d3d8d88b2b1ab_2_73274fb477ce6de8.mp3,hum/e20d3d8d88b2b1ab_2_85bbabbec0bd96ce.wav
e20d3d8d88b2b1ab,song/e20d3d8d88b2b1ab_2_73274fb477ce6de8.mp3,hum/e20d3d8d88b2b1ab_2_70cec781146d7d63.wav
e221ef0434472a07,song/e221ef0434472a07_1_9ef1a270507e1a74.mp3,hum/e221ef0434472a07_1_f0d2c1b347012b5e.wav
e221ef0434472a07,song/e221ef0434472a07_1_9ef1a270507e1a74.mp3,hum/e221ef0434472a07_1_86a80ae7257308e6.wav
e221ef0434472a07,song/e221ef0434472a07_1_9ef1a270507e1a74.mp3,hum/e221ef0434472a07_1_cd686e362593f058.wav
e221ef0434472a07,song/e221ef0434472a07_1_9ef1a270507e1a74.mp3,hum/e221ef0434472a07_1_a766e564a8b0b785.wav
e221ef0434472a07,song/e221ef0434472a07_1_9ef1a270507e1a74.mp3,hum/e221ef0434472a07_1_6aace0669bd5d252.wav
e2abe3ae051c3cfd,song/e2abe3ae051c3cfd_1_3e3d4dc483cdd2f2.mp3,hum/e2abe3ae051c3cfd_1_c127424c2fe2cc46.wav
e2abe3ae051c3cfd,song/e2abe3ae051c3cfd_1_3e3d4dc483cdd2f2.mp3,hum/e2abe3ae051c3cfd_1_7e293be8fd87a9e3.wav
e2abe3ae051c3cfd,song/e2abe3ae051c3cfd_1_3e3d4dc483cdd2f2.mp3,hum/e2abe3ae051c3cfd_1_452e15e5c5ea90d4.wav
e2abe3ae051c3cfd,song/e2abe3ae051c3cfd_1_3e3d4dc483cdd2f2.mp3,hum/e2abe3ae051c3cfd_1_6fadef4eea32acbf.wav
e2abe3ae051c3cfd,song/e2abe3ae051c3cfd_1_3e3d4dc483cdd2f2.mp3,hum/e2abe3ae051c3cfd_1_6ba23eb698945d02.wav
e2abe3ae051c3cfd,song/e2abe3ae051c3cfd_2_10297dab8262e90e.mp3,hum/e2abe3ae051c3cfd_2_68669e20f7853105.wav
e2abe3ae051c3cfd,song/e2abe3ae051c3cfd_2_10297dab8262e90e.mp3,hum/e2abe3ae051c3cfd_2_0e303c17f10374f1.wav
e2abe3ae051c3cfd,song/e2abe3ae051c3cfd_2_10297dab8262e90e.mp3,hum/e2abe3ae051c3cfd_2_c0535a4f0572eb3c.wav
e2abe3ae051c3cfd,song/e2abe3ae051c3cfd_2_10297dab8262e90e.mp3,hum/e2abe3ae051c3cfd_2_1e353bc992637bc5.wav
e2abe3ae051c3cfd,song/e2abe3ae051c3cfd_2_10297dab8262e90e.mp3,hum/e2abe3ae051c3cfd_2_18e4e9232f85a149.wav
e2abe3ae051c3cfd,song/e2abe3ae051c3cfd_3_14c5f1ffe96b19a8.mp3,hum/e2abe3ae051c3cfd_3_0fecb94f9b57f44d.wav
e2abe3ae051c3cfd,song/e2abe3ae051c3cfd_3_14c5f1ffe96b19a8.mp3,hum/e2abe3ae051c3cfd_3_604e42495bf73546.wav
e2abe3ae051c3cfd,song/e2abe3ae051c3cfd_3_14c5f1ffe96b19a8.mp3,hum/e2abe3ae051c3cfd_3_e1ddb7b4fd8cabdd.wav
e2abe3ae051c3cfd,song/e2abe3ae051c3cfd_3_14c5f1ffe96b19a8.mp3,hum/e2abe3ae051c3cfd_3_05053690f997d556.wav
e2abe3ae051c3cfd,song/e2abe3ae051c3cfd_3_14c5f1ffe96b19a8.mp3,hum/e2abe3ae051c3cfd_3_e7ade89a4ecb2492.wav
e313ec5db03a15e7,song/e313ec5db03a15e7_1_1a18f45f9d6c4535.mp3,hum/e313ec5db03a15e7_1_6db45dbab00eddde.wav
e313ec5db03a15e7,song/e313ec5db03a15e7_1_1a18f45f9d6c4535.mp3,hum/e313ec5db03a15e7_1_2287ad6f5d55a1b0.wav
e313ec5db03a15e7,song/e313ec5db03a15e7_1_1a18f45f9d6c4535.mp3,hum/e313ec5db03a15e7_1_b9bdb65bcc4e5f82.wav
e313ec5db03a15e7,song/e313ec5db03a15e7_1_1a18f45f9d6c4535.mp3,hum/e313ec5db03a15e7_1_08b67975ef977ced.wav
e313ec5db03a15e7,song/e313ec5db03a15e7_1_1a18f45f9d6c4535.mp3,hum/e313ec5db03a15e7_1_50f8cd0f4dafb51b.wav
e338e04b67f34b2a,song/e338e04b67f34b2a_1_d708eb221cb93906.mp3,hum/e338e04b67f34b2a_1_139454f8783a9b9e.wav
e338e04b67f34b2a,song/e338e04b67f34b2a_1_d708eb221cb93906.mp3,hum/e338e04b67f34b2a_1_114ab60ed1dbb0cb.wav
e338e04b67f34b2a,song/e338e04b67f34b2a_1_d708eb221cb93906.mp3,hum/e338e04b67f34b2a_1_81230ac93385a851.wav
e338e04b67f34b2a,song/e338e04b67f34b2a_1_d708eb221cb93906.mp3,hum/e338e04b67f34b2a_1_9e130510cabf3d97.wav
e338e04b67f34b2a,song/e338e04b67f34b2a_1_d708eb221cb93906.mp3,hum/e338e04b67f34b2a_1_4ae56dd606ccf1db.wav
e338e04b67f34b2a,song/e338e04b67f34b2a_1_d708eb221cb93906.mp3,hum/e338e04b67f34b2a_1_fbdbc0ecc064e1b0.wav
e338e04b67f34b2a,song/e338e04b67f34b2a_2_96ce9462500b6749.mp3,hum/e338e04b67f34b2a_2_e1d309c80df6f954.wav
e338e04b67f34b2a,song/e338e04b67f34b2a_2_96ce9462500b6749.mp3,hum/e338e04b67f34b2a_2_d05e59d52ac0e9fe.wav
e338e04b67f34b2a,song/e338e04b67f34b2a_2_96ce9462500b6749.mp3,hum/e338e04b67f34b2a_2_f6ac19aec8e62e35.wav
e338e04b67f34b2a,song/e338e04b67f34b2a_2_96ce9462500b6749.mp3,hum/e338e04b67f34b2a_2_caef16223c3209fb.wav
e338e04b67f34b2a,song/e338e04b67f34b2a_2_96ce9462500b6749.mp3,hum/e338e04b67f34b2a_2_5af6faff50b6190c.wav
e338e04b67f34b2a,song/e338e04b67f34b2a_2_96ce9462500b6749.mp3,hum/e338e04b67f34b2a_2_0f3235c37f24b4f0.wav
e427891242803ddc,song/e427891242803ddc_1_a2793a2cefbf2692.mp3,hum/e427891242803ddc_1_fb32b1af42adcd65.wav
e427891242803ddc,song/e427891242803ddc_1_a2793a2cefbf2692.mp3,hum/e427891242803ddc_1_40f5d00825121f8c.wav
e427891242803ddc,song/e427891242803ddc_1_a2793a2cefbf2692.mp3,hum/e427891242803ddc_1_686b1f2ba992117d.wav
e427891242803ddc,song/e427891242803ddc_1_a2793a2cefbf2692.mp3,hum/e427891242803ddc_1_cd4d528370b281a7.wav
e427891242803ddc,song/e427891242803ddc_1_a2793a2cefbf2692.mp3,hum/e427891242803ddc_1_5076c7a4bb3a74fa.wav
e427891242803ddc,song/e427891242803ddc_2_b075aeb0ba76e737.mp3,hum/e427891242803ddc_2_2c235fe56f9d504b.wav
e427891242803ddc,song/e427891242803ddc_2_b075aeb0ba76e737.mp3,hum/e427891242803ddc_2_cca590ab1d3cdb30.wav
e427891242803ddc,song/e427891242803ddc_2_b075aeb0ba76e737.mp3,hum/e427891242803ddc_2_524de6af8ad2dc73.wav
e495af8411b31983,song/e495af8411b31983_1_312179bc5bfb22cc.mp3,hum/e495af8411b31983_1_78ae1b9ff16f5429.wav
e495af8411b31983,song/e495af8411b31983_1_312179bc5bfb22cc.mp3,hum/e495af8411b31983_1_b0252edc4c0bd209.wav
e495af8411b31983,song/e495af8411b31983_1_312179bc5bfb22cc.mp3,hum/e495af8411b31983_1_3c8cee9dbf84f7a7.wav
e495af8411b31983,song/e495af8411b31983_1_312179bc5bfb22cc.mp3,hum/e495af8411b31983_1_78921e9094aa7038.wav
e495af8411b31983,song/e495af8411b31983_1_312179bc5bfb22cc.mp3,hum/e495af8411b31983_1_c1e668b4fe36f90d.wav
e495af8411b31983,song/e495af8411b31983_2_9d695000444d964d.mp3,hum/e495af8411b31983_2_1b58e693c4e854ca.wav
e495af8411b31983,song/e495af8411b31983_2_9d695000444d964d.mp3,hum/e495af8411b31983_2_b6bf364b15d856d7.wav
e495af8411b31983,song/e495af8411b31983_2_9d695000444d964d.mp3,hum/e495af8411b31983_2_b03a52c1f5d8ac9f.wav
e495af8411b31983,song/e495af8411b31983_2_9d695000444d964d.mp3,hum/e495af8411b31983_2_0b779e4277ccc51b.wav
e495af8411b31983,song/e495af8411b31983_2_9d695000444d964d.mp3,hum/e495af8411b31983_2_23b262e3a7c7e98b.wav
e6502f449abd4b49,song/e6502f449abd4b49_1_c03dcb5c5610a7dd.mp3,hum/e6502f449abd4b49_1_33adb8520593774c.wav
e6502f449abd4b49,song/e6502f449abd4b49_1_c03dcb5c5610a7dd.mp3,hum/e6502f449abd4b49_1_5f2564c6f953047a.wav
e6502f449abd4b49,song/e6502f449abd4b49_1_c03dcb5c5610a7dd.mp3,hum/e6502f449abd4b49_1_ef8207fb5ef8da9d.wav
e6502f449abd4b49,song/e6502f449abd4b49_1_c03dcb5c5610a7dd.mp3,hum/e6502f449abd4b49_1_5ef2c800f8c52a75.wav
e6502f449abd4b49,song/e6502f449abd4b49_1_c03dcb5c5610a7dd.mp3,hum/e6502f449abd4b49_1_ea2cf9f6b39648d8.wav
e6502f449abd4b49,song/e6502f449abd4b49_2_5574766828926b7a.mp3,hum/e6502f449abd4b49_2_c8cba2752adf5717.wav
e6502f449abd4b49,song/e6502f449abd4b49_2_5574766828926b7a.mp3,hum/e6502f449abd4b49_2_8cd427f34876f328.wav
e6502f449abd4b49,song/e6502f449abd4b49_2_5574766828926b7a.mp3,hum/e6502f449abd4b49_2_e9b18e74ba31532e.wav
e6502f449abd4b49,song/e6502f449abd4b49_2_5574766828926b7a.mp3,hum/e6502f449abd4b49_2_0afec4aa33717cbf.wav
e6502f449abd4b49,song/e6502f449abd4b49_2_5574766828926b7a.mp3,hum/e6502f449abd4b49_2_d85625929a7e880c.wav
e6502f449abd4b49,song/e6502f449abd4b49_2_5574766828926b7a.mp3,hum/e6502f449abd4b49_2_f1d862b08cadeb2b.wav
e67dc0dc2c980f64,song/e67dc0dc2c980f64_1_b8b403d84042401a.mp3,hum/e67dc0dc2c980f64_1_373a4fc11cee5dd5.wav
e67dc0dc2c980f64,song/e67dc0dc2c980f64_1_b8b403d84042401a.mp3,hum/e67dc0dc2c980f64_1_8d82eb9cb09bffa3.wav
e67dc0dc2c980f64,song/e67dc0dc2c980f64_1_b8b403d84042401a.mp3,hum/e67dc0dc2c980f64_1_25708e3575cece19.wav
e67dc0dc2c980f64,song/e67dc0dc2c980f64_1_b8b403d84042401a.mp3,hum/e67dc0dc2c980f64_1_efe3b3d6598109d3.wav
e67dc0dc2c980f64,song/e67dc0dc2c980f64_1_b8b403d84042401a.mp3,hum/e67dc0dc2c980f64_1_b8ebe66f4d18d687.wav
e67dc0dc2c980f64,song/e67dc0dc2c980f64_2_8133ffe196134c68.mp3,hum/e67dc0dc2c980f64_2_8a5a28cacce9eda6.wav
e67dc0dc2c980f64,song/e67dc0dc2c980f64_2_8133ffe196134c68.mp3,hum/e67dc0dc2c980f64_2_cd624b7b6d26857e.wav
e67dc0dc2c980f64,song/e67dc0dc2c980f64_2_8133ffe196134c68.mp3,hum/e67dc0dc2c980f64_2_0a6a20e8d2f4f5fb.wav
e67dc0dc2c980f64,song/e67dc0dc2c980f64_2_8133ffe196134c68.mp3,hum/e67dc0dc2c980f64_2_ee11af5d360d3f19.wav
e67dc0dc2c980f64,song/e67dc0dc2c980f64_2_8133ffe196134c68.mp3,hum/e67dc0dc2c980f64_2_5962f2226a7572d5.wav
e67dc0dc2c980f64,song/e67dc0dc2c980f64_3_44e5be90ac075762.mp3,hum/e67dc0dc2c980f64_3_23e4cf3c5df8b356.wav
e67dc0dc2c980f64,song/e67dc0dc2c980f64_3_44e5be90ac075762.mp3,hum/e67dc0dc2c980f64_3_ea92415312b68afb.wav
e67dc0dc2c980f64,song/e67dc0dc2c980f64_3_44e5be90ac075762.mp3,hum/e67dc0dc2c980f64_3_24ee0c26e55e96db.wav
e67dc0dc2c980f64,song/e67dc0dc2c980f64_3_44e5be90ac075762.mp3,hum/e67dc0dc2c980f64_3_146699a8b71fa7d7.wav
e67dc0dc2c980f64,song/e67dc0dc2c980f64_3_44e5be90ac075762.mp3,hum/e67dc0dc2c980f64_3_dd857ef197d3e617.wav
e6944610cfc9bfc6,song/e6944610cfc9bfc6_1_f70a45f6e93e6965.mp3,hum/e6944610cfc9bfc6_1_67cad7cf31f4b97c.wav
e6944610cfc9bfc6,song/e6944610cfc9bfc6_1_f70a45f6e93e6965.mp3,hum/e6944610cfc9bfc6_1_b065e2a6564a9ed1.wav
e6944610cfc9bfc6,song/e6944610cfc9bfc6_1_f70a45f6e93e6965.mp3,hum/e6944610cfc9bfc6_1_98a94f61aca23cbc.wav
e6944610cfc9bfc6,song/e6944610cfc9bfc6_1_f70a45f6e93e6965.mp3,hum/e6944610cfc9bfc6_1_dae15a261e496a1e.wav
e6944610cfc9bfc6,song/e6944610cfc9bfc6_1_f70a45f6e93e6965.mp3,hum/e6944610cfc9bfc6_1_640f52bea588ff8d.wav
e6944610cfc9bfc6,song/e6944610cfc9bfc6_2_522598549bd8b53c.mp3,hum/e6944610cfc9bfc6_2_86cf8272c3483e85.wav
e6944610cfc9bfc6,song/e6944610cfc9bfc6_2_522598549bd8b53c.mp3,hum/e6944610cfc9bfc6_2_6feacf2d6b0c03f6.wav
e6944610cfc9bfc6,song/e6944610cfc9bfc6_2_522598549bd8b53c.mp3,hum/e6944610cfc9bfc6_2_2e7e7956796b1cd0.wav
e6944610cfc9bfc6,song/e6944610cfc9bfc6_2_522598549bd8b53c.mp3,hum/e6944610cfc9bfc6_2_2945d6a2439d6d66.wav
e6944610cfc9bfc6,song/e6944610cfc9bfc6_2_522598549bd8b53c.mp3,hum/e6944610cfc9bfc6_2_f2a0b393ccaeebb7.wav
e6944610cfc9bfc6,song/e6944610cfc9bfc6_3_ac606414b4bd92eb.mp3,hum/e6944610cfc9bfc6_3_652d79a82d7c02e2.wav
e6944610cfc9bfc6,song/e6944610cfc9bfc6_3_ac606414b4bd92eb.mp3,hum/e6944610cfc9bfc6_3_24a33581372a54fd.wav
e6944610cfc9bfc6,song/e6944610cfc9bfc6_3_ac606414b4bd92eb.mp3,hum/e6944610cfc9bfc6_3_308d943c6187043f.wav
e6944610cfc9bfc6,song/e6944610cfc9bfc6_3_ac606414b4bd92eb.mp3,hum/e6944610cfc9bfc6_3_419bcf86a5922072.wav
e6944610cfc9bfc6,song/e6944610cfc9bfc6_3_ac606414b4bd92eb.mp3,hum/e6944610cfc9bfc6_3_73d9eb0345f53f50.wav
e6944610cfc9bfc6,song/e6944610cfc9bfc6_4_848d710a01a44031.mp3,hum/e6944610cfc9bfc6_4_fa84ff7d276bbb77.wav
e6944610cfc9bfc6,song/e6944610cfc9bfc6_4_848d710a01a44031.mp3,hum/e6944610cfc9bfc6_4_a96eb5bc54d72b90.wav
e6944610cfc9bfc6,song/e6944610cfc9bfc6_4_848d710a01a44031.mp3,hum/e6944610cfc9bfc6_4_36ce6510a4e7a9bb.wav
e6944610cfc9bfc6,song/e6944610cfc9bfc6_4_848d710a01a44031.mp3,hum/e6944610cfc9bfc6_4_741ff73ca507e0cb.wav
e6944610cfc9bfc6,song/e6944610cfc9bfc6_4_848d710a01a44031.mp3,hum/e6944610cfc9bfc6_4_806f7a5fe617bc9d.wav
e6b405110b9591cd,song/e6b405110b9591cd_1_ce9af80254165bfe.mp3,hum/e6b405110b9591cd_1_d95deaa7250c7360.wav
e6b405110b9591cd,song/e6b405110b9591cd_1_ce9af80254165bfe.mp3,hum/e6b405110b9591cd_1_0086ad3ec07346cf.wav
e6b405110b9591cd,song/e6b405110b9591cd_1_ce9af80254165bfe.mp3,hum/e6b405110b9591cd_1_a22ed40028ba3824.wav
e6b405110b9591cd,song/e6b405110b9591cd_1_ce9af80254165bfe.mp3,hum/e6b405110b9591cd_1_d728ad7c493e8b63.wav
e6b405110b9591cd,song/e6b405110b9591cd_1_ce9af80254165bfe.mp3,hum/e6b405110b9591cd_1_a2569c33ddb8531a.wav
e6b405110b9591cd,song/e6b405110b9591cd_1_ce9af80254165bfe.mp3,hum/e6b405110b9591cd_1_ebc4035d1113cbda.wav
e6b405110b9591cd,song/e6b405110b9591cd_1_ce9af80254165bfe.mp3,hum/e6b405110b9591cd_1_72198d66a68a38e2.wav
e6b405110b9591cd,song/e6b405110b9591cd_1_ce9af80254165bfe.mp3,hum/e6b405110b9591cd_1_bae0321531004802.wav
e6b405110b9591cd,song/e6b405110b9591cd_1_ce9af80254165bfe.mp3,hum/e6b405110b9591cd_1_ad3ba6043e120ba8.wav
e6b405110b9591cd,song/e6b405110b9591cd_1_ce9af80254165bfe.mp3,hum/e6b405110b9591cd_1_2d555545f1ebb09d.wav
e6b405110b9591cd,song/e6b405110b9591cd_1_ce9af80254165bfe.mp3,hum/e6b405110b9591cd_1_253740171abf911c.wav
e6b405110b9591cd,song/e6b405110b9591cd_1_ce9af80254165bfe.mp3,hum/e6b405110b9591cd_1_73806ca36f20ec62.wav
e6de76b8028d0894,song/e6de76b8028d0894_1_ec6fabba99ff2766.mp3,hum/e6de76b8028d0894_1_6705ffa30f3d14b9.wav
e6de76b8028d0894,song/e6de76b8028d0894_1_ec6fabba99ff2766.mp3,hum/e6de76b8028d0894_1_b6b638d693c4e3ef.wav
e6de76b8028d0894,song/e6de76b8028d0894_1_ec6fabba99ff2766.mp3,hum/e6de76b8028d0894_1_112ec06047cb4e54.wav
e6de76b8028d0894,song/e6de76b8028d0894_1_ec6fabba99ff2766.mp3,hum/e6de76b8028d0894_1_24f11285c2bc19f1.wav
e6de76b8028d0894,song/e6de76b8028d0894_1_ec6fabba99ff2766.mp3,hum/e6de76b8028d0894_1_ac9e80044964df59.wav
e6de76b8028d0894,song/e6de76b8028d0894_2_777dd09c73a5e1d6.mp3,hum/e6de76b8028d0894_2_6ac46e59af4bf7fe.wav
e6de76b8028d0894,song/e6de76b8028d0894_2_777dd09c73a5e1d6.mp3,hum/e6de76b8028d0894_2_914c5c2598434edc.wav
e6de76b8028d0894,song/e6de76b8028d0894_2_777dd09c73a5e1d6.mp3,hum/e6de76b8028d0894_2_618b0b30f8d58ed4.wav
e6de76b8028d0894,song/e6de76b8028d0894_2_777dd09c73a5e1d6.mp3,hum/e6de76b8028d0894_2_61de0c04d83ebdc1.wav
e6de76b8028d0894,song/e6de76b8028d0894_2_777dd09c73a5e1d6.mp3,hum/e6de76b8028d0894_2_3d90edce992bf30d.wav
e6fe274df9d1b84f,song/e6fe274df9d1b84f_3_930ca2817eb9aafb.mp3,hum/e6fe274df9d1b84f_3_a30401ce0dab4a9f.wav
e6fe274df9d1b84f,song/e6fe274df9d1b84f_3_930ca2817eb9aafb.mp3,hum/e6fe274df9d1b84f_3_377ba606ac17227a.wav
e6fe274df9d1b84f,song/e6fe274df9d1b84f_3_930ca2817eb9aafb.mp3,hum/e6fe274df9d1b84f_3_3dc98110f3f2be4a.wav
e6fe274df9d1b84f,song/e6fe274df9d1b84f_3_930ca2817eb9aafb.mp3,hum/e6fe274df9d1b84f_3_1dbbcd61f9a74f19.wav
e6fe274df9d1b84f,song/e6fe274df9d1b84f_3_930ca2817eb9aafb.mp3,hum/e6fe274df9d1b84f_3_dfe577d17f390dc8.wav
e6fe274df9d1b84f,song/e6fe274df9d1b84f_3_930ca2817eb9aafb.mp3,hum/e6fe274df9d1b84f_3_1879fd25dc052556.wav
e6fe274df9d1b84f,song/e6fe274df9d1b84f_3_930ca2817eb9aafb.mp3,hum/e6fe274df9d1b84f_3_0e152216482a291e.wav
e6fe274df9d1b84f,song/e6fe274df9d1b84f_3_930ca2817eb9aafb.mp3,hum/e6fe274df9d1b84f_3_f9ffa9a8226fd247.wav
e6fe274df9d1b84f,song/e6fe274df9d1b84f_4_620036b9c238590b.mp3,hum/e6fe274df9d1b84f_4_342f50db0e5ebed5.wav
e6fe274df9d1b84f,song/e6fe274df9d1b84f_4_620036b9c238590b.mp3,hum/e6fe274df9d1b84f_4_762f6ba0bd0b5a73.wav
e6fe274df9d1b84f,song/e6fe274df9d1b84f_4_620036b9c238590b.mp3,hum/e6fe274df9d1b84f_4_5ceed7795f2e6584.wav
e6fe274df9d1b84f,song/e6fe274df9d1b84f_4_620036b9c238590b.mp3,hum/e6fe274df9d1b84f_4_fe88e7fab111039e.wav
e6fe274df9d1b84f,song/e6fe274df9d1b84f_4_620036b9c238590b.mp3,hum/e6fe274df9d1b84f_4_72999212c4629bb5.wav
e6fe274df9d1b84f,song/e6fe274df9d1b84f_4_620036b9c238590b.mp3,hum/e6fe274df9d1b84f_4_b73ecd8a6a28caf1.wav
e6fe274df9d1b84f,song/e6fe274df9d1b84f_4_620036b9c238590b.mp3,hum/e6fe274df9d1b84f_4_7c5e92e2faf821ca.wav
e6fe274df9d1b84f,song/e6fe274df9d1b84f_4_620036b9c238590b.mp3,hum/e6fe274df9d1b84f_4_edd6602cca2567b6.wav
e6fe274df9d1b84f,song/e6fe274df9d1b84f_5_5e386291f2c8e24e.mp3,hum/e6fe274df9d1b84f_5_b48e4095c99b69df.wav
e6fe274df9d1b84f,song/e6fe274df9d1b84f_5_5e386291f2c8e24e.mp3,hum/e6fe274df9d1b84f_5_cbcdff326b8574df.wav
e6fe274df9d1b84f,song/e6fe274df9d1b84f_5_5e386291f2c8e24e.mp3,hum/e6fe274df9d1b84f_5_bf8e9e469bb18a55.wav
e6fe274df9d1b84f,song/e6fe274df9d1b84f_5_5e386291f2c8e24e.mp3,hum/e6fe274df9d1b84f_5_37287400c7278ab3.wav
e6fe274df9d1b84f,song/e6fe274df9d1b84f_5_5e386291f2c8e24e.mp3,hum/e6fe274df9d1b84f_5_35a6b0f780c01be1.wav
e6fe274df9d1b84f,song/e6fe274df9d1b84f_5_5e386291f2c8e24e.mp3,hum/e6fe274df9d1b84f_5_bd8b89c8372e3e81.wav
e6fe274df9d1b84f,song/e6fe274df9d1b84f_5_5e386291f2c8e24e.mp3,hum/e6fe274df9d1b84f_5_3c971ef83df3c1f4.wav
e6fe274df9d1b84f,song/e6fe274df9d1b84f_5_5e386291f2c8e24e.mp3,hum/e6fe274df9d1b84f_5_39fe2329abd93c07.wav
e7138b4b2fb161f6,song/e7138b4b2fb161f6_1_781d79151a59e576.mp3,hum/e7138b4b2fb161f6_1_1284a2ff90c2c350.wav
e7138b4b2fb161f6,song/e7138b4b2fb161f6_1_781d79151a59e576.mp3,hum/e7138b4b2fb161f6_1_81a58867e9ab9bd2.wav
e7138b4b2fb161f6,song/e7138b4b2fb161f6_1_781d79151a59e576.mp3,hum/e7138b4b2fb161f6_1_d81cc1d960a3d5a9.wav
e7138b4b2fb161f6,song/e7138b4b2fb161f6_1_781d79151a59e576.mp3,hum/e7138b4b2fb161f6_1_82d287f37fb03948.wav
e7138b4b2fb161f6,song/e7138b4b2fb161f6_1_781d79151a59e576.mp3,hum/e7138b4b2fb161f6_1_ec3bceae95d64cca.wav
e7138b4b2fb161f6,song/e7138b4b2fb161f6_1_781d79151a59e576.mp3,hum/e7138b4b2fb161f6_1_bb028c18805b240b.wav
e7138b4b2fb161f6,song/e7138b4b2fb161f6_1_781d79151a59e576.mp3,hum/e7138b4b2fb161f6_1_213146986200b39d.wav
e7138b4b2fb161f6,song/e7138b4b2fb161f6_1_781d79151a59e576.mp3,hum/e7138b4b2fb161f6_1_0e5b7f0cde99a2a9.wav
e7138b4b2fb161f6,song/e7138b4b2fb161f6_1_781d79151a59e576.mp3,hum/e7138b4b2fb161f6_1_0872b7b0f53b3db1.wav
e7138b4b2fb161f6,song/e7138b4b2fb161f6_1_781d79151a59e576.mp3,hum/e7138b4b2fb161f6_1_71c3294afd8c3617.wav
e7138b4b2fb161f6,song/e7138b4b2fb161f6_1_781d79151a59e576.mp3,hum/e7138b4b2fb161f6_1_ac373eecb9edf9ed.wav
e7138b4b2fb161f6,song/e7138b4b2fb161f6_1_781d79151a59e576.mp3,hum/e7138b4b2fb161f6_1_b1a2888a57dbcf8d.wav
e7138b4b2fb161f6,song/e7138b4b2fb161f6_1_781d79151a59e576.mp3,hum/e7138b4b2fb161f6_1_c67c8b0ff472358e.wav
e7138b4b2fb161f6,song/e7138b4b2fb161f6_1_781d79151a59e576.mp3,hum/e7138b4b2fb161f6_1_3ef795fc55c0456b.wav
e7138b4b2fb161f6,song/e7138b4b2fb161f6_1_781d79151a59e576.mp3,hum/e7138b4b2fb161f6_1_f83828b22cb57e8d.wav
e7138b4b2fb161f6,song/e7138b4b2fb161f6_1_781d79151a59e576.mp3,hum/e7138b4b2fb161f6_1_ee0a75b5107f4ae0.wav
e7138b4b2fb161f6,song/e7138b4b2fb161f6_1_781d79151a59e576.mp3,hum/e7138b4b2fb161f6_1_2cf32c2975f637dc.wav
e7138b4b2fb161f6,song/e7138b4b2fb161f6_1_781d79151a59e576.mp3,hum/e7138b4b2fb161f6_1_e0e0c380c0d9779b.wav
e7138b4b2fb161f6,song/e7138b4b2fb161f6_1_781d79151a59e576.mp3,hum/e7138b4b2fb161f6_1_c2291605f38cd7cd.wav
e7138b4b2fb161f6,song/e7138b4b2fb161f6_2_bbb56b57f2ff78ec.mp3,hum/e7138b4b2fb161f6_2_0e8c3b2a35305d81.wav
e7138b4b2fb161f6,song/e7138b4b2fb161f6_2_bbb56b57f2ff78ec.mp3,hum/e7138b4b2fb161f6_2_af06ff0c731e2b13.wav
e7138b4b2fb161f6,song/e7138b4b2fb161f6_2_bbb56b57f2ff78ec.mp3,hum/e7138b4b2fb161f6_2_be16976c528f92be.wav
e7138b4b2fb161f6,song/e7138b4b2fb161f6_2_bbb56b57f2ff78ec.mp3,hum/e7138b4b2fb161f6_2_80aa62d1127cdc00.wav
e7138b4b2fb161f6,song/e7138b4b2fb161f6_2_bbb56b57f2ff78ec.mp3,hum/e7138b4b2fb161f6_2_f5d1df5ed97e97e1.wav
e7138b4b2fb161f6,song/e7138b4b2fb161f6_2_bbb56b57f2ff78ec.mp3,hum/e7138b4b2fb161f6_2_c9070f9e152bd4c4.wav
e7138b4b2fb161f6,song/e7138b4b2fb161f6_2_bbb56b57f2ff78ec.mp3,hum/e7138b4b2fb161f6_2_0ce5b5495a9dda9e.wav
e7138b4b2fb161f6,song/e7138b4b2fb161f6_2_bbb56b57f2ff78ec.mp3,hum/e7138b4b2fb161f6_2_e5b6f78c77b83479.wav
e7138b4b2fb161f6,song/e7138b4b2fb161f6_2_bbb56b57f2ff78ec.mp3,hum/e7138b4b2fb161f6_2_24342d25034063e4.wav
e7138b4b2fb161f6,song/e7138b4b2fb161f6_2_bbb56b57f2ff78ec.mp3,hum/e7138b4b2fb161f6_2_a7f9d6a22ba2565e.wav
e7138b4b2fb161f6,song/e7138b4b2fb161f6_2_bbb56b57f2ff78ec.mp3,hum/e7138b4b2fb161f6_2_aa134fc61a4ee00f.wav
e7138b4b2fb161f6,song/e7138b4b2fb161f6_2_bbb56b57f2ff78ec.mp3,hum/e7138b4b2fb161f6_2_3d12b86daac668f4.wav
e7138b4b2fb161f6,song/e7138b4b2fb161f6_2_bbb56b57f2ff78ec.mp3,hum/e7138b4b2fb161f6_2_5d249c4e715ff3fa.wav
e7138b4b2fb161f6,song/e7138b4b2fb161f6_2_bbb56b57f2ff78ec.mp3,hum/e7138b4b2fb161f6_2_09ec63d58df7d277.wav
e7138b4b2fb161f6,song/e7138b4b2fb161f6_2_bbb56b57f2ff78ec.mp3,hum/e7138b4b2fb161f6_2_b2647f9b18e7c40b.wav
e734e7f38e373b27,song/e734e7f38e373b27_1_0519beccbc08c5df.mp3,hum/e734e7f38e373b27_1_de46e662117af04c.wav
e734e7f38e373b27,song/e734e7f38e373b27_1_0519beccbc08c5df.mp3,hum/e734e7f38e373b27_1_db7ace7b00d52532.wav
e734e7f38e373b27,song/e734e7f38e373b27_1_0519beccbc08c5df.mp3,hum/e734e7f38e373b27_1_7a7ee61847428f71.wav
e734e7f38e373b27,song/e734e7f38e373b27_1_0519beccbc08c5df.mp3,hum/e734e7f38e373b27_1_f64122e036dd7845.wav
e734e7f38e373b27,song/e734e7f38e373b27_1_0519beccbc08c5df.mp3,hum/e734e7f38e373b27_1_294858a0e26a8bcc.wav
e734e7f38e373b27,song/e734e7f38e373b27_1_0519beccbc08c5df.mp3,hum/e734e7f38e373b27_1_df24439ec8770547.wav
e734e7f38e373b27,song/e734e7f38e373b27_1_0519beccbc08c5df.mp3,hum/e734e7f38e373b27_1_6f0558b4d5c95d03.wav
e734e7f38e373b27,song/e734e7f38e373b27_1_0519beccbc08c5df.mp3,hum/e734e7f38e373b27_1_ab9a0d264688d900.wav
e734e7f38e373b27,song/e734e7f38e373b27_1_0519beccbc08c5df.mp3,hum/e734e7f38e373b27_1_76fe7a8464bfe3d2.wav
e734e7f38e373b27,song/e734e7f38e373b27_1_0519beccbc08c5df.mp3,hum/e734e7f38e373b27_1_2c398bacba70bb12.wav
e734e7f38e373b27,song/e734e7f38e373b27_1_0519beccbc08c5df.mp3,hum/e734e7f38e373b27_1_1edf2a0ac323a089.wav
e734e7f38e373b27,song/e734e7f38e373b27_1_0519beccbc08c5df.mp3,hum/e734e7f38e373b27_1_8e7763b3a0275447.wav
e734e7f38e373b27,song/e734e7f38e373b27_1_0519beccbc08c5df.mp3,hum/e734e7f38e373b27_1_dd0c942c1b74a0a6.wav
e734e7f38e373b27,song/e734e7f38e373b27_1_0519beccbc08c5df.mp3,hum/e734e7f38e373b27_1_73adb2bb41f7fa87.wav
e734e7f38e373b27,song/e734e7f38e373b27_1_0519beccbc08c5df.mp3,hum/e734e7f38e373b27_1_726a60662720fa3c.wav
e734e7f38e373b27,song/e734e7f38e373b27_1_0519beccbc08c5df.mp3,hum/e734e7f38e373b27_1_b30d48dc2ee31816.wav
e734e7f38e373b27,song/e734e7f38e373b27_1_0519beccbc08c5df.mp3,hum/e734e7f38e373b27_1_34f45d298c58d65d.wav
e734e7f38e373b27,song/e734e7f38e373b27_1_0519beccbc08c5df.mp3,hum/e734e7f38e373b27_1_2190aac7d66957ea.wav
e734e7f38e373b27,song/e734e7f38e373b27_1_0519beccbc08c5df.mp3,hum/e734e7f38e373b27_1_bc656c196cedeecd.wav
e734e7f38e373b27,song/e734e7f38e373b27_1_0519beccbc08c5df.mp3,hum/e734e7f38e373b27_1_3ccb8f0f1805a92f.wav
e734e7f38e373b27,song/e734e7f38e373b27_2_cac06ae86e9ff58a.mp3,hum/e734e7f38e373b27_2_0cba312e9e93b1f6.wav
e734e7f38e373b27,song/e734e7f38e373b27_2_cac06ae86e9ff58a.mp3,hum/e734e7f38e373b27_2_7beecb231575f1e8.wav
e734e7f38e373b27,song/e734e7f38e373b27_2_cac06ae86e9ff58a.mp3,hum/e734e7f38e373b27_2_8d33b9ac09414c20.wav
e734e7f38e373b27,song/e734e7f38e373b27_2_cac06ae86e9ff58a.mp3,hum/e734e7f38e373b27_2_916c7e9e5e235784.wav
e734e7f38e373b27,song/e734e7f38e373b27_2_cac06ae86e9ff58a.mp3,hum/e734e7f38e373b27_2_0601ac84e45123a1.wav
e734e7f38e373b27,song/e734e7f38e373b27_2_cac06ae86e9ff58a.mp3,hum/e734e7f38e373b27_2_da3df2d2c58a4a7f.wav
e734e7f38e373b27,song/e734e7f38e373b27_2_cac06ae86e9ff58a.mp3,hum/e734e7f38e373b27_2_32d3ea1971696e52.wav
e734e7f38e373b27,song/e734e7f38e373b27_2_cac06ae86e9ff58a.mp3,hum/e734e7f38e373b27_2_03dbbe46ef08b132.wav
e734e7f38e373b27,song/e734e7f38e373b27_2_cac06ae86e9ff58a.mp3,hum/e734e7f38e373b27_2_ddde342e58a47ad9.wav
e734e7f38e373b27,song/e734e7f38e373b27_2_cac06ae86e9ff58a.mp3,hum/e734e7f38e373b27_2_7c3532066eebaebd.wav
e734e7f38e373b27,song/e734e7f38e373b27_2_cac06ae86e9ff58a.mp3,hum/e734e7f38e373b27_2_2cdeb78c0fdd69b9.wav
e734e7f38e373b27,song/e734e7f38e373b27_2_cac06ae86e9ff58a.mp3,hum/e734e7f38e373b27_2_65bd72c7688cbe0c.wav
e734e7f38e373b27,song/e734e7f38e373b27_2_cac06ae86e9ff58a.mp3,hum/e734e7f38e373b27_2_6b5cb16ce17a2142.wav
e734e7f38e373b27,song/e734e7f38e373b27_2_cac06ae86e9ff58a.mp3,hum/e734e7f38e373b27_2_f8663b270c0ddada.wav
e734e7f38e373b27,song/e734e7f38e373b27_2_cac06ae86e9ff58a.mp3,hum/e734e7f38e373b27_2_5b9dc8d2083cd8aa.wav
e734e7f38e373b27,song/e734e7f38e373b27_2_cac06ae86e9ff58a.mp3,hum/e734e7f38e373b27_2_1ddb839e976dc60c.wav
e734e7f38e373b27,song/e734e7f38e373b27_2_cac06ae86e9ff58a.mp3,hum/e734e7f38e373b27_2_e598a371d4d8ec08.wav
e734e7f38e373b27,song/e734e7f38e373b27_2_cac06ae86e9ff58a.mp3,hum/e734e7f38e373b27_2_b05f2fc74546029a.wav
e734e7f38e373b27,song/e734e7f38e373b27_2_cac06ae86e9ff58a.mp3,hum/e734e7f38e373b27_2_06b223e3cdcef777.wav
e734e7f38e373b27,song/e734e7f38e373b27_2_cac06ae86e9ff58a.mp3,hum/e734e7f38e373b27_2_a37811befd2456a1.wav
e734e7f38e373b27,song/e734e7f38e373b27_2_cac06ae86e9ff58a.mp3,hum/e734e7f38e373b27_2_f31697d853386e04.wav
e734e7f38e373b27,song/e734e7f38e373b27_2_cac06ae86e9ff58a.mp3,hum/e734e7f38e373b27_2_6dbd855dcf5360b1.wav
e734e7f38e373b27,song/e734e7f38e373b27_2_cac06ae86e9ff58a.mp3,hum/e734e7f38e373b27_2_0fe33e2300be0401.wav
e758c44149ef2c7e,song/e758c44149ef2c7e_1_31b59dab1750b772.mp3,hum/e758c44149ef2c7e_1_de55d0eb16cbc02d.wav
e758c44149ef2c7e,song/e758c44149ef2c7e_1_31b59dab1750b772.mp3,hum/e758c44149ef2c7e_1_4eed2153991ac8d2.wav
e758c44149ef2c7e,song/e758c44149ef2c7e_1_31b59dab1750b772.mp3,hum/e758c44149ef2c7e_1_01863b4db395d092.wav
e758c44149ef2c7e,song/e758c44149ef2c7e_1_31b59dab1750b772.mp3,hum/e758c44149ef2c7e_1_5728e9003fbae41f.wav
e758c44149ef2c7e,song/e758c44149ef2c7e_1_31b59dab1750b772.mp3,hum/e758c44149ef2c7e_1_019c73144e31465a.wav
e758c44149ef2c7e,song/e758c44149ef2c7e_1_31b59dab1750b772.mp3,hum/e758c44149ef2c7e_1_c0fa0e0587e8cc63.wav
e758c44149ef2c7e,song/e758c44149ef2c7e_2_8674d8844e8a7f45.mp3,hum/e758c44149ef2c7e_2_aa04897bfcb517b3.wav
e758c44149ef2c7e,song/e758c44149ef2c7e_2_8674d8844e8a7f45.mp3,hum/e758c44149ef2c7e_2_7a83d600e32b9167.wav
e758c44149ef2c7e,song/e758c44149ef2c7e_2_8674d8844e8a7f45.mp3,hum/e758c44149ef2c7e_2_0f1cdd5318292855.wav
e758c44149ef2c7e,song/e758c44149ef2c7e_2_8674d8844e8a7f45.mp3,hum/e758c44149ef2c7e_2_cd7f9f722db1cfe4.wav
e758c44149ef2c7e,song/e758c44149ef2c7e_2_8674d8844e8a7f45.mp3,hum/e758c44149ef2c7e_2_96616f48f2325ca8.wav
e758c44149ef2c7e,song/e758c44149ef2c7e_2_8674d8844e8a7f45.mp3,hum/e758c44149ef2c7e_2_dbf75b479c3ab94e.wav
e758c44149ef2c7e,song/e758c44149ef2c7e_2_8674d8844e8a7f45.mp3,hum/e758c44149ef2c7e_2_c56917bd7046db44.wav
e9e021a5ed510051,song/e9e021a5ed510051_1_87dd24012935a75f.mp3,hum/e9e021a5ed510051_1_46eddaa8907e2321.wav
e9e021a5ed510051,song/e9e021a5ed510051_1_87dd24012935a75f.mp3,hum/e9e021a5ed510051_1_66b9aec7db1fb7f7.wav
e9e021a5ed510051,song/e9e021a5ed510051_1_87dd24012935a75f.mp3,hum/e9e021a5ed510051_1_cd90119c4d52d2e5.wav
e9e021a5ed510051,song/e9e021a5ed510051_1_87dd24012935a75f.mp3,hum/e9e021a5ed510051_1_f93db606e5c2dcbd.wav
e9e021a5ed510051,song/e9e021a5ed510051_1_87dd24012935a75f.mp3,hum/e9e021a5ed510051_1_0b4a666a0763171e.wav
e9e021a5ed510051,song/e9e021a5ed510051_2_eb09cb007b06c543.mp3,hum/e9e021a5ed510051_2_47b190822166d991.wav
e9e021a5ed510051,song/e9e021a5ed510051_2_eb09cb007b06c543.mp3,hum/e9e021a5ed510051_2_7446d5b60955f6a7.wav
e9e021a5ed510051,song/e9e021a5ed510051_2_eb09cb007b06c543.mp3,hum/e9e021a5ed510051_2_91e18b87007b0214.wav
e9e021a5ed510051,song/e9e021a5ed510051_2_eb09cb007b06c543.mp3,hum/e9e021a5ed510051_2_cd6b61080e03c13e.wav
e9e021a5ed510051,song/e9e021a5ed510051_2_eb09cb007b06c543.mp3,hum/e9e021a5ed510051_2_97c9a8c3f573cf7d.wav
e9e021a5ed510051,song/e9e021a5ed510051_3_633380fda06b14a2.mp3,hum/e9e021a5ed510051_3_2fda002ff4ec9dcd.wav
e9e021a5ed510051,song/e9e021a5ed510051_3_633380fda06b14a2.mp3,hum/e9e021a5ed510051_3_2754effcb9ed2aa4.wav
e9e021a5ed510051,song/e9e021a5ed510051_3_633380fda06b14a2.mp3,hum/e9e021a5ed510051_3_3a404d3a20f583be.wav
e9e021a5ed510051,song/e9e021a5ed510051_3_633380fda06b14a2.mp3,hum/e9e021a5ed510051_3_bd20273a0f442a63.wav
e9e021a5ed510051,song/e9e021a5ed510051_3_633380fda06b14a2.mp3,hum/e9e021a5ed510051_3_d5ba0acf589914c4.wav
e9e9b09b0e5cca4c,song/e9e9b09b0e5cca4c_1_5f59e3126504c3c9.mp3,hum/e9e9b09b0e5cca4c_1_7cb26434f7b6ff62.wav
e9e9b09b0e5cca4c,song/e9e9b09b0e5cca4c_1_5f59e3126504c3c9.mp3,hum/e9e9b09b0e5cca4c_1_42535d52c8e33b82.wav
e9e9b09b0e5cca4c,song/e9e9b09b0e5cca4c_1_5f59e3126504c3c9.mp3,hum/e9e9b09b0e5cca4c_1_c680c7a5ee40aa7b.wav
e9e9b09b0e5cca4c,song/e9e9b09b0e5cca4c_1_5f59e3126504c3c9.mp3,hum/e9e9b09b0e5cca4c_1_ed22dc815dadc38e.wav
e9e9b09b0e5cca4c,song/e9e9b09b0e5cca4c_1_5f59e3126504c3c9.mp3,hum/e9e9b09b0e5cca4c_1_7f5ba80f8bd649ac.wav
ea1b0d65148f81f1,song/ea1b0d65148f81f1_1_83f4704ee81e8b87.mp3,hum/ea1b0d65148f81f1_1_dc808c4d5194ee52.wav
ea1b0d65148f81f1,song/ea1b0d65148f81f1_1_83f4704ee81e8b87.mp3,hum/ea1b0d65148f81f1_1_20a17c15a61c16a3.wav
ea1b0d65148f81f1,song/ea1b0d65148f81f1_1_83f4704ee81e8b87.mp3,hum/ea1b0d65148f81f1_1_43e3625b0e937779.wav
ea1b0d65148f81f1,song/ea1b0d65148f81f1_1_83f4704ee81e8b87.mp3,hum/ea1b0d65148f81f1_1_94b50aebedd54c6e.wav
ea1b0d65148f81f1,song/ea1b0d65148f81f1_1_83f4704ee81e8b87.mp3,hum/ea1b0d65148f81f1_1_096f775eb6d5a979.wav
ea1b0d65148f81f1,song/ea1b0d65148f81f1_1_83f4704ee81e8b87.mp3,hum/ea1b0d65148f81f1_1_8ccc6e760a143e43.wav
ea1b0d65148f81f1,song/ea1b0d65148f81f1_1_83f4704ee81e8b87.mp3,hum/ea1b0d65148f81f1_1_a01704ada693bee0.wav
ea1b0d65148f81f1,song/ea1b0d65148f81f1_1_83f4704ee81e8b87.mp3,hum/ea1b0d65148f81f1_1_cb67377f8d9cc7cf.wav
ea1b0d65148f81f1,song/ea1b0d65148f81f1_1_83f4704ee81e8b87.mp3,hum/ea1b0d65148f81f1_1_62eebb84bb965f4e.wav
ea1b0d65148f81f1,song/ea1b0d65148f81f1_2_63a40935b741019e.mp3,hum/ea1b0d65148f81f1_2_4635e9d28cf888cd.wav
ea1b0d65148f81f1,song/ea1b0d65148f81f1_2_63a40935b741019e.mp3,hum/ea1b0d65148f81f1_2_2bb26ed85db6c06b.wav
ea1b0d65148f81f1,song/ea1b0d65148f81f1_2_63a40935b741019e.mp3,hum/ea1b0d65148f81f1_2_7d8b7ee400ce8570.wav
ea1b0d65148f81f1,song/ea1b0d65148f81f1_2_63a40935b741019e.mp3,hum/ea1b0d65148f81f1_2_a8c2da07f7a4040e.wav
ea1b0d65148f81f1,song/ea1b0d65148f81f1_2_63a40935b741019e.mp3,hum/ea1b0d65148f81f1_2_e83cc4c2bb6755aa.wav
ea1b0d65148f81f1,song/ea1b0d65148f81f1_2_63a40935b741019e.mp3,hum/ea1b0d65148f81f1_2_a1bb1e9cab8548b8.wav
ea1b0d65148f81f1,song/ea1b0d65148f81f1_2_63a40935b741019e.mp3,hum/ea1b0d65148f81f1_2_54376285dda9c33d.wav
ea1b0d65148f81f1,song/ea1b0d65148f81f1_2_63a40935b741019e.mp3,hum/ea1b0d65148f81f1_2_40bb6062f55780d9.wav
ea1b0d65148f81f1,song/ea1b0d65148f81f1_3_accb5169f4db407e.mp3,hum/ea1b0d65148f81f1_3_83ab08d32cb50abe.wav
ea1b0d65148f81f1,song/ea1b0d65148f81f1_3_accb5169f4db407e.mp3,hum/ea1b0d65148f81f1_3_b8b6dca5528be2f4.wav
ea1b0d65148f81f1,song/ea1b0d65148f81f1_3_accb5169f4db407e.mp3,hum/ea1b0d65148f81f1_3_437a3aa9a7863e2a.wav
ea1b0d65148f81f1,song/ea1b0d65148f81f1_3_accb5169f4db407e.mp3,hum/ea1b0d65148f81f1_3_f0319af6cd88bc12.wav
ea1b0d65148f81f1,song/ea1b0d65148f81f1_3_accb5169f4db407e.mp3,hum/ea1b0d65148f81f1_3_503b1de66f4633fd.wav
ea1b0d65148f81f1,song/ea1b0d65148f81f1_3_accb5169f4db407e.mp3,hum/ea1b0d65148f81f1_3_e9e81ed777ef8d15.wav
ea1b0d65148f81f1,song/ea1b0d65148f81f1_3_accb5169f4db407e.mp3,hum/ea1b0d65148f81f1_3_57e7f5fbf73b9935.wav
ea1b0d65148f81f1,song/ea1b0d65148f81f1_3_accb5169f4db407e.mp3,hum/ea1b0d65148f81f1_3_f0ff99db1bb2c178.wav
ea1b0d65148f81f1,song/ea1b0d65148f81f1_3_accb5169f4db407e.mp3,hum/ea1b0d65148f81f1_3_88ef5380d06f5aec.wav
ea1b0d65148f81f1,song/ea1b0d65148f81f1_3_accb5169f4db407e.mp3,hum/ea1b0d65148f81f1_3_787fcea6686873c9.wav
ea1b0d65148f81f1,song/ea1b0d65148f81f1_3_accb5169f4db407e.mp3,hum/ea1b0d65148f81f1_3_04404ccc7a842fa0.wav
ea1b0d65148f81f1,song/ea1b0d65148f81f1_4_a2153c45537518a6.mp3,hum/ea1b0d65148f81f1_4_608ad94656bd2057.wav
ea1b0d65148f81f1,song/ea1b0d65148f81f1_4_a2153c45537518a6.mp3,hum/ea1b0d65148f81f1_4_f4669cd86c17d9ed.wav
ea1b0d65148f81f1,song/ea1b0d65148f81f1_4_a2153c45537518a6.mp3,hum/ea1b0d65148f81f1_4_a4ffd4b413bc4958.wav
ea1b0d65148f81f1,song/ea1b0d65148f81f1_4_a2153c45537518a6.mp3,hum/ea1b0d65148f81f1_4_bef82f0ac93c3436.wav
ea1b0d65148f81f1,song/ea1b0d65148f81f1_4_a2153c45537518a6.mp3,hum/ea1b0d65148f81f1_4_808f3b64a09cb28e.wav
ea1b0d65148f81f1,song/ea1b0d65148f81f1_4_a2153c45537518a6.mp3,hum/ea1b0d65148f81f1_4_a85fec90860280a5.wav
ea1b0d65148f81f1,song/ea1b0d65148f81f1_4_a2153c45537518a6.mp3,hum/ea1b0d65148f81f1_4_c8d5702804b7da3f.wav
ea1b0d65148f81f1,song/ea1b0d65148f81f1_4_a2153c45537518a6.mp3,hum/ea1b0d65148f81f1_4_fd18beeb76a95d7f.wav
ea1b0d65148f81f1,song/ea1b0d65148f81f1_4_a2153c45537518a6.mp3,hum/ea1b0d65148f81f1_4_3a167064945933f7.wav
ea1b0d65148f81f1,song/ea1b0d65148f81f1_4_a2153c45537518a6.mp3,hum/ea1b0d65148f81f1_4_bbec8ef26f417108.wav
ea490ae8b4e0581e,song/ea490ae8b4e0581e_1_2408f6eb99809f86.mp3,hum/ea490ae8b4e0581e_1_0655c07c18d16e98.wav
ea490ae8b4e0581e,song/ea490ae8b4e0581e_1_2408f6eb99809f86.mp3,hum/ea490ae8b4e0581e_1_381431de6133ca92.wav
ea490ae8b4e0581e,song/ea490ae8b4e0581e_1_2408f6eb99809f86.mp3,hum/ea490ae8b4e0581e_1_655f7c5e70d7f7d2.wav
ea490ae8b4e0581e,song/ea490ae8b4e0581e_1_2408f6eb99809f86.mp3,hum/ea490ae8b4e0581e_1_7db52ff8302c8711.wav
ea490ae8b4e0581e,song/ea490ae8b4e0581e_1_2408f6eb99809f86.mp3,hum/ea490ae8b4e0581e_1_3a78e2e529260562.wav
ea490ae8b4e0581e,song/ea490ae8b4e0581e_1_2408f6eb99809f86.mp3,hum/ea490ae8b4e0581e_1_34b2161f0a5c5804.wav
ea490ae8b4e0581e,song/ea490ae8b4e0581e_1_2408f6eb99809f86.mp3,hum/ea490ae8b4e0581e_1_1b02c2146df5848d.wav
ea490ae8b4e0581e,song/ea490ae8b4e0581e_1_2408f6eb99809f86.mp3,hum/ea490ae8b4e0581e_1_00765f3d0db2035d.wav
ea490ae8b4e0581e,song/ea490ae8b4e0581e_1_2408f6eb99809f86.mp3,hum/ea490ae8b4e0581e_1_ff8cf9eb2a256052.wav
ea490ae8b4e0581e,song/ea490ae8b4e0581e_1_2408f6eb99809f86.mp3,hum/ea490ae8b4e0581e_1_752bbbe165b4dff7.wav
ea490ae8b4e0581e,song/ea490ae8b4e0581e_2_ddc3096ae1956d49.mp3,hum/ea490ae8b4e0581e_2_b86979a42d0e071d.wav
ea490ae8b4e0581e,song/ea490ae8b4e0581e_2_ddc3096ae1956d49.mp3,hum/ea490ae8b4e0581e_2_6223d3f9ca87d2d4.wav
ea490ae8b4e0581e,song/ea490ae8b4e0581e_2_ddc3096ae1956d49.mp3,hum/ea490ae8b4e0581e_2_b6f117d578e955a2.wav
ea490ae8b4e0581e,song/ea490ae8b4e0581e_2_ddc3096ae1956d49.mp3,hum/ea490ae8b4e0581e_2_6f76b83e9a7a1032.wav
ea490ae8b4e0581e,song/ea490ae8b4e0581e_2_ddc3096ae1956d49.mp3,hum/ea490ae8b4e0581e_2_e6697c54492f574b.wav
ea490ae8b4e0581e,song/ea490ae8b4e0581e_2_ddc3096ae1956d49.mp3,hum/ea490ae8b4e0581e_2_a1157d6dbf310105.wav
ea490ae8b4e0581e,song/ea490ae8b4e0581e_2_ddc3096ae1956d49.mp3,hum/ea490ae8b4e0581e_2_7d4e79e58d88990b.wav
ea490ae8b4e0581e,song/ea490ae8b4e0581e_2_ddc3096ae1956d49.mp3,hum/ea490ae8b4e0581e_2_2fa99a20d55e8e0a.wav
ea870e2b360e2512,song/ea870e2b360e2512_1_ee71801b4ef11cd0.mp3,hum/ea870e2b360e2512_1_3720b5894d2ce827.wav
ea870e2b360e2512,song/ea870e2b360e2512_1_ee71801b4ef11cd0.mp3,hum/ea870e2b360e2512_1_f1222808bb4744ae.wav
ea870e2b360e2512,song/ea870e2b360e2512_1_ee71801b4ef11cd0.mp3,hum/ea870e2b360e2512_1_941470faff2e0fd9.wav
ea870e2b360e2512,song/ea870e2b360e2512_1_ee71801b4ef11cd0.mp3,hum/ea870e2b360e2512_1_beaefd9187c598cb.wav
ea870e2b360e2512,song/ea870e2b360e2512_1_ee71801b4ef11cd0.mp3,hum/ea870e2b360e2512_1_e68307c94b960cfe.wav
ea870e2b360e2512,song/ea870e2b360e2512_2_4f787cf3e06b5358.mp3,hum/ea870e2b360e2512_2_688b1069126af4e2.wav
ea870e2b360e2512,song/ea870e2b360e2512_2_4f787cf3e06b5358.mp3,hum/ea870e2b360e2512_2_c965c37c3d04fc21.wav
ea870e2b360e2512,song/ea870e2b360e2512_2_4f787cf3e06b5358.mp3,hum/ea870e2b360e2512_2_be5dd84f17818884.wav
ea870e2b360e2512,song/ea870e2b360e2512_2_4f787cf3e06b5358.mp3,hum/ea870e2b360e2512_2_6e93c77416c4d515.wav
ea870e2b360e2512,song/ea870e2b360e2512_2_4f787cf3e06b5358.mp3,hum/ea870e2b360e2512_2_6138f2b02f289e43.wav
ea870e2b360e2512,song/ea870e2b360e2512_3_94e1be3ca0c75826.mp3,hum/ea870e2b360e2512_3_77f0bf740b7263d5.wav
ea870e2b360e2512,song/ea870e2b360e2512_3_94e1be3ca0c75826.mp3,hum/ea870e2b360e2512_3_eabd52b9561becdf.wav
ea870e2b360e2512,song/ea870e2b360e2512_3_94e1be3ca0c75826.mp3,hum/ea870e2b360e2512_3_994f3ea2d424da5e.wav
ea870e2b360e2512,song/ea870e2b360e2512_3_94e1be3ca0c75826.mp3,hum/ea870e2b360e2512_3_be911d75f7a576e2.wav
ea870e2b360e2512,song/ea870e2b360e2512_3_94e1be3ca0c75826.mp3,hum/ea870e2b360e2512_3_21e957aefa520e26.wav
eafaae0ae7ccc10d,song/eafaae0ae7ccc10d_1_5ec40b78c821f0ff.mp3,hum/eafaae0ae7ccc10d_1_67ed8eac34dafcdd.wav
eafaae0ae7ccc10d,song/eafaae0ae7ccc10d_1_5ec40b78c821f0ff.mp3,hum/eafaae0ae7ccc10d_1_4410f911d689017b.wav
eafaae0ae7ccc10d,song/eafaae0ae7ccc10d_1_5ec40b78c821f0ff.mp3,hum/eafaae0ae7ccc10d_1_ce1004d74ed06a22.wav
eafaae0ae7ccc10d,song/eafaae0ae7ccc10d_1_5ec40b78c821f0ff.mp3,hum/eafaae0ae7ccc10d_1_90e7183690a89ca6.wav
eafaae0ae7ccc10d,song/eafaae0ae7ccc10d_1_5ec40b78c821f0ff.mp3,hum/eafaae0ae7ccc10d_1_bbcbf6ef1a82ec7c.wav
eafaae0ae7ccc10d,song/eafaae0ae7ccc10d_2_ac964ef08f0789f2.mp3,hum/eafaae0ae7ccc10d_2_b1ed197fef15c68e.wav
eafaae0ae7ccc10d,song/eafaae0ae7ccc10d_2_ac964ef08f0789f2.mp3,hum/eafaae0ae7ccc10d_2_62b8c14d66894aeb.wav
eafaae0ae7ccc10d,song/eafaae0ae7ccc10d_2_ac964ef08f0789f2.mp3,hum/eafaae0ae7ccc10d_2_0df9a0d0915fa831.wav
eafaae0ae7ccc10d,song/eafaae0ae7ccc10d_2_ac964ef08f0789f2.mp3,hum/eafaae0ae7ccc10d_2_214d030f35c10001.wav
eafaae0ae7ccc10d,song/eafaae0ae7ccc10d_2_ac964ef08f0789f2.mp3,hum/eafaae0ae7ccc10d_2_0ea97ea08db87f8d.wav
eafaae0ae7ccc10d,song/eafaae0ae7ccc10d_3_ae61bef712e0add3.mp3,hum/eafaae0ae7ccc10d_3_7e25ce257e8de78e.wav
eafaae0ae7ccc10d,song/eafaae0ae7ccc10d_3_ae61bef712e0add3.mp3,hum/eafaae0ae7ccc10d_3_78d02812b87de545.wav
eafaae0ae7ccc10d,song/eafaae0ae7ccc10d_3_ae61bef712e0add3.mp3,hum/eafaae0ae7ccc10d_3_e1bdd7cdb22a4bbd.wav
eafaae0ae7ccc10d,song/eafaae0ae7ccc10d_3_ae61bef712e0add3.mp3,hum/eafaae0ae7ccc10d_3_4ac5baf1090ea7f4.wav
eafaae0ae7ccc10d,song/eafaae0ae7ccc10d_3_ae61bef712e0add3.mp3,hum/eafaae0ae7ccc10d_3_5444d1a9cd9bba26.wav
eddd789e19b6a474,song/eddd789e19b6a474_1_41fe3a5395be1afe.mp3,hum/eddd789e19b6a474_1_bcf7e16a2483a51f.wav
eddd789e19b6a474,song/eddd789e19b6a474_1_41fe3a5395be1afe.mp3,hum/eddd789e19b6a474_1_87e5306bca30ebb2.wav
eddd789e19b6a474,song/eddd789e19b6a474_1_41fe3a5395be1afe.mp3,hum/eddd789e19b6a474_1_e667bba1c804abf2.wav
eddd789e19b6a474,song/eddd789e19b6a474_1_41fe3a5395be1afe.mp3,hum/eddd789e19b6a474_1_492e8be0a8bf61c1.wav
eddd789e19b6a474,song/eddd789e19b6a474_1_41fe3a5395be1afe.mp3,hum/eddd789e19b6a474_1_cd2727e27fefe88c.wav
eddd789e19b6a474,song/eddd789e19b6a474_1_41fe3a5395be1afe.mp3,hum/eddd789e19b6a474_1_e736f045bd05715e.wav
eddd789e19b6a474,song/eddd789e19b6a474_1_41fe3a5395be1afe.mp3,hum/eddd789e19b6a474_1_476e1f047ac2264c.wav
eddd789e19b6a474,song/eddd789e19b6a474_2_ae7fae8fbde58b1c.mp3,hum/eddd789e19b6a474_2_7d6caf04b06b45c5.wav
eddd789e19b6a474,song/eddd789e19b6a474_2_ae7fae8fbde58b1c.mp3,hum/eddd789e19b6a474_2_8ea77525400579e6.wav
eddd789e19b6a474,song/eddd789e19b6a474_2_ae7fae8fbde58b1c.mp3,hum/eddd789e19b6a474_2_09094a104632da2c.wav
eddd789e19b6a474,song/eddd789e19b6a474_2_ae7fae8fbde58b1c.mp3,hum/eddd789e19b6a474_2_4f7a140294b782ec.wav
eddd789e19b6a474,song/eddd789e19b6a474_2_ae7fae8fbde58b1c.mp3,hum/eddd789e19b6a474_2_8bd85c3128c391d1.wav
eddd789e19b6a474,song/eddd789e19b6a474_2_ae7fae8fbde58b1c.mp3,hum/eddd789e19b6a474_2_4184e0003fee9f83.wav
eddd789e19b6a474,song/eddd789e19b6a474_2_ae7fae8fbde58b1c.mp3,hum/eddd789e19b6a474_2_d877a743f4a27ca2.wav
eddd789e19b6a474,song/eddd789e19b6a474_3_006c1fde14233fe4.mp3,hum/eddd789e19b6a474_3_3b62c30b2da1bbd4.wav
eddd789e19b6a474,song/eddd789e19b6a474_3_006c1fde14233fe4.mp3,hum/eddd789e19b6a474_3_8f52fca3a2ff98b9.wav
eddd789e19b6a474,song/eddd789e19b6a474_3_006c1fde14233fe4.mp3,hum/eddd789e19b6a474_3_a20262f6f6da2b5b.wav
eddd789e19b6a474,song/eddd789e19b6a474_3_006c1fde14233fe4.mp3,hum/eddd789e19b6a474_3_4d9560c8b417c7d3.wav
eddd789e19b6a474,song/eddd789e19b6a474_3_006c1fde14233fe4.mp3,hum/eddd789e19b6a474_3_4ad03cd919d2ed20.wav
eddd789e19b6a474,song/eddd789e19b6a474_3_006c1fde14233fe4.mp3,hum/eddd789e19b6a474_3_14e1f595affe546b.wav
eddd789e19b6a474,song/eddd789e19b6a474_3_006c1fde14233fe4.mp3,hum/eddd789e19b6a474_3_be6891d28c0c779c.wav
eea4fd209b510c08,song/eea4fd209b510c08_1_66d87c2bdd15d087.mp3,hum/eea4fd209b510c08_1_31e59f180f5a190a.wav
eea4fd209b510c08,song/eea4fd209b510c08_1_66d87c2bdd15d087.mp3,hum/eea4fd209b510c08_1_bbe65437acdb2a73.wav
eea4fd209b510c08,song/eea4fd209b510c08_1_66d87c2bdd15d087.mp3,hum/eea4fd209b510c08_1_b71ae334fb667e2a.wav
eea4fd209b510c08,song/eea4fd209b510c08_1_66d87c2bdd15d087.mp3,hum/eea4fd209b510c08_1_604ad122a13459a2.wav
eea4fd209b510c08,song/eea4fd209b510c08_1_66d87c2bdd15d087.mp3,hum/eea4fd209b510c08_1_6d5bfc3c2c2f609c.wav
eea4fd209b510c08,song/eea4fd209b510c08_1_66d87c2bdd15d087.mp3,hum/eea4fd209b510c08_1_f5040a0052281537.wav
eea4fd209b510c08,song/eea4fd209b510c08_1_66d87c2bdd15d087.mp3,hum/eea4fd209b510c08_1_89286e62164269a5.wav
eea4fd209b510c08,song/eea4fd209b510c08_1_66d87c2bdd15d087.mp3,hum/eea4fd209b510c08_1_32029144a584595f.wav
eea4fd209b510c08,song/eea4fd209b510c08_1_66d87c2bdd15d087.mp3,hum/eea4fd209b510c08_1_6131cc209ad7f995.wav
eea4fd209b510c08,song/eea4fd209b510c08_1_66d87c2bdd15d087.mp3,hum/eea4fd209b510c08_1_1374bc1703a85091.wav
eea4fd209b510c08,song/eea4fd209b510c08_1_66d87c2bdd15d087.mp3,hum/eea4fd209b510c08_1_ea3743e5cac981a7.wav
eea4fd209b510c08,song/eea4fd209b510c08_1_66d87c2bdd15d087.mp3,hum/eea4fd209b510c08_1_e4f868363b86665d.wav
eea4fd209b510c08,song/eea4fd209b510c08_1_66d87c2bdd15d087.mp3,hum/eea4fd209b510c08_1_88be11e2411710ca.wav
eea4fd209b510c08,song/eea4fd209b510c08_2_9f32461472cee69c.mp3,hum/eea4fd209b510c08_2_532fda55982eefbf.wav
eea4fd209b510c08,song/eea4fd209b510c08_2_9f32461472cee69c.mp3,hum/eea4fd209b510c08_2_ae4c56ea80005553.wav
eea4fd209b510c08,song/eea4fd209b510c08_2_9f32461472cee69c.mp3,hum/eea4fd209b510c08_2_ab5901a0a3b958e0.wav
eea4fd209b510c08,song/eea4fd209b510c08_2_9f32461472cee69c.mp3,hum/eea4fd209b510c08_2_d841d8183366b1d9.wav
eea4fd209b510c08,song/eea4fd209b510c08_2_9f32461472cee69c.mp3,hum/eea4fd209b510c08_2_8f7059bb47ae218f.wav
eea4fd209b510c08,song/eea4fd209b510c08_2_9f32461472cee69c.mp3,hum/eea4fd209b510c08_2_a6bcea848730af40.wav
eea4fd209b510c08,song/eea4fd209b510c08_2_9f32461472cee69c.mp3,hum/eea4fd209b510c08_2_0203aef34b86a68c.wav
eea4fd209b510c08,song/eea4fd209b510c08_2_9f32461472cee69c.mp3,hum/eea4fd209b510c08_2_7b70078094ab7df5.wav
eea4fd209b510c08,song/eea4fd209b510c08_2_9f32461472cee69c.mp3,hum/eea4fd209b510c08_2_552101f438204b52.wav
eef38590f574c4b5,song/eef38590f574c4b5_1_25b2303f92882a1a.mp3,hum/eef38590f574c4b5_1_add4e629f1b93620.wav
eef38590f574c4b5,song/eef38590f574c4b5_1_25b2303f92882a1a.mp3,hum/eef38590f574c4b5_1_755d14d332d848f7.wav
eef38590f574c4b5,song/eef38590f574c4b5_1_25b2303f92882a1a.mp3,hum/eef38590f574c4b5_1_99b45922251e3aa4.wav
eef38590f574c4b5,song/eef38590f574c4b5_1_25b2303f92882a1a.mp3,hum/eef38590f574c4b5_1_b0ab2d6710f56061.wav
efb637cec0b1d7ab,song/efb637cec0b1d7ab_1_aef9e39f57285191.mp3,hum/efb637cec0b1d7ab_1_d945b1ea558772f3.wav
efb637cec0b1d7ab,song/efb637cec0b1d7ab_1_aef9e39f57285191.mp3,hum/efb637cec0b1d7ab_1_06215a183e616f45.wav
efb637cec0b1d7ab,song/efb637cec0b1d7ab_1_aef9e39f57285191.mp3,hum/efb637cec0b1d7ab_1_de1090d9df86f5ad.wav
efb637cec0b1d7ab,song/efb637cec0b1d7ab_1_aef9e39f57285191.mp3,hum/efb637cec0b1d7ab_1_440d3507ae6d5d50.wav
efb637cec0b1d7ab,song/efb637cec0b1d7ab_1_aef9e39f57285191.mp3,hum/efb637cec0b1d7ab_1_5848427810b0c292.wav
efb637cec0b1d7ab,song/efb637cec0b1d7ab_1_aef9e39f57285191.mp3,hum/efb637cec0b1d7ab_1_1c462ab441538c25.wav
efb637cec0b1d7ab,song/efb637cec0b1d7ab_1_aef9e39f57285191.mp3,hum/efb637cec0b1d7ab_1_4cfc91a99658d17a.wav
f1608ba400be14a3,song/f1608ba400be14a3_1_9a3463c67b8e1a3c.mp3,hum/f1608ba400be14a3_1_f9c0500e8d9cb9ad.wav
f1608ba400be14a3,song/f1608ba400be14a3_1_9a3463c67b8e1a3c.mp3,hum/f1608ba400be14a3_1_c6e53fcecfd7431e.wav
f1608ba400be14a3,song/f1608ba400be14a3_1_9a3463c67b8e1a3c.mp3,hum/f1608ba400be14a3_1_fa9f4f47fd21945a.wav
f1608ba400be14a3,song/f1608ba400be14a3_1_9a3463c67b8e1a3c.mp3,hum/f1608ba400be14a3_1_0f84a315dae22318.wav
f1608ba400be14a3,song/f1608ba400be14a3_1_9a3463c67b8e1a3c.mp3,hum/f1608ba400be14a3_1_b19b517dd32248ae.wav
f1608ba400be14a3,song/f1608ba400be14a3_2_702f5fa8d92cb23d.mp3,hum/f1608ba400be14a3_2_9d9cb9f26adb4489.wav
f1608ba400be14a3,song/f1608ba400be14a3_2_702f5fa8d92cb23d.mp3,hum/f1608ba400be14a3_2_12b2abe3f497b2e8.wav
f1608ba400be14a3,song/f1608ba400be14a3_2_702f5fa8d92cb23d.mp3,hum/f1608ba400be14a3_2_302a73d02b75d828.wav
f1608ba400be14a3,song/f1608ba400be14a3_2_702f5fa8d92cb23d.mp3,hum/f1608ba400be14a3_2_60bde245fd5421b2.wav
f1608ba400be14a3,song/f1608ba400be14a3_2_702f5fa8d92cb23d.mp3,hum/f1608ba400be14a3_2_cf057cde6bc11542.wav
f1608ba400be14a3,song/f1608ba400be14a3_3_9c7e41505d691a17.mp3,hum/f1608ba400be14a3_3_f5123a6473aa8ba1.wav
f1608ba400be14a3,song/f1608ba400be14a3_3_9c7e41505d691a17.mp3,hum/f1608ba400be14a3_3_94f503d8cb269375.wav
f1608ba400be14a3,song/f1608ba400be14a3_3_9c7e41505d691a17.mp3,hum/f1608ba400be14a3_3_e582221d99610905.wav
f1608ba400be14a3,song/f1608ba400be14a3_3_9c7e41505d691a17.mp3,hum/f1608ba400be14a3_3_1aa49f4a5d4060ff.wav
f1608ba400be14a3,song/f1608ba400be14a3_3_9c7e41505d691a17.mp3,hum/f1608ba400be14a3_3_449cf027b46f6018.wav
f1608ba400be14a3,song/f1608ba400be14a3_3_9c7e41505d691a17.mp3,hum/f1608ba400be14a3_3_4aac8eed0af26e12.wav
f2e980fb45ed0abb,song/f2e980fb45ed0abb_1_1b5d32bfb0d49ed5.mp3,hum/f2e980fb45ed0abb_1_462b38e882e8cd78.wav
f2e980fb45ed0abb,song/f2e980fb45ed0abb_1_1b5d32bfb0d49ed5.mp3,hum/f2e980fb45ed0abb_1_b58c10a0b8cbbdac.wav
f2e980fb45ed0abb,song/f2e980fb45ed0abb_1_1b5d32bfb0d49ed5.mp3,hum/f2e980fb45ed0abb_1_84819d82da591aeb.wav
f2e980fb45ed0abb,song/f2e980fb45ed0abb_1_1b5d32bfb0d49ed5.mp3,hum/f2e980fb45ed0abb_1_606bacde410ba841.wav
f2e980fb45ed0abb,song/f2e980fb45ed0abb_1_1b5d32bfb0d49ed5.mp3,hum/f2e980fb45ed0abb_1_dbe9902d72fb658b.wav
f2e980fb45ed0abb,song/f2e980fb45ed0abb_1_1b5d32bfb0d49ed5.mp3,hum/f2e980fb45ed0abb_1_548e61c546a1c145.wav
f2e980fb45ed0abb,song/f2e980fb45ed0abb_2_74976ad4ba0c2c69.mp3,hum/f2e980fb45ed0abb_2_84510fe269a72f25.wav
f2e980fb45ed0abb,song/f2e980fb45ed0abb_2_74976ad4ba0c2c69.mp3,hum/f2e980fb45ed0abb_2_24cef03fbc2c441a.wav
f2e980fb45ed0abb,song/f2e980fb45ed0abb_2_74976ad4ba0c2c69.mp3,hum/f2e980fb45ed0abb_2_bf1afbf808793e56.wav
f2e980fb45ed0abb,song/f2e980fb45ed0abb_2_74976ad4ba0c2c69.mp3,hum/f2e980fb45ed0abb_2_f933a951d7c88e8b.wav
f2e980fb45ed0abb,song/f2e980fb45ed0abb_2_74976ad4ba0c2c69.mp3,hum/f2e980fb45ed0abb_2_1888340a8f71cf0f.wav
f2e980fb45ed0abb,song/f2e980fb45ed0abb_2_74976ad4ba0c2c69.mp3,hum/f2e980fb45ed0abb_2_9362f095618008d3.wav
f2e980fb45ed0abb,song/f2e980fb45ed0abb_3_6e2e0c03ed2d641e.mp3,hum/f2e980fb45ed0abb_3_d47c06f81102fa37.wav
f2e980fb45ed0abb,song/f2e980fb45ed0abb_3_6e2e0c03ed2d641e.mp3,hum/f2e980fb45ed0abb_3_d63e8141f09a5c59.wav
f2e980fb45ed0abb,song/f2e980fb45ed0abb_3_6e2e0c03ed2d641e.mp3,hum/f2e980fb45ed0abb_3_ad83e551b042fb18.wav
f2e980fb45ed0abb,song/f2e980fb45ed0abb_3_6e2e0c03ed2d641e.mp3,hum/f2e980fb45ed0abb_3_ab627b5401fbb978.wav
f2e980fb45ed0abb,song/f2e980fb45ed0abb_3_6e2e0c03ed2d641e.mp3,hum/f2e980fb45ed0abb_3_f1b28420dbaf9c11.wav
f2e980fb45ed0abb,song/f2e980fb45ed0abb_3_6e2e0c03ed2d641e.mp3,hum/f2e980fb45ed0abb_3_7b684c8a5168fa2f.wav
f2e980fb45ed0abb,song/f2e980fb45ed0abb_4_06b59b0df029eecf.mp3,hum/f2e980fb45ed0abb_4_489d7066c2d01771.wav
f2e980fb45ed0abb,song/f2e980fb45ed0abb_4_06b59b0df029eecf.mp3,hum/f2e980fb45ed0abb_4_58b3268e74c9a7b2.wav
f2e980fb45ed0abb,song/f2e980fb45ed0abb_4_06b59b0df029eecf.mp3,hum/f2e980fb45ed0abb_4_da80f9f631c4c5f6.wav
f2e980fb45ed0abb,song/f2e980fb45ed0abb_4_06b59b0df029eecf.mp3,hum/f2e980fb45ed0abb_4_7848ece07d0daad5.wav
f2e980fb45ed0abb,song/f2e980fb45ed0abb_4_06b59b0df029eecf.mp3,hum/f2e980fb45ed0abb_4_5976d9f8d1dde5f3.wav
f2e980fb45ed0abb,song/f2e980fb45ed0abb_4_06b59b0df029eecf.mp3,hum/f2e980fb45ed0abb_4_032c4b640fad6d1e.wav
f313f212741c04dd,song/f313f212741c04dd_1_469889dd3a14d70b.mp3,hum/f313f212741c04dd_1_40565950eec9cc54.wav
f313f212741c04dd,song/f313f212741c04dd_1_469889dd3a14d70b.mp3,hum/f313f212741c04dd_1_266cc002b67cab51.wav
f313f212741c04dd,song/f313f212741c04dd_1_469889dd3a14d70b.mp3,hum/f313f212741c04dd_1_c9d2b81bd819a976.wav
f313f212741c04dd,song/f313f212741c04dd_1_469889dd3a14d70b.mp3,hum/f313f212741c04dd_1_5c438d96c52b1b61.wav
f313f212741c04dd,song/f313f212741c04dd_2_eae9fc0d14d9f11b.mp3,hum/f313f212741c04dd_2_bd103ef2079ea5d3.wav
f313f212741c04dd,song/f313f212741c04dd_2_eae9fc0d14d9f11b.mp3,hum/f313f212741c04dd_2_8fda3187c0e01015.wav
f313f212741c04dd,song/f313f212741c04dd_2_eae9fc0d14d9f11b.mp3,hum/f313f212741c04dd_2_d47dcfafe78ac6f6.wav
f313f212741c04dd,song/f313f212741c04dd_2_eae9fc0d14d9f11b.mp3,hum/f313f212741c04dd_2_9d5f7ca0d0b2d647.wav
f34bf157795ab71c,song/f34bf157795ab71c_1_fb5c253cb5fbc07d.mp3,hum/f34bf157795ab71c_1_91b43039357e0121.wav
f34bf157795ab71c,song/f34bf157795ab71c_1_fb5c253cb5fbc07d.mp3,hum/f34bf157795ab71c_1_6490d97f52da0faf.wav
f34bf157795ab71c,song/f34bf157795ab71c_1_fb5c253cb5fbc07d.mp3,hum/f34bf157795ab71c_1_6856d4e3e0800f1e.wav
f34bf157795ab71c,song/f34bf157795ab71c_1_fb5c253cb5fbc07d.mp3,hum/f34bf157795ab71c_1_4f7acd1fa804440c.wav
f34bf157795ab71c,song/f34bf157795ab71c_1_fb5c253cb5fbc07d.mp3,hum/f34bf157795ab71c_1_cd510892f9ae800f.wav
f34bf157795ab71c,song/f34bf157795ab71c_2_e33a5c4b0ce387dc.mp3,hum/f34bf157795ab71c_2_e4ce4193f783b9d1.wav
f34bf157795ab71c,song/f34bf157795ab71c_2_e33a5c4b0ce387dc.mp3,hum/f34bf157795ab71c_2_bf1b66e2b851648b.wav
f34bf157795ab71c,song/f34bf157795ab71c_2_e33a5c4b0ce387dc.mp3,hum/f34bf157795ab71c_2_7618ac663d21f061.wav
f34bf157795ab71c,song/f34bf157795ab71c_2_e33a5c4b0ce387dc.mp3,hum/f34bf157795ab71c_2_68281a8ccadecc22.wav
f34bf157795ab71c,song/f34bf157795ab71c_2_e33a5c4b0ce387dc.mp3,hum/f34bf157795ab71c_2_1b0ad0da3f57e32e.wav
f36c6583ae9fb219,song/f36c6583ae9fb219_1_96b8769719e7476e.mp3,hum/f36c6583ae9fb219_1_552528f3cae5fd9e.wav
f36c6583ae9fb219,song/f36c6583ae9fb219_1_96b8769719e7476e.mp3,hum/f36c6583ae9fb219_1_01a5a9acf2089783.wav
f36c6583ae9fb219,song/f36c6583ae9fb219_1_96b8769719e7476e.mp3,hum/f36c6583ae9fb219_1_0d006553ee03000f.wav
f36c6583ae9fb219,song/f36c6583ae9fb219_1_96b8769719e7476e.mp3,hum/f36c6583ae9fb219_1_ff3748e88189edb3.wav
f36c6583ae9fb219,song/f36c6583ae9fb219_1_96b8769719e7476e.mp3,hum/f36c6583ae9fb219_1_873707a8040adf8f.wav
f476a9e91ea5d280,song/f476a9e91ea5d280_1_5b281443f773500b.mp3,hum/f476a9e91ea5d280_1_3051fa5627179162.wav
f476a9e91ea5d280,song/f476a9e91ea5d280_1_5b281443f773500b.mp3,hum/f476a9e91ea5d280_1_a2679cbd92af59de.wav
f476a9e91ea5d280,song/f476a9e91ea5d280_1_5b281443f773500b.mp3,hum/f476a9e91ea5d280_1_4958d574b3b2141c.wav
f476a9e91ea5d280,song/f476a9e91ea5d280_1_5b281443f773500b.mp3,hum/f476a9e91ea5d280_1_5928fbbc82ea5608.wav
f476a9e91ea5d280,song/f476a9e91ea5d280_1_5b281443f773500b.mp3,hum/f476a9e91ea5d280_1_3f0431bafc05e99c.wav
f476a9e91ea5d280,song/f476a9e91ea5d280_1_5b281443f773500b.mp3,hum/f476a9e91ea5d280_1_96fcf59f5f6188fe.wav
f476a9e91ea5d280,song/f476a9e91ea5d280_1_5b281443f773500b.mp3,hum/f476a9e91ea5d280_1_4e3fed4964ee6707.wav
f476a9e91ea5d280,song/f476a9e91ea5d280_1_5b281443f773500b.mp3,hum/f476a9e91ea5d280_1_04dfc47f7eea926b.wav
f476a9e91ea5d280,song/f476a9e91ea5d280_1_5b281443f773500b.mp3,hum/f476a9e91ea5d280_1_4a58f83f92e37fdb.wav
f476a9e91ea5d280,song/f476a9e91ea5d280_1_5b281443f773500b.mp3,hum/f476a9e91ea5d280_1_0c9326f0bb525286.wav
f476a9e91ea5d280,song/f476a9e91ea5d280_1_5b281443f773500b.mp3,hum/f476a9e91ea5d280_1_6cb0bb3eac2bb6bc.wav
f476a9e91ea5d280,song/f476a9e91ea5d280_1_5b281443f773500b.mp3,hum/f476a9e91ea5d280_1_aeb304284f35a00f.wav
f476a9e91ea5d280,song/f476a9e91ea5d280_1_5b281443f773500b.mp3,hum/f476a9e91ea5d280_1_a767a7aaf3dde226.wav
f476a9e91ea5d280,song/f476a9e91ea5d280_1_5b281443f773500b.mp3,hum/f476a9e91ea5d280_1_bfd07d3381410442.wav
f476a9e91ea5d280,song/f476a9e91ea5d280_1_5b281443f773500b.mp3,hum/f476a9e91ea5d280_1_6d42470886aba2a3.wav
f476a9e91ea5d280,song/f476a9e91ea5d280_1_5b281443f773500b.mp3,hum/f476a9e91ea5d280_1_f6d146bcd5fd4762.wav
f476a9e91ea5d280,song/f476a9e91ea5d280_1_5b281443f773500b.mp3,hum/f476a9e91ea5d280_1_3b395a31d42eefac.wav
f476a9e91ea5d280,song/f476a9e91ea5d280_2_0e9963c59e96a108.mp3,hum/f476a9e91ea5d280_2_19921c82ca856188.wav
f476a9e91ea5d280,song/f476a9e91ea5d280_2_0e9963c59e96a108.mp3,hum/f476a9e91ea5d280_2_d300e06bb51f3294.wav
f476a9e91ea5d280,song/f476a9e91ea5d280_2_0e9963c59e96a108.mp3,hum/f476a9e91ea5d280_2_7356865d1b0c8e43.wav
f476a9e91ea5d280,song/f476a9e91ea5d280_2_0e9963c59e96a108.mp3,hum/f476a9e91ea5d280_2_bca496fcfc87e30d.wav
f476a9e91ea5d280,song/f476a9e91ea5d280_2_0e9963c59e96a108.mp3,hum/f476a9e91ea5d280_2_9ae95ed65719225f.wav
f476a9e91ea5d280,song/f476a9e91ea5d280_2_0e9963c59e96a108.mp3,hum/f476a9e91ea5d280_2_4024365f10241258.wav
f476a9e91ea5d280,song/f476a9e91ea5d280_2_0e9963c59e96a108.mp3,hum/f476a9e91ea5d280_2_5c6153494f104187.wav
f476a9e91ea5d280,song/f476a9e91ea5d280_2_0e9963c59e96a108.mp3,hum/f476a9e91ea5d280_2_f279f6b50605cb00.wav
f476a9e91ea5d280,song/f476a9e91ea5d280_2_0e9963c59e96a108.mp3,hum/f476a9e91ea5d280_2_a9425bca41c23942.wav
f476a9e91ea5d280,song/f476a9e91ea5d280_2_0e9963c59e96a108.mp3,hum/f476a9e91ea5d280_2_38ddaba91285ed70.wav
f476a9e91ea5d280,song/f476a9e91ea5d280_2_0e9963c59e96a108.mp3,hum/f476a9e91ea5d280_2_2b3c06d94ee622fb.wav
f476a9e91ea5d280,song/f476a9e91ea5d280_2_0e9963c59e96a108.mp3,hum/f476a9e91ea5d280_2_cb80c2b70a02ca3d.wav
f476a9e91ea5d280,song/f476a9e91ea5d280_2_0e9963c59e96a108.mp3,hum/f476a9e91ea5d280_2_5738c6e93f7ca23c.wav
f476a9e91ea5d280,song/f476a9e91ea5d280_2_0e9963c59e96a108.mp3,hum/f476a9e91ea5d280_2_a7f78364ab25e22d.wav
f476a9e91ea5d280,song/f476a9e91ea5d280_2_0e9963c59e96a108.mp3,hum/f476a9e91ea5d280_2_813597a9d238f98c.wav
f476a9e91ea5d280,song/f476a9e91ea5d280_2_0e9963c59e96a108.mp3,hum/f476a9e91ea5d280_2_1f3cd5a1a169a9c7.wav
f482c164208df979,song/f482c164208df979_1_e69672ec32a13ef3.mp3,hum/f482c164208df979_1_e9eab000015542d6.wav
f482c164208df979,song/f482c164208df979_1_e69672ec32a13ef3.mp3,hum/f482c164208df979_1_665cb6b8a4f2ab9d.wav
f482c164208df979,song/f482c164208df979_1_e69672ec32a13ef3.mp3,hum/f482c164208df979_1_2b28999d15a773f5.wav
f482c164208df979,song/f482c164208df979_1_e69672ec32a13ef3.mp3,hum/f482c164208df979_1_e512709f8f7d641d.wav
f482c164208df979,song/f482c164208df979_1_e69672ec32a13ef3.mp3,hum/f482c164208df979_1_441683a95eabcf97.wav
f482c164208df979,song/f482c164208df979_1_e69672ec32a13ef3.mp3,hum/f482c164208df979_1_0986a2ca1271514a.wav
f482c164208df979,song/f482c164208df979_1_e69672ec32a13ef3.mp3,hum/f482c164208df979_1_ea35b6a62f657602.wav
f482c164208df979,song/f482c164208df979_1_e69672ec32a13ef3.mp3,hum/f482c164208df979_1_ee9a19957cf5a14b.wav
f482c164208df979,song/f482c164208df979_1_e69672ec32a13ef3.mp3,hum/f482c164208df979_1_f7a13ed4f35ad940.wav
f482c164208df979,song/f482c164208df979_1_e69672ec32a13ef3.mp3,hum/f482c164208df979_1_36a0a3e1ddece505.wav
f482c164208df979,song/f482c164208df979_1_e69672ec32a13ef3.mp3,hum/f482c164208df979_1_9949a3978d937e0a.wav
f482c164208df979,song/f482c164208df979_1_e69672ec32a13ef3.mp3,hum/f482c164208df979_1_7e6c8643de687d5e.wav
f482c164208df979,song/f482c164208df979_1_e69672ec32a13ef3.mp3,hum/f482c164208df979_1_7e010b988ac37c3d.wav
f482c164208df979,song/f482c164208df979_1_e69672ec32a13ef3.mp3,hum/f482c164208df979_1_f503326a993bd501.wav
f482c164208df979,song/f482c164208df979_1_e69672ec32a13ef3.mp3,hum/f482c164208df979_1_591153cb9e22e7e4.wav
f482c164208df979,song/f482c164208df979_1_e69672ec32a13ef3.mp3,hum/f482c164208df979_1_4a706d1e74e42432.wav
f482c164208df979,song/f482c164208df979_1_e69672ec32a13ef3.mp3,hum/f482c164208df979_1_6f69356e7eb4702f.wav
f482c164208df979,song/f482c164208df979_1_e69672ec32a13ef3.mp3,hum/f482c164208df979_1_6eb912f2010a8ab4.wav
f482c164208df979,song/f482c164208df979_1_e69672ec32a13ef3.mp3,hum/f482c164208df979_1_9e20e5f1b3a5b721.wav
f482c164208df979,song/f482c164208df979_2_ca71d0f53124ca77.mp3,hum/f482c164208df979_2_cae710687d51af15.wav
f482c164208df979,song/f482c164208df979_2_ca71d0f53124ca77.mp3,hum/f482c164208df979_2_4b9c406fc2b0b95b.wav
f482c164208df979,song/f482c164208df979_2_ca71d0f53124ca77.mp3,hum/f482c164208df979_2_904790216d621efa.wav
f482c164208df979,song/f482c164208df979_2_ca71d0f53124ca77.mp3,hum/f482c164208df979_2_c0705c1df55dfc09.wav
f482c164208df979,song/f482c164208df979_3_9d2088841855127b.mp3,hum/f482c164208df979_3_5c6d2dcc3e5a9e63.wav
f482c164208df979,song/f482c164208df979_3_9d2088841855127b.mp3,hum/f482c164208df979_3_7b330c8223a38aaa.wav
f482c164208df979,song/f482c164208df979_3_9d2088841855127b.mp3,hum/f482c164208df979_3_41fce877368bf550.wav
f482c164208df979,song/f482c164208df979_3_9d2088841855127b.mp3,hum/f482c164208df979_3_8f06ca238d058eb3.wav
f482c164208df979,song/f482c164208df979_3_9d2088841855127b.mp3,hum/f482c164208df979_3_11cee085f476c304.wav
f482c164208df979,song/f482c164208df979_4_768a5325f2d9c7d5.mp3,hum/f482c164208df979_4_acab2d83050e5fa3.wav
f482c164208df979,song/f482c164208df979_4_768a5325f2d9c7d5.mp3,hum/f482c164208df979_4_4a0266b3c1dc64e2.wav
f482c164208df979,song/f482c164208df979_4_768a5325f2d9c7d5.mp3,hum/f482c164208df979_4_7a547daa4335f576.wav
f482c164208df979,song/f482c164208df979_4_768a5325f2d9c7d5.mp3,hum/f482c164208df979_4_8aceb937081aa2b7.wav
f482c164208df979,song/f482c164208df979_4_768a5325f2d9c7d5.mp3,hum/f482c164208df979_4_bf40a7f13149704a.wav
f4a41129183ce1ee,song/f4a41129183ce1ee_1_9510b555cae2a397.mp3,hum/f4a41129183ce1ee_1_3b3897dc46775b31.wav
f4a41129183ce1ee,song/f4a41129183ce1ee_1_9510b555cae2a397.mp3,hum/f4a41129183ce1ee_1_d714b70decd44399.wav
f4a41129183ce1ee,song/f4a41129183ce1ee_1_9510b555cae2a397.mp3,hum/f4a41129183ce1ee_1_1aedafceb3f7dbfc.wav
f4a41129183ce1ee,song/f4a41129183ce1ee_1_9510b555cae2a397.mp3,hum/f4a41129183ce1ee_1_b2e6412208cb774f.wav
f4a41129183ce1ee,song/f4a41129183ce1ee_1_9510b555cae2a397.mp3,hum/f4a41129183ce1ee_1_0fe363dcee9c6b6b.wav
f4a41129183ce1ee,song/f4a41129183ce1ee_2_26a776ef4b6e5fe0.mp3,hum/f4a41129183ce1ee_2_15a30a5e45ceef4f.wav
f4a41129183ce1ee,song/f4a41129183ce1ee_2_26a776ef4b6e5fe0.mp3,hum/f4a41129183ce1ee_2_514fc49467614fc0.wav
f4a41129183ce1ee,song/f4a41129183ce1ee_2_26a776ef4b6e5fe0.mp3,hum/f4a41129183ce1ee_2_cac39c06df0d0126.wav
f4a41129183ce1ee,song/f4a41129183ce1ee_2_26a776ef4b6e5fe0.mp3,hum/f4a41129183ce1ee_2_5e53be6b57bc959b.wav
f4a41129183ce1ee,song/f4a41129183ce1ee_2_26a776ef4b6e5fe0.mp3,hum/f4a41129183ce1ee_2_ba24698ff98bee96.wav
f4f6e6d1f2f53cc7,song/f4f6e6d1f2f53cc7_1_bd8e737081b05a11.mp3,hum/f4f6e6d1f2f53cc7_1_2de6bcf2785cf0a2.wav
f4f6e6d1f2f53cc7,song/f4f6e6d1f2f53cc7_1_bd8e737081b05a11.mp3,hum/f4f6e6d1f2f53cc7_1_486d399ea4baa793.wav
f4f6e6d1f2f53cc7,song/f4f6e6d1f2f53cc7_1_bd8e737081b05a11.mp3,hum/f4f6e6d1f2f53cc7_1_ecd4bd9c2410324b.wav
f4f6e6d1f2f53cc7,song/f4f6e6d1f2f53cc7_1_bd8e737081b05a11.mp3,hum/f4f6e6d1f2f53cc7_1_72d46b984a252269.wav
f4f6e6d1f2f53cc7,song/f4f6e6d1f2f53cc7_1_bd8e737081b05a11.mp3,hum/f4f6e6d1f2f53cc7_1_526e4dff3fe09355.wav
f4f6e6d1f2f53cc7,song/f4f6e6d1f2f53cc7_2_fc96d5dd857cc7f7.mp3,hum/f4f6e6d1f2f53cc7_2_8213f91ba3606a47.wav
f4f6e6d1f2f53cc7,song/f4f6e6d1f2f53cc7_2_fc96d5dd857cc7f7.mp3,hum/f4f6e6d1f2f53cc7_2_9b0d335389b6da69.wav
f4f6e6d1f2f53cc7,song/f4f6e6d1f2f53cc7_2_fc96d5dd857cc7f7.mp3,hum/f4f6e6d1f2f53cc7_2_b7267dde68671c3b.wav
f4f6e6d1f2f53cc7,song/f4f6e6d1f2f53cc7_2_fc96d5dd857cc7f7.mp3,hum/f4f6e6d1f2f53cc7_2_8eb6914f72540dc1.wav
f4f6e6d1f2f53cc7,song/f4f6e6d1f2f53cc7_2_fc96d5dd857cc7f7.mp3,hum/f4f6e6d1f2f53cc7_2_c3ce45ae42591c66.wav
f56170a2936a5c8c,song/f56170a2936a5c8c_1_628e3c1308d7c811.mp3,hum/f56170a2936a5c8c_1_ceee3e60944e409d.wav
f56170a2936a5c8c,song/f56170a2936a5c8c_1_628e3c1308d7c811.mp3,hum/f56170a2936a5c8c_1_671473bd2844488d.wav
f56170a2936a5c8c,song/f56170a2936a5c8c_1_628e3c1308d7c811.mp3,hum/f56170a2936a5c8c_1_49bf9ea79a532dce.wav
f56170a2936a5c8c,song/f56170a2936a5c8c_1_628e3c1308d7c811.mp3,hum/f56170a2936a5c8c_1_23f9118143b1e5c9.wav
f56170a2936a5c8c,song/f56170a2936a5c8c_1_628e3c1308d7c811.mp3,hum/f56170a2936a5c8c_1_732286c3a1c86692.wav
f56170a2936a5c8c,song/f56170a2936a5c8c_1_628e3c1308d7c811.mp3,hum/f56170a2936a5c8c_1_7d22494a7185761f.wav
f56170a2936a5c8c,song/f56170a2936a5c8c_1_628e3c1308d7c811.mp3,hum/f56170a2936a5c8c_1_73e03491bddbd517.wav
f56170a2936a5c8c,song/f56170a2936a5c8c_1_628e3c1308d7c811.mp3,hum/f56170a2936a5c8c_1_f9157fc1f5dca418.wav
f56170a2936a5c8c,song/f56170a2936a5c8c_1_628e3c1308d7c811.mp3,hum/f56170a2936a5c8c_1_1f456b10d7b8054d.wav
f56170a2936a5c8c,song/f56170a2936a5c8c_1_628e3c1308d7c811.mp3,hum/f56170a2936a5c8c_1_9d2ed801b6645108.wav
f56170a2936a5c8c,song/f56170a2936a5c8c_1_628e3c1308d7c811.mp3,hum/f56170a2936a5c8c_1_8cec5171b895f740.wav
f56170a2936a5c8c,song/f56170a2936a5c8c_1_628e3c1308d7c811.mp3,hum/f56170a2936a5c8c_1_e2b53c41810b6453.wav
f56170a2936a5c8c,song/f56170a2936a5c8c_2_0734ed845d78fd72.mp3,hum/f56170a2936a5c8c_2_c75c4ae7d7452065.wav
f56170a2936a5c8c,song/f56170a2936a5c8c_2_0734ed845d78fd72.mp3,hum/f56170a2936a5c8c_2_d69696eee53e20f0.wav
f56170a2936a5c8c,song/f56170a2936a5c8c_2_0734ed845d78fd72.mp3,hum/f56170a2936a5c8c_2_5b9f9207f5c79a95.wav
f56170a2936a5c8c,song/f56170a2936a5c8c_2_0734ed845d78fd72.mp3,hum/f56170a2936a5c8c_2_75e98a99d86909bf.wav
f56170a2936a5c8c,song/f56170a2936a5c8c_2_0734ed845d78fd72.mp3,hum/f56170a2936a5c8c_2_68d5ed1688c7f1c9.wav
f56170a2936a5c8c,song/f56170a2936a5c8c_2_0734ed845d78fd72.mp3,hum/f56170a2936a5c8c_2_e5bec7f5474c82e5.wav
f56170a2936a5c8c,song/f56170a2936a5c8c_3_257f1bd87de2457c.mp3,hum/f56170a2936a5c8c_3_9ac43ad55e6bfd4e.wav
f56170a2936a5c8c,song/f56170a2936a5c8c_3_257f1bd87de2457c.mp3,hum/f56170a2936a5c8c_3_3f34209a16d41fd3.wav
f56170a2936a5c8c,song/f56170a2936a5c8c_3_257f1bd87de2457c.mp3,hum/f56170a2936a5c8c_3_f08338bff7b9dd14.wav
f56170a2936a5c8c,song/f56170a2936a5c8c_3_257f1bd87de2457c.mp3,hum/f56170a2936a5c8c_3_1194fe926c1cd0b3.wav
f56170a2936a5c8c,song/f56170a2936a5c8c_3_257f1bd87de2457c.mp3,hum/f56170a2936a5c8c_3_b73b4594210f0d76.wav
f56170a2936a5c8c,song/f56170a2936a5c8c_3_257f1bd87de2457c.mp3,hum/f56170a2936a5c8c_3_21ba3d633b91641f.wav
f56170a2936a5c8c,song/f56170a2936a5c8c_3_257f1bd87de2457c.mp3,hum/f56170a2936a5c8c_3_b87db44d557d15f2.wav
f56170a2936a5c8c,song/f56170a2936a5c8c_3_257f1bd87de2457c.mp3,hum/f56170a2936a5c8c_3_86c5347d1db8a572.wav
f56170a2936a5c8c,song/f56170a2936a5c8c_3_257f1bd87de2457c.mp3,hum/f56170a2936a5c8c_3_96f5852e8c81c133.wav
f56170a2936a5c8c,song/f56170a2936a5c8c_3_257f1bd87de2457c.mp3,hum/f56170a2936a5c8c_3_090d35ac065b145b.wav
f56170a2936a5c8c,song/f56170a2936a5c8c_4_7fc2671b7d73a5bb.mp3,hum/f56170a2936a5c8c_4_de3d595c29006855.wav
f56170a2936a5c8c,song/f56170a2936a5c8c_4_7fc2671b7d73a5bb.mp3,hum/f56170a2936a5c8c_4_bb92943c7a75b57a.wav
f56170a2936a5c8c,song/f56170a2936a5c8c_4_7fc2671b7d73a5bb.mp3,hum/f56170a2936a5c8c_4_7bdaae29a37e4a75.wav
f56170a2936a5c8c,song/f56170a2936a5c8c_4_7fc2671b7d73a5bb.mp3,hum/f56170a2936a5c8c_4_322aea6685e5edc6.wav
f56170a2936a5c8c,song/f56170a2936a5c8c_4_7fc2671b7d73a5bb.mp3,hum/f56170a2936a5c8c_4_7271b1a4a20ae33f.wav
f56170a2936a5c8c,song/f56170a2936a5c8c_4_7fc2671b7d73a5bb.mp3,hum/f56170a2936a5c8c_4_67750b3ee61a3929.wav
f687cb8efb0138dd,song/f687cb8efb0138dd_4_f65eefbb16bd17b2.mp3,hum/f687cb8efb0138dd_4_e50badbdbd9cb9ce.wav
f687cb8efb0138dd,song/f687cb8efb0138dd_4_f65eefbb16bd17b2.mp3,hum/f687cb8efb0138dd_4_6553f0166b5bdf98.wav
f687cb8efb0138dd,song/f687cb8efb0138dd_4_f65eefbb16bd17b2.mp3,hum/f687cb8efb0138dd_4_13ddc76a8898610b.wav
f687cb8efb0138dd,song/f687cb8efb0138dd_4_f65eefbb16bd17b2.mp3,hum/f687cb8efb0138dd_4_39b63a81f4baa179.wav
f687cb8efb0138dd,song/f687cb8efb0138dd_4_f65eefbb16bd17b2.mp3,hum/f687cb8efb0138dd_4_4e114aa08afd1527.wav
f687cb8efb0138dd,song/f687cb8efb0138dd_4_f65eefbb16bd17b2.mp3,hum/f687cb8efb0138dd_4_038dad11c8ce5cf7.wav
f687cb8efb0138dd,song/f687cb8efb0138dd_4_f65eefbb16bd17b2.mp3,hum/f687cb8efb0138dd_4_35cd2809e4ce905b.wav
f7a1e5bbb15a0c40,song/f7a1e5bbb15a0c40_1_e620416d9c8a5e3b.mp3,hum/f7a1e5bbb15a0c40_1_71189312437c33ff.wav
f7a1e5bbb15a0c40,song/f7a1e5bbb15a0c40_1_e620416d9c8a5e3b.mp3,hum/f7a1e5bbb15a0c40_1_581243f39dbec390.wav
f7a1e5bbb15a0c40,song/f7a1e5bbb15a0c40_1_e620416d9c8a5e3b.mp3,hum/f7a1e5bbb15a0c40_1_460c00eda0b092f3.wav
f7a1e5bbb15a0c40,song/f7a1e5bbb15a0c40_1_e620416d9c8a5e3b.mp3,hum/f7a1e5bbb15a0c40_1_e967946772e9a216.wav
f7a1e5bbb15a0c40,song/f7a1e5bbb15a0c40_1_e620416d9c8a5e3b.mp3,hum/f7a1e5bbb15a0c40_1_92ec8af7d204ef9c.wav
f7a1e5bbb15a0c40,song/f7a1e5bbb15a0c40_1_e620416d9c8a5e3b.mp3,hum/f7a1e5bbb15a0c40_1_5698c85e2d846cd2.wav
f7a1e5bbb15a0c40,song/f7a1e5bbb15a0c40_2_36ff71a7b9f1ce5a.mp3,hum/f7a1e5bbb15a0c40_2_596a7e50caf12d36.wav
f7a1e5bbb15a0c40,song/f7a1e5bbb15a0c40_2_36ff71a7b9f1ce5a.mp3,hum/f7a1e5bbb15a0c40_2_2e895f84f83219ef.wav
f7a1e5bbb15a0c40,song/f7a1e5bbb15a0c40_2_36ff71a7b9f1ce5a.mp3,hum/f7a1e5bbb15a0c40_2_7d741d50c053726c.wav
f7a1e5bbb15a0c40,song/f7a1e5bbb15a0c40_2_36ff71a7b9f1ce5a.mp3,hum/f7a1e5bbb15a0c40_2_9e9827ad76c72727.wav
f7a1e5bbb15a0c40,song/f7a1e5bbb15a0c40_2_36ff71a7b9f1ce5a.mp3,hum/f7a1e5bbb15a0c40_2_171149d119f0ef61.wav
f7a1e5bbb15a0c40,song/f7a1e5bbb15a0c40_2_36ff71a7b9f1ce5a.mp3,hum/f7a1e5bbb15a0c40_2_ccdaaa761cf36c6d.wav
f7a1e5bbb15a0c40,song/f7a1e5bbb15a0c40_3_4379ccba30373257.mp3,hum/f7a1e5bbb15a0c40_3_21120f011f698f88.wav
f7a1e5bbb15a0c40,song/f7a1e5bbb15a0c40_3_4379ccba30373257.mp3,hum/f7a1e5bbb15a0c40_3_6a49951f08c5cccb.wav
f7a1e5bbb15a0c40,song/f7a1e5bbb15a0c40_3_4379ccba30373257.mp3,hum/f7a1e5bbb15a0c40_3_b673f9d7a6c56475.wav
f7a1e5bbb15a0c40,song/f7a1e5bbb15a0c40_3_4379ccba30373257.mp3,hum/f7a1e5bbb15a0c40_3_e32d55fb0491b1eb.wav
f7a1e5bbb15a0c40,song/f7a1e5bbb15a0c40_3_4379ccba30373257.mp3,hum/f7a1e5bbb15a0c40_3_daca3a00b1c54de0.wav
f7a1e5bbb15a0c40,song/f7a1e5bbb15a0c40_3_4379ccba30373257.mp3,hum/f7a1e5bbb15a0c40_3_36aaec06d4c4f786.wav
f7a1e5bbb15a0c40,song/f7a1e5bbb15a0c40_4_75fca5f49d14a5fd.mp3,hum/f7a1e5bbb15a0c40_4_dbc110a07e41f7e0.wav
f7a1e5bbb15a0c40,song/f7a1e5bbb15a0c40_4_75fca5f49d14a5fd.mp3,hum/f7a1e5bbb15a0c40_4_a1d2054294a31096.wav
f7a1e5bbb15a0c40,song/f7a1e5bbb15a0c40_4_75fca5f49d14a5fd.mp3,hum/f7a1e5bbb15a0c40_4_494a5f1d3b8179de.wav
f7a1e5bbb15a0c40,song/f7a1e5bbb15a0c40_4_75fca5f49d14a5fd.mp3,hum/f7a1e5bbb15a0c40_4_272a42a97a5d0d55.wav
f7a1e5bbb15a0c40,song/f7a1e5bbb15a0c40_4_75fca5f49d14a5fd.mp3,hum/f7a1e5bbb15a0c40_4_21b4e9dfdf783108.wav
f7a1e5bbb15a0c40,song/f7a1e5bbb15a0c40_4_75fca5f49d14a5fd.mp3,hum/f7a1e5bbb15a0c40_4_94c7637181b4e255.wav
f8706f388a7150c1,song/f8706f388a7150c1_1_24eb03c58993e5e8.mp3,hum/f8706f388a7150c1_1_2f1065ecce0f29a6.wav
f8706f388a7150c1,song/f8706f388a7150c1_1_24eb03c58993e5e8.mp3,hum/f8706f388a7150c1_1_d7f4b748194763c4.wav
f8706f388a7150c1,song/f8706f388a7150c1_1_24eb03c58993e5e8.mp3,hum/f8706f388a7150c1_1_3df681f26f369658.wav
f8706f388a7150c1,song/f8706f388a7150c1_1_24eb03c58993e5e8.mp3,hum/f8706f388a7150c1_1_5860debb6f8f6baa.wav
f8706f388a7150c1,song/f8706f388a7150c1_1_24eb03c58993e5e8.mp3,hum/f8706f388a7150c1_1_64e735d2a5c11411.wav
f8706f388a7150c1,song/f8706f388a7150c1_1_24eb03c58993e5e8.mp3,hum/f8706f388a7150c1_1_6ca76018c9d1a808.wav
f8706f388a7150c1,song/f8706f388a7150c1_2_1dbd4071dfd3edcd.mp3,hum/f8706f388a7150c1_2_51d766482ee87b87.wav
f8706f388a7150c1,song/f8706f388a7150c1_2_1dbd4071dfd3edcd.mp3,hum/f8706f388a7150c1_2_cacc56ad788e7a59.wav
f8706f388a7150c1,song/f8706f388a7150c1_2_1dbd4071dfd3edcd.mp3,hum/f8706f388a7150c1_2_8be2ff03b36a8671.wav
f8706f388a7150c1,song/f8706f388a7150c1_2_1dbd4071dfd3edcd.mp3,hum/f8706f388a7150c1_2_5c296a141610a159.wav
f8706f388a7150c1,song/f8706f388a7150c1_2_1dbd4071dfd3edcd.mp3,hum/f8706f388a7150c1_2_1342158fc2e61e86.wav
f8706f388a7150c1,song/f8706f388a7150c1_2_1dbd4071dfd3edcd.mp3,hum/f8706f388a7150c1_2_4bb5e9f66e9a240c.wav
f878a33ff428288d,song/f878a33ff428288d_1_f84c9f93ac7511ae.mp3,hum/f878a33ff428288d_1_1f99f2c2d1d3824e.wav
f878a33ff428288d,song/f878a33ff428288d_1_f84c9f93ac7511ae.mp3,hum/f878a33ff428288d_1_b8a10c047e403ff4.wav
f878a33ff428288d,song/f878a33ff428288d_1_f84c9f93ac7511ae.mp3,hum/f878a33ff428288d_1_e3608bf04ddaf01f.wav
f878a33ff428288d,song/f878a33ff428288d_1_f84c9f93ac7511ae.mp3,hum/f878a33ff428288d_1_26a771dbf206773b.wav
f878a33ff428288d,song/f878a33ff428288d_1_f84c9f93ac7511ae.mp3,hum/f878a33ff428288d_1_97fb71b2989050c5.wav
f878a33ff428288d,song/f878a33ff428288d_1_f84c9f93ac7511ae.mp3,hum/f878a33ff428288d_1_a992dab8707ec6f0.wav
f878a33ff428288d,song/f878a33ff428288d_1_f84c9f93ac7511ae.mp3,hum/f878a33ff428288d_1_7610b7546c5e93a9.wav
f878a33ff428288d,song/f878a33ff428288d_1_f84c9f93ac7511ae.mp3,hum/f878a33ff428288d_1_dd947588c4967490.wav
f878a33ff428288d,song/f878a33ff428288d_1_f84c9f93ac7511ae.mp3,hum/f878a33ff428288d_1_4c21c6daac7d7abc.wav
f9b4b692b088bce7,song/f9b4b692b088bce7_1_891c02a6265671e1.mp3,hum/f9b4b692b088bce7_1_1ff73d0e835cc3cb.wav
f9b4b692b088bce7,song/f9b4b692b088bce7_1_891c02a6265671e1.mp3,hum/f9b4b692b088bce7_1_86a9b5368694d08a.wav
f9b4b692b088bce7,song/f9b4b692b088bce7_1_891c02a6265671e1.mp3,hum/f9b4b692b088bce7_1_fbdf431a1229f397.wav
f9b4b692b088bce7,song/f9b4b692b088bce7_1_891c02a6265671e1.mp3,hum/f9b4b692b088bce7_1_d8fd60c26fb46ccf.wav
f9b4b692b088bce7,song/f9b4b692b088bce7_1_891c02a6265671e1.mp3,hum/f9b4b692b088bce7_1_a121d17e95fd6a32.wav
f9b4b692b088bce7,song/f9b4b692b088bce7_1_891c02a6265671e1.mp3,hum/f9b4b692b088bce7_1_a19f45f712d7f0aa.wav
f9b4b692b088bce7,song/f9b4b692b088bce7_1_891c02a6265671e1.mp3,hum/f9b4b692b088bce7_1_4e5a9d689d75da54.wav
f9b4b692b088bce7,song/f9b4b692b088bce7_1_891c02a6265671e1.mp3,hum/f9b4b692b088bce7_1_f63d2f2cb1dd53bf.wav
f9b4b692b088bce7,song/f9b4b692b088bce7_1_891c02a6265671e1.mp3,hum/f9b4b692b088bce7_1_f43af966b85f8718.wav
f9b4b692b088bce7,song/f9b4b692b088bce7_1_891c02a6265671e1.mp3,hum/f9b4b692b088bce7_1_c61eae678ed97965.wav
f9b4b692b088bce7,song/f9b4b692b088bce7_1_891c02a6265671e1.mp3,hum/f9b4b692b088bce7_1_88a57c8b9538d89e.wav
f9b4b692b088bce7,song/f9b4b692b088bce7_1_891c02a6265671e1.mp3,hum/f9b4b692b088bce7_1_825becde5d1d8e02.wav
f9b4b692b088bce7,song/f9b4b692b088bce7_1_891c02a6265671e1.mp3,hum/f9b4b692b088bce7_1_6feb549f509b771d.wav
f9b4b692b088bce7,song/f9b4b692b088bce7_2_4200e044776efd4f.mp3,hum/f9b4b692b088bce7_2_96b8f367ba4f6681.wav
f9b4b692b088bce7,song/f9b4b692b088bce7_2_4200e044776efd4f.mp3,hum/f9b4b692b088bce7_2_a5bdc27b105f8129.wav
f9b4b692b088bce7,song/f9b4b692b088bce7_2_4200e044776efd4f.mp3,hum/f9b4b692b088bce7_2_636643e898dfa89f.wav
f9b4b692b088bce7,song/f9b4b692b088bce7_2_4200e044776efd4f.mp3,hum/f9b4b692b088bce7_2_7c874b5df5aee7f9.wav
f9b4b692b088bce7,song/f9b4b692b088bce7_2_4200e044776efd4f.mp3,hum/f9b4b692b088bce7_2_5141872a4ee2e9d4.wav
f9b4b692b088bce7,song/f9b4b692b088bce7_2_4200e044776efd4f.mp3,hum/f9b4b692b088bce7_2_dd1f62d117a1e5dc.wav
f9b4b692b088bce7,song/f9b4b692b088bce7_2_4200e044776efd4f.mp3,hum/f9b4b692b088bce7_2_766002c4889869c1.wav
f9b4b692b088bce7,song/f9b4b692b088bce7_2_4200e044776efd4f.mp3,hum/f9b4b692b088bce7_2_ed9ec8cec6c2582c.wav
f9b4b692b088bce7,song/f9b4b692b088bce7_2_4200e044776efd4f.mp3,hum/f9b4b692b088bce7_2_b4e1a90d2b7497a6.wav
f9b4b692b088bce7,song/f9b4b692b088bce7_2_4200e044776efd4f.mp3,hum/f9b4b692b088bce7_2_047ae67c00634216.wav
f9b4b692b088bce7,song/f9b4b692b088bce7_2_4200e044776efd4f.mp3,hum/f9b4b692b088bce7_2_5aab53945de5dfce.wav
f9b4b692b088bce7,song/f9b4b692b088bce7_2_4200e044776efd4f.mp3,hum/f9b4b692b088bce7_2_1a631125e959507b.wav
f9b4b692b088bce7,song/f9b4b692b088bce7_2_4200e044776efd4f.mp3,hum/f9b4b692b088bce7_2_3871a1fda297db43.wav
f9b4b692b088bce7,song/f9b4b692b088bce7_2_4200e044776efd4f.mp3,hum/f9b4b692b088bce7_2_bc5bfbce7d546df9.wav
f9b4b692b088bce7,song/f9b4b692b088bce7_2_4200e044776efd4f.mp3,hum/f9b4b692b088bce7_2_b378902ec8907366.wav
f9b4b692b088bce7,song/f9b4b692b088bce7_2_4200e044776efd4f.mp3,hum/f9b4b692b088bce7_2_01c419f0f84fbadb.wav
f9b4b692b088bce7,song/f9b4b692b088bce7_2_4200e044776efd4f.mp3,hum/f9b4b692b088bce7_2_4b099af56ea80515.wav
fb4b4998dd51aa76,song/fb4b4998dd51aa76_1_13e0fb7a5985add1.mp3,hum/fb4b4998dd51aa76_1_4923fe088584716c.wav
fb4b4998dd51aa76,song/fb4b4998dd51aa76_1_13e0fb7a5985add1.mp3,hum/fb4b4998dd51aa76_1_c4639c803184b5a4.wav
fb4b4998dd51aa76,song/fb4b4998dd51aa76_1_13e0fb7a5985add1.mp3,hum/fb4b4998dd51aa76_1_a69b8b46243c1cb2.wav
fb4b4998dd51aa76,song/fb4b4998dd51aa76_1_13e0fb7a5985add1.mp3,hum/fb4b4998dd51aa76_1_04fea1683d5fcf48.wav
fb4b4998dd51aa76,song/fb4b4998dd51aa76_1_13e0fb7a5985add1.mp3,hum/fb4b4998dd51aa76_1_1b2182756c225789.wav
fb4b4998dd51aa76,song/fb4b4998dd51aa76_1_13e0fb7a5985add1.mp3,hum/fb4b4998dd51aa76_1_2071180baa7a7858.wav
fc2ad21b105b219e,song/fc2ad21b105b219e_1_76ac2b510242bc44.mp3,hum/fc2ad21b105b219e_1_3cf3d198a3e4c459.wav
fc2ad21b105b219e,song/fc2ad21b105b219e_1_76ac2b510242bc44.mp3,hum/fc2ad21b105b219e_1_0530e483c294cda8.wav
fc2ad21b105b219e,song/fc2ad21b105b219e_1_76ac2b510242bc44.mp3,hum/fc2ad21b105b219e_1_a28d34665ae70af5.wav
fc2ad21b105b219e,song/fc2ad21b105b219e_1_76ac2b510242bc44.mp3,hum/fc2ad21b105b219e_1_82adb4b71ebe64cd.wav
fc2ad21b105b219e,song/fc2ad21b105b219e_1_76ac2b510242bc44.mp3,hum/fc2ad21b105b219e_1_f2a3610601041e98.wav
fc2ad21b105b219e,song/fc2ad21b105b219e_2_f7d1561463bb6ad9.mp3,hum/fc2ad21b105b219e_2_5591f0f2f2feec0f.wav
fc2ad21b105b219e,song/fc2ad21b105b219e_2_f7d1561463bb6ad9.mp3,hum/fc2ad21b105b219e_2_1c05d6dd7d5fc594.wav
fc2ad21b105b219e,song/fc2ad21b105b219e_2_f7d1561463bb6ad9.mp3,hum/fc2ad21b105b219e_2_6effa6d3c165d458.wav
fc2ad21b105b219e,song/fc2ad21b105b219e_2_f7d1561463bb6ad9.mp3,hum/fc2ad21b105b219e_2_ca72ca67c3b56db9.wav
fc2ad21b105b219e,song/fc2ad21b105b219e_2_f7d1561463bb6ad9.mp3,hum/fc2ad21b105b219e_2_0df58a8083523c5a.wav
fced8844096a3270,song/fced8844096a3270_1_227bf495008752f2.mp3,hum/fced8844096a3270_1_6fedc5b02fb3b0dc.wav
fced8844096a3270,song/fced8844096a3270_1_227bf495008752f2.mp3,hum/fced8844096a3270_1_2f25925ad8c4d55f.wav
fced8844096a3270,song/fced8844096a3270_1_227bf495008752f2.mp3,hum/fced8844096a3270_1_9f3d68e6ef285350.wav
fced8844096a3270,song/fced8844096a3270_1_227bf495008752f2.mp3,hum/fced8844096a3270_1_6f12bc72a4e4814e.wav
fced8844096a3270,song/fced8844096a3270_1_227bf495008752f2.mp3,hum/fced8844096a3270_1_3ca8cd928530e3d2.wav
fced8844096a3270,song/fced8844096a3270_2_4b93d86521339166.mp3,hum/fced8844096a3270_2_abb107371eac34d0.wav
fced8844096a3270,song/fced8844096a3270_2_4b93d86521339166.mp3,hum/fced8844096a3270_2_8b943075122cec81.wav
fced8844096a3270,song/fced8844096a3270_2_4b93d86521339166.mp3,hum/fced8844096a3270_2_a2d06e085faeb491.wav
fced8844096a3270,song/fced8844096a3270_2_4b93d86521339166.mp3,hum/fced8844096a3270_2_abab363acd3375a9.wav
fced8844096a3270,song/fced8844096a3270_2_4b93d86521339166.mp3,hum/fced8844096a3270_2_aaf764d4dc18a742.wav
fced8844096a3270,song/fced8844096a3270_3_9e90a0fe52c649be.mp3,hum/fced8844096a3270_3_8385c40343f31b17.wav
fced8844096a3270,song/fced8844096a3270_3_9e90a0fe52c649be.mp3,hum/fced8844096a3270_3_5c1fd691220449bc.wav
fced8844096a3270,song/fced8844096a3270_3_9e90a0fe52c649be.mp3,hum/fced8844096a3270_3_c52afe52038b4cd1.wav
fced8844096a3270,song/fced8844096a3270_3_9e90a0fe52c649be.mp3,hum/fced8844096a3270_3_93914c546bbbb1ec.wav
fced8844096a3270,song/fced8844096a3270_3_9e90a0fe52c649be.mp3,hum/fced8844096a3270_3_1b26bfb74baf3132.wav
fd6fb796d5e38595,song/fd6fb796d5e38595_1_ce1771de43a6bf63.mp3,hum/fd6fb796d5e38595_1_0c3220877273a128.wav
fd6fb796d5e38595,song/fd6fb796d5e38595_1_ce1771de43a6bf63.mp3,hum/fd6fb796d5e38595_1_1b6c1012e285f1b1.wav
fd6fb796d5e38595,song/fd6fb796d5e38595_1_ce1771de43a6bf63.mp3,hum/fd6fb796d5e38595_1_36c8d9ab9e20a150.wav
fd6fb796d5e38595,song/fd6fb796d5e38595_1_ce1771de43a6bf63.mp3,hum/fd6fb796d5e38595_1_059a5b451fd46213.wav
fd6fb796d5e38595,song/fd6fb796d5e38595_1_ce1771de43a6bf63.mp3,hum/fd6fb796d5e38595_1_39a4bc502b3ec48f.wav
fd6fb796d5e38595,song/fd6fb796d5e38595_1_ce1771de43a6bf63.mp3,hum/fd6fb796d5e38595_1_3590df106ea485ff.wav
fd6fb796d5e38595,song/fd6fb796d5e38595_1_ce1771de43a6bf63.mp3,hum/fd6fb796d5e38595_1_0f88a6510e99019c.wav
fd6fb796d5e38595,song/fd6fb796d5e38595_1_ce1771de43a6bf63.mp3,hum/fd6fb796d5e38595_1_709db454c5106343.wav
fd6fb796d5e38595,song/fd6fb796d5e38595_1_ce1771de43a6bf63.mp3,hum/fd6fb796d5e38595_1_7a98f7fb98db3af5.wav
fd6fb796d5e38595,song/fd6fb796d5e38595_1_ce1771de43a6bf63.mp3,hum/fd6fb796d5e38595_1_91095ba3927a92dc.wav
fd6fb796d5e38595,song/fd6fb796d5e38595_1_ce1771de43a6bf63.mp3,hum/fd6fb796d5e38595_1_1dabc92c1ca11859.wav
fd6fb796d5e38595,song/fd6fb796d5e38595_1_ce1771de43a6bf63.mp3,hum/fd6fb796d5e38595_1_24a300af26aefff4.wav
fd6fb796d5e38595,song/fd6fb796d5e38595_1_ce1771de43a6bf63.mp3,hum/fd6fb796d5e38595_1_e6d6a7371e1ace2b.wav
fd6fb796d5e38595,song/fd6fb796d5e38595_1_ce1771de43a6bf63.mp3,hum/fd6fb796d5e38595_1_876b0caaa00435ae.wav
fd6fb796d5e38595,song/fd6fb796d5e38595_1_ce1771de43a6bf63.mp3,hum/fd6fb796d5e38595_1_6db3280a81e7a5a8.wav
fd6fb796d5e38595,song/fd6fb796d5e38595_1_ce1771de43a6bf63.mp3,hum/fd6fb796d5e38595_1_d73d8768d79d679c.wav
fd6fb796d5e38595,song/fd6fb796d5e38595_1_ce1771de43a6bf63.mp3,hum/fd6fb796d5e38595_1_fdbd51c9012609f5.wav
fd6fb796d5e38595,song/fd6fb796d5e38595_1_ce1771de43a6bf63.mp3,hum/fd6fb796d5e38595_1_f1c5a6438ad18b18.wav
fd6fb796d5e38595,song/fd6fb796d5e38595_2_b69605aca5939f5d.mp3,hum/fd6fb796d5e38595_2_fe9e46eb12cc4cf6.wav
fd6fb796d5e38595,song/fd6fb796d5e38595_2_b69605aca5939f5d.mp3,hum/fd6fb796d5e38595_2_259a73697a790b35.wav
fd6fb796d5e38595,song/fd6fb796d5e38595_2_b69605aca5939f5d.mp3,hum/fd6fb796d5e38595_2_785805f684761d37.wav
fd6fb796d5e38595,song/fd6fb796d5e38595_2_b69605aca5939f5d.mp3,hum/fd6fb796d5e38595_2_15667fe2b33245c3.wav
fd6fb796d5e38595,song/fd6fb796d5e38595_2_b69605aca5939f5d.mp3,hum/fd6fb796d5e38595_2_aab6af54e663bba5.wav
fd6fb796d5e38595,song/fd6fb796d5e38595_2_b69605aca5939f5d.mp3,hum/fd6fb796d5e38595_2_de3f1953aa3f97f4.wav
fd6fb796d5e38595,song/fd6fb796d5e38595_2_b69605aca5939f5d.mp3,hum/fd6fb796d5e38595_2_04bcc5f24298af3c.wav
fd6fb796d5e38595,song/fd6fb796d5e38595_2_b69605aca5939f5d.mp3,hum/fd6fb796d5e38595_2_301e513eb11a0778.wav
fd6fb796d5e38595,song/fd6fb796d5e38595_2_b69605aca5939f5d.mp3,hum/fd6fb796d5e38595_2_3d84850a9a61e392.wav
fd6fb796d5e38595,song/fd6fb796d5e38595_2_b69605aca5939f5d.mp3,hum/fd6fb796d5e38595_2_ee134dd6bdcef788.wav
fd6fb796d5e38595,song/fd6fb796d5e38595_2_b69605aca5939f5d.mp3,hum/fd6fb796d5e38595_2_5b94d652b55d5013.wav
fd6fb796d5e38595,song/fd6fb796d5e38595_2_b69605aca5939f5d.mp3,hum/fd6fb796d5e38595_2_23f0b434ecaec45d.wav
fd6fb796d5e38595,song/fd6fb796d5e38595_2_b69605aca5939f5d.mp3,hum/fd6fb796d5e38595_2_8f9819720cfcd634.wav
fd6fb796d5e38595,song/fd6fb796d5e38595_2_b69605aca5939f5d.mp3,hum/fd6fb796d5e38595_2_6896a6a27b440ed3.wav
fd6fb796d5e38595,song/fd6fb796d5e38595_2_b69605aca5939f5d.mp3,hum/fd6fb796d5e38595_2_afa4de3c0f66af09.wav
fd6fb796d5e38595,song/fd6fb796d5e38595_2_b69605aca5939f5d.mp3,hum/fd6fb796d5e38595_2_681517b8a84e0bfa.wav
fd6fb796d5e38595,song/fd6fb796d5e38595_3_183510221803d6e6.mp3,hum/fd6fb796d5e38595_3_4a2d0e2e99509213.wav
fd6fb796d5e38595,song/fd6fb796d5e38595_3_183510221803d6e6.mp3,hum/fd6fb796d5e38595_3_f19851cc3e91aff0.wav
fd6fb796d5e38595,song/fd6fb796d5e38595_3_183510221803d6e6.mp3,hum/fd6fb796d5e38595_3_3ae3e9c419b9f200.wav
fd6fb796d5e38595,song/fd6fb796d5e38595_3_183510221803d6e6.mp3,hum/fd6fb796d5e38595_3_f4a31a92288571d5.wav
fd6fb796d5e38595,song/fd6fb796d5e38595_3_183510221803d6e6.mp3,hum/fd6fb796d5e38595_3_f8800cc9962d55d7.wav
fd6fb796d5e38595,song/fd6fb796d5e38595_3_183510221803d6e6.mp3,hum/fd6fb796d5e38595_3_1dfe7603b29b0508.wav
fd6fb796d5e38595,song/fd6fb796d5e38595_3_183510221803d6e6.mp3,hum/fd6fb796d5e38595_3_866cc6f2d2492f34.wav
fd6fb796d5e38595,song/fd6fb796d5e38595_3_183510221803d6e6.mp3,hum/fd6fb796d5e38595_3_64ba51c6e956fbb1.wav
fd6fb796d5e38595,song/fd6fb796d5e38595_3_183510221803d6e6.mp3,hum/fd6fb796d5e38595_3_535da00264ff1f6a.wav
fd6fb796d5e38595,song/fd6fb796d5e38595_3_183510221803d6e6.mp3,hum/fd6fb796d5e38595_3_b708942eb4272a3d.wav
fd6fb796d5e38595,song/fd6fb796d5e38595_3_183510221803d6e6.mp3,hum/fd6fb796d5e38595_3_9a4400ae5a22be46.wav
fd6fb796d5e38595,song/fd6fb796d5e38595_3_183510221803d6e6.mp3,hum/fd6fb796d5e38595_3_eedddb4de935a790.wav
fd6fb796d5e38595,song/fd6fb796d5e38595_3_183510221803d6e6.mp3,hum/fd6fb796d5e38595_3_c4aa239c67f6e761.wav
fd6fb796d5e38595,song/fd6fb796d5e38595_3_183510221803d6e6.mp3,hum/fd6fb796d5e38595_3_d428245200034613.wav
fd6fb796d5e38595,song/fd6fb796d5e38595_3_183510221803d6e6.mp3,hum/fd6fb796d5e38595_3_064dfc80298289e3.wav
fd6fb796d5e38595,song/fd6fb796d5e38595_3_183510221803d6e6.mp3,hum/fd6fb796d5e38595_3_620a64638d514fc2.wav
fd7aa18fdda2bc7a,song/fd7aa18fdda2bc7a_1_10044ba697518813.mp3,hum/fd7aa18fdda2bc7a_1_fb27c4539d0761e0.wav
fd7aa18fdda2bc7a,song/fd7aa18fdda2bc7a_1_10044ba697518813.mp3,hum/fd7aa18fdda2bc7a_1_d1ddc80e2b56f94d.wav
fd7aa18fdda2bc7a,song/fd7aa18fdda2bc7a_1_10044ba697518813.mp3,hum/fd7aa18fdda2bc7a_1_8c8357ad462a8397.wav
fd7aa18fdda2bc7a,song/fd7aa18fdda2bc7a_1_10044ba697518813.mp3,hum/fd7aa18fdda2bc7a_1_318ed8a1685d2505.wav
fd7aa18fdda2bc7a,song/fd7aa18fdda2bc7a_2_d35cb89b5d816fde.mp3,hum/fd7aa18fdda2bc7a_2_85e271f6b2803dbb.wav
fd7aa18fdda2bc7a,song/fd7aa18fdda2bc7a_2_d35cb89b5d816fde.mp3,hum/fd7aa18fdda2bc7a_2_ffa123f80f6fa040.wav
fd7aa18fdda2bc7a,song/fd7aa18fdda2bc7a_2_d35cb89b5d816fde.mp3,hum/fd7aa18fdda2bc7a_2_5c8012414f9453bf.wav
fd7aa18fdda2bc7a,song/fd7aa18fdda2bc7a_2_d35cb89b5d816fde.mp3,hum/fd7aa18fdda2bc7a_2_0e35e87265cb6a18.wav
fd7aa18fdda2bc7a,song/fd7aa18fdda2bc7a_2_d35cb89b5d816fde.mp3,hum/fd7aa18fdda2bc7a_2_f0292f11110d0165.wav
fe484327ceeee479,song/fe484327ceeee479_1_66ff6a0d2f8eb956.mp3,hum/fe484327ceeee479_1_113be3b90c4e2497.wav
fe484327ceeee479,song/fe484327ceeee479_1_66ff6a0d2f8eb956.mp3,hum/fe484327ceeee479_1_cebc7d05873e8553.wav
fe484327ceeee479,song/fe484327ceeee479_1_66ff6a0d2f8eb956.mp3,hum/fe484327ceeee479_1_320bd5fd2d1a768c.wav
fe484327ceeee479,song/fe484327ceeee479_1_66ff6a0d2f8eb956.mp3,hum/fe484327ceeee479_1_cb8fd15851aad758.wav
fe484327ceeee479,song/fe484327ceeee479_1_66ff6a0d2f8eb956.mp3,hum/fe484327ceeee479_1_dee3b3a18d1a14eb.wav
fe484327ceeee479,song/fe484327ceeee479_2_541dc91dc9a98f25.mp3,hum/fe484327ceeee479_2_78f31b0ae9a97f4e.wav
fe484327ceeee479,song/fe484327ceeee479_2_541dc91dc9a98f25.mp3,hum/fe484327ceeee479_2_9a0afc94df563720.wav
fe484327ceeee479,song/fe484327ceeee479_2_541dc91dc9a98f25.mp3,hum/fe484327ceeee479_2_3912a2082ec30515.wav
fe484327ceeee479,song/fe484327ceeee479_2_541dc91dc9a98f25.mp3,hum/fe484327ceeee479_2_391cbff3cf045508.wav
fe484327ceeee479,song/fe484327ceeee479_2_541dc91dc9a98f25.mp3,hum/fe484327ceeee479_2_5274fdcf71bb9b27.wav
ff48dd1eefc23d0c,song/ff48dd1eefc23d0c_1_c68a0c66af3e37fe.mp3,hum/ff48dd1eefc23d0c_1_fac681223bf55830.wav
ff48dd1eefc23d0c,song/ff48dd1eefc23d0c_1_c68a0c66af3e37fe.mp3,hum/ff48dd1eefc23d0c_1_7a73c0293b283d9f.wav
ff48dd1eefc23d0c,song/ff48dd1eefc23d0c_1_c68a0c66af3e37fe.mp3,hum/ff48dd1eefc23d0c_1_3f64e4c8cca3650d.wav
ff48dd1eefc23d0c,song/ff48dd1eefc23d0c_1_c68a0c66af3e37fe.mp3,hum/ff48dd1eefc23d0c_1_d195a1faacd35b9f.wav
ff48dd1eefc23d0c,song/ff48dd1eefc23d0c_1_c68a0c66af3e37fe.mp3,hum/ff48dd1eefc23d0c_1_d4745bc6de82832d.wav
ff48dd1eefc23d0c,song/ff48dd1eefc23d0c_2_21175fb137870b03.mp3,hum/ff48dd1eefc23d0c_2_bf8e98cd5dfc7bc4.wav
ff48dd1eefc23d0c,song/ff48dd1eefc23d0c_2_21175fb137870b03.mp3,hum/ff48dd1eefc23d0c_2_659905658e9ad5a6.wav
ff48dd1eefc23d0c,song/ff48dd1eefc23d0c_2_21175fb137870b03.mp3,hum/ff48dd1eefc23d0c_2_d5af149adc02602f.wav
ff48dd1eefc23d0c,song/ff48dd1eefc23d0c_2_21175fb137870b03.mp3,hum/ff48dd1eefc23d0c_2_3c9119c868a763ff.wav
ff48dd1eefc23d0c,song/ff48dd1eefc23d0c_2_21175fb137870b03.mp3,hum/ff48dd1eefc23d0c_2_18b571aada8af4ce.wav
ff48dd1eefc23d0c,song/ff48dd1eefc23d0c_3_194ad6172ae3f036.mp3,hum/ff48dd1eefc23d0c_3_2c868ca767574e15.wav
ff48dd1eefc23d0c,song/ff48dd1eefc23d0c_3_194ad6172ae3f036.mp3,hum/ff48dd1eefc23d0c_3_bd086d6519e78c56.wav
ff48dd1eefc23d0c,song/ff48dd1eefc23d0c_3_194ad6172ae3f036.mp3,hum/ff48dd1eefc23d0c_3_864106e814658056.wav
ff48dd1eefc23d0c,song/ff48dd1eefc23d0c_3_194ad6172ae3f036.mp3,hum/ff48dd1eefc23d0c_3_cfc509ac63357c70.wav
ff48dd1eefc23d0c,song/ff48dd1eefc23d0c_3_194ad6172ae3f036.mp3,hum/ff48dd1eefc23d0c_3_f1affc3907f54cbf.wav
ff48dd1eefc23d0c,song/ff48dd1eefc23d0c_4_444c08f437540dd7.mp3,hum/ff48dd1eefc23d0c_4_8bb5853adad4e7d7.wav
ff48dd1eefc23d0c,song/ff48dd1eefc23d0c_4_444c08f437540dd7.mp3,hum/ff48dd1eefc23d0c_4_3fd9faaae3e4ae67.wav
ff48dd1eefc23d0c,song/ff48dd1eefc23d0c_4_444c08f437540dd7.mp3,hum/ff48dd1eefc23d0c_4_b7649cdc1bb89a40.wav
ff48dd1eefc23d0c,song/ff48dd1eefc23d0c_4_444c08f437540dd7.mp3,hum/ff48dd1eefc23d0c_4_57eb4cfd9c3f5cb7.wav
ff48dd1eefc23d0c,song/ff48dd1eefc23d0c_4_444c08f437540dd7.mp3,hum/ff48dd1eefc23d0c_4_a726bf96ad5a437a.wav
ff7db058f67df1c1,song/ff7db058f67df1c1_1_418aeef859e2c39a.mp3,hum/ff7db058f67df1c1_1_e975c2787ad44acf.wav
ff7db058f67df1c1,song/ff7db058f67df1c1_1_418aeef859e2c39a.mp3,hum/ff7db058f67df1c1_1_f6132bd94edd873d.wav
ff7db058f67df1c1,song/ff7db058f67df1c1_1_418aeef859e2c39a.mp3,hum/ff7db058f67df1c1_1_003b421552e5ff70.wav
ff7db058f67df1c1,song/ff7db058f67df1c1_1_418aeef859e2c39a.mp3,hum/ff7db058f67df1c1_1_d9df402d469ce170.wav
ff7db058f67df1c1,song/ff7db058f67df1c1_1_418aeef859e2c39a.mp3,hum/ff7db058f67df1c1_1_e0ac329a4aa803e8.wav
ffad5d0b1291e86b,song/ffad5d0b1291e86b_1_3d4cc5aa0f7ba038.mp3,hum/ffad5d0b1291e86b_1_9432bfd3e0c5024e.wav
ffad5d0b1291e86b,song/ffad5d0b1291e86b_1_3d4cc5aa0f7ba038.mp3,hum/ffad5d0b1291e86b_1_620d35754556cc39.wav
ffad5d0b1291e86b,song/ffad5d0b1291e86b_1_3d4cc5aa0f7ba038.mp3,hum/ffad5d0b1291e86b_1_880407737b56fc3e.wav
ffad5d0b1291e86b,song/ffad5d0b1291e86b_1_3d4cc5aa0f7ba038.mp3,hum/ffad5d0b1291e86b_1_06d41772c101720e.wav
ffad5d0b1291e86b,song/ffad5d0b1291e86b_1_3d4cc5aa0f7ba038.mp3,hum/ffad5d0b1291e86b_1_3de989cd3bc97f9b.wav
ffad5d0b1291e86b,song/ffad5d0b1291e86b_2_a01bf9688bd37946.mp3,hum/ffad5d0b1291e86b_2_792b0a120c2d8ecf.wav
ffad5d0b1291e86b,song/ffad5d0b1291e86b_2_a01bf9688bd37946.mp3,hum/ffad5d0b1291e86b_2_1f873c66055b2817.wav
ffad5d0b1291e86b,song/ffad5d0b1291e86b_2_a01bf9688bd37946.mp3,hum/ffad5d0b1291e86b_2_12519f91f13fb0e2.wav
ffad5d0b1291e86b,song/ffad5d0b1291e86b_2_a01bf9688bd37946.mp3,hum/ffad5d0b1291e86b_2_47e3bd57edb045ad.wav
ffad5d0b1291e86b,song/ffad5d0b1291e86b_2_a01bf9688bd37946.mp3,hum/ffad5d0b1291e86b_2_3289725bb9609da7.wav
